cv,mean,std,min,max,iqr,entropy,spear_energy,spear_cage,spear_trpcage_like
c_heavy_s2_r04.5_b6,0.01546413685695909,0.0038535931650091767,0.0036083753220736,0.0286005772650241,0.005109888035803999,0.8504587238798867,-0.27611716676734105,0.37572254307257846,
c_heavy_s2_r06_b6,0.06173222748719949,0.014223598428139887,0.0188061650842428,0.109957680106163,0.018667988479137504,0.8533211755293337,-0.2689073826159437,0.4289309656312665,
c_heavy_s2_r08_b3,0.16704582613015975,0.03545264291618676,0.071856290102005,0.2886752486228943,0.04772538691759115,0.8670729220495745,-0.23897592030976583,0.49149606054062656,
c_heavy_s2_r08_b6,0.1660492337206889,0.035286782159907375,0.0714589282870292,0.2874382734298706,0.04746747761964795,0.8670698310071298,-0.23955756650313367,0.4882305586188834,
c_heavy_s2_r010_b3,0.2989011179487759,0.06359549833125239,0.1317699998617172,0.5000735521316528,0.08790825307369232,0.884481236838979,-0.21537085696435035,0.5334591539287784,
c_heavy_s2_r012_b1.5,0.4338644651844729,0.0934319183406562,0.1958387047052383,0.7029645442962646,0.13405026495456696,0.9028206712078897,-0.193267910999859,0.5567434635229017,
c_heavy_s2_r012_b3,0.43526358978440743,0.09426980055443501,0.1959489732980728,0.7110735774040222,0.1348809152841568,0.9012441268950564,-0.1936300675154913,0.555900006506111,
c_heavy_s2_r06_b1.5,0.0700301696106614,0.015426505624746165,0.0257569029927253,0.1227273643016815,0.0203487537801266,0.8579939227950175,-0.26095348317449,0.45665872244630074,
c_heavy_s2_r06_b3,0.06339131269418698,0.014397705566415286,0.0206588432192802,0.1123178899288177,0.018988797441124902,0.8554826227112725,-0.2666684698745891,0.4360897028608819,
c_heavy_s2_r08_b1.5,0.1709276868429749,0.03616162110025677,0.0739330649375915,0.2934229671955108,0.048839882016181946,0.869251128110374,-0.23667686923807568,0.5020578804553572,
c_heavy_s2_r010_b1.5,0.2995518595058576,0.06362793680839357,0.1329450458288192,0.5001257658004761,0.08831028640270228,0.8854612778245741,-0.2135973359731736,0.5373844738312888,
c_heavy_s2_r010_b6,0.2987548268946823,0.06360062069146448,0.1314045339822769,0.4997172653675079,0.08805131912231445,0.8843887259444304,-0.21590760908331993,0.5323041916255717,
c_heavy_s2_r012_b6,0.4356356773867415,0.09449990402109915,0.195983350276947,0.7136569619178772,0.13519644737243652,0.9004942742365849,-0.1937803793856968,0.5556534790345371,
c_heavy_s2_r014_b3,0.5611462908304523,0.12109433494150823,0.2592712342739105,0.8645715117454529,0.17988625168800354,0.9258793073547719,-0.1776570751112711,0.5618067688503893,
c_bb_s2_r04.5_b6,0.03119529384366467,0.00784745139272945,0.0090348627418279,0.0695979446172714,0.010132452473044402,0.790216195274538,-0.29470187257293523,0.25023372010848677,
c_bb_s2_r06_b6,0.09935319592216424,0.024351395757790627,0.0343889445066452,0.2186811119318008,0.031073540449142442,0.795667647904876,-0.24312819238985894,0.3027252038432375,
c_bb_s2_r08_b3,0.2310025359674992,0.05176136152771633,0.094804860651493,0.4338981211185455,0.06848843395709991,0.8436890579192698,-0.20398706142281522,0.38785782861324725,
c_bb_s2_r08_b6,0.2304709622443142,0.051787636355120036,0.0943478792905807,0.435332179069519,0.06848142296075826,0.8419461883663106,-0.20387009632389563,0.3830987916077944,
c_bb_s2_r010_b3,0.37753930298258814,0.0859869089706733,0.1562999337911605,0.6563630700111389,0.11928799748420715,0.881786605967376,-0.1785554746236842,0.4540138998055868,
c_bb_s2_r012_b1.5,0.5126086263758266,0.11682340821806941,0.2164382934570312,0.8542126417160034,0.16298341751098638,0.9003453295335176,-0.1675432320673905,0.4972883355591787,
c_bb_s2_r012_b3,0.5150405171102761,0.11881607834235276,0.2165769785642624,0.867124080657959,0.16541984677314758,0.9001688074615992,-0.16666374824163635,0.49573008740382646,
c_bb_s2_r06_b1.5,0.10753586691767114,0.024771726681642323,0.0401651859283447,0.2234244048595428,0.03162560611963269,0.8040993115974955,-0.23974150642287453,0.33630951784612534,
c_bb_s2_r06_b3,0.10099349102809678,0.02424016448473379,0.0358516499400138,0.2189720124006271,0.03093411028385165,0.7965303249667459,-0.24315964289566375,0.3104994383549188,
c_bb_s2_r08_b1.5,0.23332877676327288,0.051867743341594975,0.0954439789056778,0.430106908082962,0.06850296258926394,0.8487847477064872,-0.2040566386525096,0.40323549001927095,
c_bb_s2_r010_b1.5,0.3763395347388156,0.08497799124968451,0.1562202125787735,0.645186185836792,0.11756113171577454,0.8851530025045108,-0.18007491659364783,0.4603580086676583,
c_bb_s2_r010_b6,0.37791796421236373,0.08631143398474415,0.1564849913120269,0.6605786085128784,0.11949771642684937,0.8806567335742185,-0.177935734696575,0.4521435932091155,
c_bb_s2_r012_b6,0.5156548242189947,0.11936356220916099,0.2161441892385482,0.8697308897972107,0.165925070643425,0.900483867560129,-0.1664716672334214,0.4952462299647701,
c_bb_s2_r014_b3,0.6345119822346165,0.14210400871429346,0.2740916609764099,0.9795712232589722,0.20624998211860657,0.9284613917186679,-0.15880152157771393,0.5123156003608904,
c_sch_s2_r04.5_b6,0.007081702595711842,0.003954919224470585,3.7462091313500415e-06,0.028143061324954,0.0052719758823514,0.7948384444646304,-0.15812738211156774,0.3282197862328559,
c_sch_s2_r06_b6,0.03630769031295446,0.013239113473788084,0.002044009277597,0.1022690162062645,0.0176355745643377,0.7912168531281096,-0.19616271348592682,0.4036859443761151,
c_sch_s2_r08_b3,0.116525421073971,0.029395399322006095,0.038695752620697,0.2461423724889755,0.03931362181901929,0.8161508223623909,-0.21283136846394424,0.4768173958344262,
c_sch_s2_r08_b6,0.11516176857114548,0.029353088346379813,0.0373538099229335,0.2438351958990097,0.03929962962865831,0.8174942544620931,-0.21087522872366235,0.4716442466937651,
c_sch_s2_r010_b3,0.23380692127942035,0.05145417173543191,0.1044738441705703,0.440811276435852,0.06995472311973577,0.8443170741994462,-0.22581474451380643,0.5239416838850349,
c_sch_s2_r012_b1.5,0.3709924805648143,0.07740871694313586,0.1769621223211288,0.6339160799980164,0.10953769087791443,0.8786343328081778,-0.2170445778185935,0.5637115445870807,
c_sch_s2_r012_b3,0.37148806710791454,0.07805690665494741,0.1732573807239532,0.6394797563552856,0.10979901254177094,0.8750640340963107,-0.21912951396292674,0.560038701166545,
c_sch_s2_r06_b1.5,0.04385875853863705,0.013588931971378499,0.0081638377159833,0.1084323227405548,0.01816627383232114,0.8006752224284636,-0.20502554128433886,0.4414368128146712,
c_sch_s2_r06_b3,0.037851569378248504,0.013221360951168845,0.0033942302688956,0.1030091941356659,0.01761688850820065,0.7927484312634883,-0.1976779151878452,0.41405761840539795,
c_sch_s2_r08_b1.5,0.12176622942265504,0.029749976179700384,0.0448272190988063,0.2528051435947418,0.0398775078356266,0.8200915368153697,-0.21812791793461453,0.4920342969380399,
c_sch_s2_r010_b1.5,0.23658809270981973,0.05159194259659225,0.1071971431374549,0.4416847229003906,0.07044517993927005,0.8474048075650913,-0.22551670963419898,0.5330021101749579,
c_sch_s2_r010_b6,0.2330847561465943,0.05145317614111717,0.1036938428878784,0.4396831691265106,0.06980855017900467,0.8444377677333358,-0.22591764563965716,0.5210310220718076,
c_sch_s2_r012_b6,0.37166895351002815,0.07827198104122313,0.1722628623247146,0.6430210471153259,0.11015470325946808,0.8727977609422799,-0.22003918475974032,0.5587787579276138,
c_sch_s2_r014_b3,0.5054321344054694,0.10312946181573872,0.257067322731018,0.8180564641952515,0.15062224864959722,0.9033801070160501,-0.19932025834261735,0.5787429412212552,
c_sca_s2_r04.5_b6,0.010772471871304114,0.004344249576540028,0.0004740676668006,0.0321117863059043,0.005931369960308099,0.8021669085252005,-0.18721055681789467,0.37372682162186205,
c_sca_s2_r06_b6,0.03898712736101556,0.012457569069623508,0.0057084877043962,0.0961944162845611,0.01694274507462975,0.8054587348880681,-0.2083025698660723,0.4232090521436179,
c_sca_s2_r08_b3,0.11447536818046267,0.028501742075787623,0.0416210480034351,0.2398010492324829,0.038403514772653594,0.8215386581297626,-0.21985679722393042,0.48019807343497917,
c_sca_s2_r08_b6,0.11306172611992658,0.028339257930383183,0.0404679514467716,0.2378134429454803,0.038266550749540384,0.8208194889766384,-0.21903498365759375,0.4770491824571451,
c_sca_s2_r010_b3,0.2271844876859419,0.05108918136823769,0.1014624536037445,0.4257748126983642,0.07040601968765253,0.8527521588579743,-0.22034478142406022,0.5148276980815862,
c_sca_s2_r012_b1.5,0.35965305048200363,0.07781361642844528,0.173842117190361,0.6202996373176575,0.11313128471374512,0.8864833215527984,-0.2084651382577065,0.544336007790561,
c_sca_s2_r012_b3,0.3599193640896956,0.07818898903478279,0.171639084815979,0.624923586845398,0.11318343877792358,0.8829113981661176,-0.20990705199096907,0.5413746140281201,
c_sca_s2_r06_b1.5,0.04587685008184795,0.013243533275503889,0.010761278681457,0.1065577417612075,0.018087670207023544,0.8072492101471711,-0.2147558355250303,0.4484947037489274,
c_sca_s2_r06_b3,0.040398593976327515,0.012582980577995242,0.0067970603704452,0.0983407124876976,0.017187500372529058,0.8051737259350894,-0.20980743080555067,0.429427855120675,
c_sca_s2_r08_b1.5,0.11972654031574151,0.02916226102004537,0.0464605093002319,0.245387464761734,0.039577189832925755,0.8279322415688289,-0.22156796252311078,0.49012042502036846,
c_sca_s2_r010_b1.5,0.22991877368193747,0.05141444486284616,0.1041576638817787,0.4261027872562408,0.07114777714014056,0.8571841428113423,-0.21952892236944618,0.5209988065036757,
c_sca_s2_r010_b6,0.22647851901548968,0.05101352814329555,0.1008818000555038,0.4259294271469116,0.07017747312784195,0.8513147594736228,-0.2204272404066414,0.5128711661982601,
c_sca_s2_r012_b6,0.3600290461821632,0.07831062595666152,0.1708419471979141,0.6261534690856934,0.11318287253379827,0.8818705805892114,-0.21035620574831496,0.5403898023594763,
c_sca_s2_r014_b3,0.4905393081340689,0.10472994124398347,0.2492636144161224,0.7897884845733643,0.15913866460323334,0.9186769416794691,-0.1934303255902194,0.5576443504338875,
c_ca_s2_r04.5_b6,0.0023912427652643645,0.0033028994377619324,1.649933210501331e-06,0.0256626084446907,0.0033443179127061497,0.51306028276717,-0.15896397967219023,0.21782593043627704,
c_ca_s2_r06_b6,0.08534940015146647,0.02786851270432512,0.0073254238814115,0.186460480093956,0.03667247667908671,0.8523618157809216,-0.2437118373397834,0.310077571087037,
c_ca_s2_r08_b3,0.22326465233127948,0.048471274446890825,0.1029043570160865,0.3957536518573761,0.06496407091617584,0.8698512448510598,-0.20083508927621666,0.387623855685773,
c_ca_s2_r08_b6,0.22172009054151898,0.04841124124420908,0.1050817444920539,0.3990786373615265,0.06505273282527924,0.8675646089350756,-0.19779137901010987,0.3792914547556425,
c_ca_s2_r010_b3,0.37053833089533095,0.08239802664749234,0.1542714238166809,0.6144788265228271,0.11553040146827698,0.8940632505746039,-0.1806399098249644,0.45826927562515307,
c_ca_s2_r012_b1.5,0.5054242685335365,0.11390547624260924,0.2152273803949356,0.8348878622055054,0.15842846035957336,0.9013455652202991,-0.16761688886370701,0.49800984663484876,
c_ca_s2_r012_b3,0.5073382219184324,0.11633885956135513,0.2118928730487823,0.8557085394859314,0.16133995354175568,0.8967493407440936,-0.1666115260958607,0.4961842288854346,
c_ca_s2_r06_b1.5,0.09158210730725165,0.02359214812064067,0.0289131384342908,0.1882127076387405,0.03039278835058211,0.8341376162518165,-0.23444367675885844,0.34854850901762924,
c_ca_s2_r06_b3,0.08488415479472022,0.025429427785941868,0.014330580830574,0.1849245280027389,0.033239308744668905,0.8386044203055874,-0.24030730808170428,0.32035993423550985,
c_ca_s2_r08_b1.5,0.22553825742134148,0.04908065418882906,0.0979120656847953,0.3926722705364227,0.06532162427902222,0.8725823721511062,-0.20426144170363128,0.4076985793924273,
c_ca_s2_r010_b1.5,0.3683061349932146,0.08159272918375803,0.1548740565776825,0.6156542301177979,0.11471402645111078,0.8904930576158377,-0.18177120352153606,0.46387506670727624,
c_ca_s2_r010_b6,0.3719598713930492,0.08272467972220786,0.153640478849411,0.6153090596199036,0.11658017337322235,0.8953791048879853,-0.17931826576128765,0.45627909217230783,
c_ca_s2_r012_b6,0.507581247732587,0.11731144517256649,0.2093662470579147,0.8666167855262756,0.1623230278491974,0.893169678518809,-0.1663308768491939,0.49548320794919565,
c_ca_s2_r014_b3,0.628657130109137,0.13903403807435832,0.2841005027294159,0.973566234111786,0.20210659503936768,0.9291511603971512,-0.158076428288927,0.5112225037414454,
c_heavy_s3_r04.5_b6,0.007870410037292734,0.0036554631838748887,7.005260371784061e-09,0.023060655221343,0.0049084820784628495,0.8523670996771936,-0.29211452643470004,0.37132804512133577,
c_heavy_s3_r06_b6,0.03466286971377173,0.014660817752201244,4.827149678021669e-05,0.0902834236621856,0.0193987051025033,0.8636465704486982,-0.2606763508475697,0.4231599783810788,
c_heavy_s3_r08_b3,0.11192201310391725,0.03963496102816732,0.0075485557317733,0.2479798048734665,0.05386873707175252,0.8697509964223081,-0.23268949555286605,0.4858986529083614,
c_heavy_s3_r08_b6,0.11034672668106961,0.03945005674323149,0.006712335627526,0.2458596229553222,0.053407464176416355,0.8697800638115455,-0.23301095440407926,0.48250887398370557,
c_heavy_s3_r010_b3,0.23135016406772202,0.07191685814370796,0.0390681326389312,0.4570848047733307,0.09963583201169965,0.8831871752311623,-0.2123936749263643,0.5310493262155168,
c_heavy_s3_r012_b1.5,0.37082556986010373,0.10519617470562641,0.10077565908432,0.6729634404182434,0.1506027728319168,0.9020039011303016,-0.1924742020632897,0.5566723908514708,
c_heavy_s3_r012_b3,0.37117327615068785,0.106152091325028,0.0996367484331131,0.6808833479881287,0.1515260934829712,0.9002576941457545,-0.1928734824852146,0.5558988698216812,
c_bb_s3_r04.5_b6,0.01043915563811226,0.006076918966684227,1.0932387439765991e-08,0.0514425858855247,0.00770529080182315,0.7329313139988908,-0.2850257148524724,0.23850399177015652,
c_bb_s3_r06_b6,0.04466277521450258,0.022121262386162344,8.14070735941641e-05,0.167348101735115,0.02898256294429305,0.7856408564884285,-0.23606707894276588,0.2955134639111098,
c_bb_s3_r08_b3,0.15128541108038288,0.05539976953529068,0.0145337786525487,0.3729114532470703,0.07391757890582085,0.8467962215537935,-0.2023616570732523,0.38653647757379533,
c_bb_s3_r08_b6,0.1495473654903514,0.05539676405713014,0.0132837500423192,0.3735526502132416,0.07386267557740217,0.8456131347007133,-0.20245857407794507,0.3815556808672399,
c_bb_s3_r010_b3,0.3047947083426448,0.09589007433441984,0.0592804215848445,0.6159547567367554,0.13307844102382663,0.8823883491205718,-0.17853195543360437,0.45396155291676843,
c_bb_s3_r012_b1.5,0.4553812770269895,0.13053524618348297,0.1246374025940895,0.8371054530143738,0.1821097582578659,0.9003873236601595,-0.16752994028778712,0.4972891289624752,
c_bb_s3_r012_b3,0.4579886160152478,0.13279337396641688,0.1244260743260383,0.8514916896820068,0.1848791241645813,0.9001719465586964,-0.16666418231741467,0.49573094605131757,
c_sch_s3_r04.5_b6,0.006118005240737164,0.0042823686046653256,0.0,0.0304685309529304,0.005714888800866898,0.7701785197353329,-0.16967502040146307,0.3617805261664553,
c_sch_s3_r06_b6,0.028608597787460752,0.01512458368239087,1.1989440551474218e-09,0.1079303249716758,0.020341016352176645,0.8029828137579443,-0.21594512613465128,0.4196463912922873,
c_sch_s3_r08_b3,0.08383617310103482,0.035488591447021496,0.0004734925169032,0.2267856895923614,0.0476922206580639,0.8515800250663779,-0.23116990647380523,0.4768762414863022,
c_sch_s3_r08_b6,0.0827181664604256,0.03542460944761292,0.0001569701416883,0.2267853021621704,0.047618132084608106,0.8505027095162159,-0.23070079086485384,0.47252343393370316,
c_sch_s3_r010_b3,0.1715855562364017,0.061411684708643936,0.0111415600404143,0.3911073803901672,0.08237800002098086,0.8633432995200557,-0.2282002385472406,0.5280945826301331,
c_sch_s3_r012_b1.5,0.2997395062574126,0.08985667776729003,0.0681738927960395,0.5953981876373291,0.12633465975523,0.8811506385500584,-0.2162308449922727,0.5683578409709857,
c_sch_s3_r012_b3,0.2978089608423605,0.09058761136890407,0.0612389966845512,0.5982763171195984,0.12692855298519143,0.8781312132019332,-0.21798170189726754,0.5654092294698048,
c_sca_s3_r04.5_b6,0.008636285392312839,0.0047853883627979816,9.262011713140339e-10,0.0305497944355011,0.006464792182669,0.836193707889755,-0.19697944158477024,0.3958171274559119,
c_sca_s3_r06_b6,0.02997289312506224,0.014304652858254727,7.155708317441167e-06,0.1018872931599617,0.01942555140703915,0.8100089894961549,-0.22481821126157878,0.43529371559913094,
c_sca_s3_r08_b3,0.08359374183325521,0.033770654669778966,0.0018984121270477,0.2342555373907089,0.04529108107089995,0.8268199079320804,-0.229821363182769,0.48414188502531286,
c_sca_s3_r08_b6,0.08243658418095463,0.03360577691810592,0.0014532411005347,0.2327931523323059,0.0450303163379431,0.8263243249098106,-0.22988761400635468,0.4811442585996728,
c_sca_s3_r010_b3,0.16990770389876325,0.059696233456913966,0.0164458733052015,0.3937008082866668,0.08164168149232864,0.8564345382368262,-0.220880918450964,0.5228409075229653,
c_sca_s3_r012_b1.5,0.2929409536667307,0.08939077525418675,0.0737351849675178,0.5792843103408813,0.12968176603317266,0.8916733339221856,-0.20774249704055378,0.5507700752624336,
c_sca_s3_r012_b3,0.29105061188382486,0.08981762059928779,0.0687813460826873,0.5824923515319824,0.12958508729934692,0.8880788516972123,-0.20912621074590484,0.5485349461074273,
c_ca_s3_r04.5_b6,0.002354167949646908,0.0035760672408355547,0.0,0.0283648576587438,0.003340088449476696,0.47919338423360736,-0.17767330479808666,0.22661006845988851,
c_ca_s3_r06_b6,0.03646269323038087,0.0214471612194946,3.8957284620444455e-10,0.14736407995224,0.02815852500498295,0.8056329496918737,-0.24048672273432492,0.3067130174939772,
c_ca_s3_r08_b3,0.13331144910048986,0.053906087256012786,0.0006618036422878,0.325895756483078,0.07267595827579501,0.8700393010791717,-0.20017751743703385,0.38648900088389554,
c_ca_s3_r08_b6,0.13024570075430905,0.054090667416148215,1.361673912469996e-05,0.3284367024898529,0.07273274660110468,0.8676440561062,-0.19772321662230788,0.37913432336770814,
c_ca_s3_r010_b3,0.29648775479580725,0.09209114054390774,0.0547826290130615,0.5691242814064026,0.12912079691886905,0.894073741517996,-0.18063966827674593,0.45826712533924857,
c_ca_s3_r012_b1.5,0.4472628448876456,0.1273030186342093,0.1229445040225982,0.8154782056808472,0.17706525325775146,0.9013660327171833,-0.16761445992113255,0.4980070219793633,
c_ca_s3_r012_b3,0.4493780203344581,0.13002578205787196,0.1191744059324264,0.8387330770492554,0.1803211122751236,0.8967493407440936,-0.16661161704709215,0.4961842302278268,
c_heavy_s4_r04.5_b6,0.0041910905720133704,0.002961426641765927,0.0,0.0212890673428773,0.004112783819437,0.76479807022411,-0.2200388321564256,0.38637269301277016,
c_heavy_s4_r06_b6,0.021217398849229668,0.012853527769265101,6.76642006314232e-11,0.0729355886578559,0.0182913481257856,0.8665618934495806,-0.20460177763130155,0.42477278402861246,
c_heavy_s4_r08_b3,0.07828977870296898,0.03830430108044693,4.8464320570928976e-05,0.2131147235631942,0.055127933621406555,0.8909751104493405,-0.2008148437996591,0.48019491138168846,
c_heavy_s4_r08_b6,0.07672372628793535,0.037943973681950315,1.0136627679457888e-05,0.2105147540569305,0.05463005416095254,0.8916302618633232,-0.2007205196179458,0.4763480974184319,
c_heavy_s4_r010_b3,0.17821965289227554,0.07564884523704951,0.003002141835168,0.419280469417572,0.108859196305275,0.8982500040364702,-0.19405484400417974,0.5254829281495924,
c_heavy_s4_r012_b1.5,0.3118159615322783,0.11621585097183257,0.0268842503428459,0.6433979272842407,0.1686880737543106,0.9098433553617534,-0.18397466804830415,0.5525868533502467,
c_heavy_s4_r012_b3,0.31060577142247703,0.11742032422900983,0.0231950357556343,0.650842547416687,0.1699882671236992,0.9079834279008894,-0.18433826098710737,0.5514558089194307,
c_heavy_s4_r06_b1.5,0.02731098443462627,0.01494693575441097,2.47535172093194e-05,0.084857203066349,0.0214184876531363,0.8774163241983807,-0.20553920271629136,0.45035144515335046,
c_heavy_s4_r06_b3,0.02245526254294049,0.013270051129266878,1.4151592608868668e-07,0.0752565935254097,0.018899788148701253,0.8697489792370323,-0.2050897412494942,0.43065581266445246,
c_heavy_s4_r08_b1.5,0.08425405052137928,0.039697497612929164,0.0004574484482873,0.2223131358623504,0.057058051228523296,0.8914182682465406,-0.20074222549296933,0.4925516216312233,
c_heavy_s4_r010_b1.5,0.18261345792699835,0.0758863751014042,0.0053917975164949,0.4229166507720947,0.1093202456831932,0.898510089928923,-0.19337602319851802,0.530239386585234,
c_heavy_s4_r010_b6,0.17707769153891817,0.0756103124974253,0.0024166752118617,0.4177611768245697,0.10868863388895991,0.8989310152529324,-0.1942638175238504,0.5241402464194173,
c_heavy_s4_r012_b6,0.31032215775229643,0.11775868664682022,0.0220364108681678,0.6535070538520813,0.1706859022378922,0.9071261274082287,-0.18446498338338183,0.551123579628454,
c_heavy_s4_r014_b3,0.45176807038651295,0.15298867941958302,0.0708223208785057,0.835724413394928,0.22825726866722107,0.9254721736049745,-0.17466961608348014,0.5603512419778686,
c_bb_s4_r04.5_b6,0.003919242844473341,0.004452808671554663,0.0,0.0394043065607547,0.0049691679887474,0.5695410824792257,-0.20479988082933698,0.2346718331323691,
c_bb_s4_r06_b6,0.022932295864196595,0.018299987240411854,0.0,0.1322006583213806,0.023835780564695545,0.7380637988398348,-0.1889789642005661,0.28712348014448186,
c_bb_s4_r08_b3,0.09912304528664542,0.05323865517065257,2.3094607968232594e-05,0.3181771636009216,0.07562149129807946,0.8615668731892672,-0.1862667041926467,0.3755192264250265,
c_bb_s4_r08_b6,0.09693035732459714,0.05301402284488179,1.1920928955078125e-07,0.317889928817749,0.07516915537416935,0.8587565194252476,-0.18610131551382775,0.3692678035581038,
c_bb_s4_r010_b3,0.23334763857024188,0.10189610252290267,0.0039258119650185,0.5699328780174255,0.14466310292482376,0.8948969706815642,-0.17622328941515783,0.4513930938052018,
c_bb_s4_r012_b1.5,0.39075556927619204,0.14511932034122652,0.0345960780978202,0.8175783157348633,0.2033900767564773,0.9045329670587062,-0.16730174492450456,0.49717561896177703,
c_bb_s4_r012_b3,0.3920910518352836,0.14811582952036495,0.0302663557231426,0.8330104947090149,0.2073774933815003,0.9035928652309474,-0.1667035480344265,0.49554393277362035,
c_bb_s4_r06_b1.5,0.03174057076361755,0.02075448049100362,2.910503644670825e-05,0.1420942544937133,0.0278702462092042,0.7934978455077604,-0.19146529897155645,0.3280580666837654,
c_bb_s4_r06_b3,0.024737042031048668,0.01877298325566169,5.8111790934844976e-08,0.1338442414999008,0.024604035075753906,0.7533731221985498,-0.18997581485160264,0.29664819127993414,
c_bb_s4_r08_b1.5,0.10717439913961678,0.05425290396633051,0.0005603043828159,0.321101576089859,0.07738437503576279,0.8695552870663857,-0.18644996509168235,0.3953352907865934,
c_bb_s4_r010_b1.5,0.2366835328231529,0.1005509288046288,0.007059627212584,0.5637308359146118,0.14218913018703463,0.8955408270719067,-0.17684362526608838,0.458595750846324,
c_bb_s4_r010_b6,0.23252653154402939,0.10235744706301736,0.0030440115369856,0.5745123624801636,0.14539251476526266,0.8930914511055813,-0.17599037709263002,0.4492677903101244,
c_bb_s4_r012_b6,0.39249540828857754,0.14895625440191232,0.0285363141447305,0.8362089991569519,0.20811735093593597,0.9036793299099759,-0.16655844397885833,0.49505376156938646,
c_bb_s4_r014_b3,0.5404937099334431,0.17863734904732748,0.0879310593008995,0.9743139743804932,0.2593375891447067,0.9286176336493185,-0.15881214714101743,0.5123181791541298,
c_sch_s4_r04.5_b6,0.004508533473489771,0.0042137302916758585,0.0,0.0307458657771348,0.005561907310038801,0.694873894922818,-0.13835966639185474,0.37909028670150574,
c_sch_s4_r06_b6,0.020030089722832923,0.014464766558941427,0.0,0.0904636457562446,0.01985666994005445,0.8079018268488035,-0.15493380988809147,0.4327860813889133,
c_sch_s4_r08_b3,0.06036043274066547,0.03365683529827939,1.8892300204242929e-06,0.2076892703771591,0.04652691259980195,0.8473692205767159,-0.17565394120933459,0.4919826204401079,
c_sch_s4_r08_b6,0.059247926580576885,0.03345838674134223,3.145600890874789e-09,0.2077118158340454,0.04607843048870561,0.8444890715654549,-0.17413325450898437,0.4876815602330807,
c_sch_s4_r010_b3,0.13200427462659362,0.062054075637434335,0.0004945828113704,0.3823911845684051,0.0866942815482617,0.8593442970062677,-0.18962399140476935,0.5377742285661423,
c_sch_s4_r012_b1.5,0.2442294334397997,0.09790327478303477,0.0156526342034339,0.5585867762565613,0.14150500297546395,0.8975692129496619,-0.19365439673807425,0.5703496166982148,
c_sch_s4_r012_b3,0.24114772070921123,0.09844308911547177,0.0106118191033601,0.5604192018508911,0.14149802923202515,0.8954455417198809,-0.19446289972769554,0.5678264964908349,
c_sch_s4_r06_b1.5,0.023648704446098803,0.015224738225062233,5.721686193282949e-06,0.0986945852637291,0.0211452594958246,0.8148795301677205,-0.16521569331392846,0.4615666975654042,
c_sch_s4_r06_b3,0.020722522990468124,0.014541769979474931,4.907137363119318e-09,0.0928839892148971,0.020068233367055648,0.8059323757620162,-0.15766382380657323,0.44028829369673794,
c_sch_s4_r08_b1.5,0.06472733003735427,0.034556568129592125,0.0001131807875935,0.2120421379804611,0.0478502213954925,0.8534017915111203,-0.1798301441604096,0.5051485163160242,
c_sch_s4_r010_b1.5,0.13706245278328477,0.06271405736410675,0.0018498615827411,0.3783111870288849,0.08785256370902064,0.8683109999269295,-0.19070595535819285,0.5444969193101724,
c_sch_s4_r010_b6,0.13066567496760786,0.0619059148620747,0.0002823348622769,0.385313868522644,0.08604834228754044,0.8560632597982833,-0.18927809542307664,0.5356355372669813,
c_sch_s4_r012_b6,0.24036909422060002,0.09863711936405861,0.0088824992999434,0.5623162984848022,0.14161422103643417,0.8937270802280525,-0.19492646785161666,0.5669501359800405,
c_sch_s4_r014_b3,0.3731029732179258,0.13387345699419945,0.0587052777409553,0.7694112658500671,0.19963496923446655,0.9101738509034125,-0.18897695298620376,0.5813967819056016,
c_sca_s4_r04.5_b6,0.00605075329610673,0.004657434958227719,0.0,0.0287486035376787,0.006367254885844899,0.7986662159518344,-0.15151834341687268,0.4190475378570742,
c_sca_s4_r06_b6,0.021212180888090962,0.013968776529384538,2.8020235437464788e-11,0.0823187679052352,0.0192602500319481,0.843020840504284,-0.16008510618047644,0.45242794659067115,
c_sca_s4_r08_b3,0.062403761547887515,0.0335312986035024,3.660029324237257e-05,0.2021349817514419,0.0471245553344488,0.8582567780018934,-0.17445064605209945,0.49660338275358673,
c_sca_s4_r08_b6,0.06129085680952263,0.03327899489192583,3.221466840841458e-06,0.2005387544631958,0.046940399333834655,0.85772600821989,-0.17333702032361972,0.4937289662181636,
c_sca_s4_r010_b3,0.13451723459496132,0.06215619886127879,0.0019893061835318,0.3630917072296142,0.08826539665460592,0.8774785821627553,-0.18593964689041245,0.5299432439806558,
c_sca_s4_r012_b1.5,0.24414984584395197,0.09765909906394797,0.0194583572447299,0.5563979744911194,0.14506693184375757,0.8983346217887858,-0.1893220320685283,0.5525966114454364,
c_sca_s4_r012_b3,0.24119604691168214,0.09801546524042326,0.0154006630182266,0.5579303503036499,0.1447235122323036,0.8964395569772323,-0.19008372321222197,0.5505777014404528,
c_sca_s4_r06_b1.5,0.025014683285685235,0.015143962427202617,1.7716609363560565e-05,0.0909084528684616,0.0210273335687816,0.8487510251725398,-0.16691858844799481,0.4721869036474855,
c_sca_s4_r06_b3,0.021959642592835726,0.014178771614951291,9.817730273198323e-08,0.0840696915984153,0.0195677513256669,0.8438163208991377,-0.1618030209954888,0.4571080269498933,
c_sca_s4_r08_b1.5,0.06672239810525507,0.03456057047463416,0.000325084751239,0.2075529992580413,0.0487965140491724,0.8618068970933394,-0.17781476406446348,0.5059592803072731,
c_sca_s4_r010_b1.5,0.1392031015030982,0.0628607557834488,0.0035641617141664,0.3652301430702209,0.08999975398182869,0.8810234613357636,-0.1866930321322641,0.5344316786241339,
c_sca_s4_r010_b6,0.13327203584573383,0.061968910676593325,0.0015302600804716,0.3631470203399658,0.08774175867438319,0.8758413655809264,-0.18567429325056012,0.5285522031998903,
c_sca_s4_r012_b6,0.2404293191499069,0.09813222968684976,0.0142097286880016,0.558188259601593,0.14477241039276123,0.8962384522319878,-0.19033380937514438,0.5499029492274722,
c_sca_s4_r014_b3,0.36963586822181904,0.1333930251176197,0.0588135346770286,0.7432407140731812,0.2031383365392685,0.9193449427246163,-0.18540545113485302,0.5611748120981017,
c_ca_s4_r04.5_b6,0.0021451575235263954,0.003779542963865302,0.0,0.027057196944952,0.0028226869591207867,0.44344215677934207,-0.13404367936026368,0.25468921974707887,
c_ca_s4_r06_b6,0.01962569963804425,0.01843978060160752,0.0,0.12587471306324,0.024617080111056552,0.7177089641505369,-0.15582218982921292,0.2945740502041722,
c_ca_s4_r08_b3,0.08748819039972543,0.0501011761079021,9.882975859909493e-08,0.2803062498569488,0.0722364988178015,0.8769850630470334,-0.1750357976190535,0.37286674483578175,
c_ca_s4_r08_b6,0.08496883617817215,0.049989125962466845,0.0,0.2806783318519592,0.07161510735750194,0.8720595642563304,-0.1717497945847333,0.3643001932577825,
c_ca_s4_r010_b3,0.21961636762944817,0.09829327475411742,3.934585765819065e-05,0.5179632306098938,0.14167464524507523,0.9113051617310904,-0.1790635855528409,0.4531690110681774,
c_ca_s4_r012_b1.5,0.37964369379310636,0.14257220684887384,0.0207279082387685,0.7927974462509155,0.19940006732940674,0.9031919455498084,-0.1674723561112878,0.4978285154970645,
c_ca_s4_r012_b3,0.3806458146417782,0.1462089021654745,0.0098472945392131,0.8185790777206421,0.2027079463005066,0.8968002107928092,-0.16662558996046112,0.49614763874129897,
c_ca_s4_r06_b1.5,0.027413174205636378,0.019743780115115985,3.690886160256923e-06,0.124916948378086,0.0272036823444068,0.8029594895821175,-0.16860287539642763,0.3342642877881143,
c_ca_s4_r06_b3,0.02115927600207911,0.01838862507152242,8.765388970211062e-10,0.1212131008505821,0.024849958019331053,0.7472958968526855,-0.16074747279992385,0.3048390792314958,
c_ca_s4_r08_b1.5,0.09641063689349012,0.05128119732961267,7.405942596960813e-05,0.283832311630249,0.07411127164959908,0.8871431728627149,-0.17972349443357732,0.3959827737498598,
c_ca_s4_r010_b1.5,0.22336143111032256,0.09713455843980273,0.0014515611110255,0.5250870585441589,0.13915879279375076,0.9036538471457245,-0.17874833513235278,0.46071711417502764,
c_ca_s4_r010_b6,0.21886022712940584,0.09881779747881095,7.494407583408248e-08,0.5179454684257507,0.14258430898189545,0.9132700247860887,-0.17805457485386092,0.4501289449803862,
c_ca_s4_r012_b6,0.38085752636581605,0.14750025075123904,0.0059082815423607,0.8322902917861938,0.20409716665744776,0.8931762016692454,-0.16633046221767886,0.4954827205188042,
c_ca_s4_r014_b3,0.5330911901272343,0.17481467690281072,0.0998636484146118,0.966763436794281,0.25411874055862427,0.9291511603971512,-0.15807625025878624,0.5112226194850703,
cresb_heavy_s4_r012_b1.5,0.3365224620481856,0.12077725657803631,0.0272712064245655,0.6648229881859005,0.1706843073043246,0.9097214978520105,-0.1726336943399106,0.5063956460772614,
cresb_heavy_s4_r012_b3,0.3358474145511459,0.12242125335602984,0.0233556937714029,0.6731339771912626,0.17319518988986526,0.9081112280175163,-0.17245652988508048,0.5048523611883522,
cresb_heavy_s4_r04.5_b6,0.004868966412885088,0.003593988476064662,0.0,0.0266402228804984,0.00495567076386165,0.7456676645653344,-0.20823158290079732,0.3344638127704955,
cresb_heavy_s4_r08_b1.5,0.09364784282174445,0.04397640401440594,0.0004160311785294,0.232821499234659,0.06329001771488715,0.9088919319225653,-0.18510342261041396,0.43653776479713224,
cresb_heavy_s4_r08_b3,0.08732649607259942,0.042756774279987225,3.3805010865879776e-05,0.2235947368571629,0.061290487875185,0.9105252671069977,-0.18458202099519183,0.42417543575980254,
cresb_heavy_s4_r08_b6,0.08565657390206746,0.042441583847214984,6.171287131188969e-06,0.2206702474192196,0.0606722830666047,0.9117881239403157,-0.184351504259248,0.4203888533273266,
cresb_heavy_s4_r010_b1.5,0.2002472178734366,0.08155191187649147,0.0052198332150085,0.4420688544548602,0.11652199121176865,0.9058527136547992,-0.17902277904146094,0.4783096292979442,
cresb_heavy_s4_r010_b3,0.19603402406120665,0.08177670783858948,0.0027332623180752,0.439167607800122,0.11707206599003506,0.9071098134005295,-0.17884932747924379,0.47299569105307643,
cresb_heavy_s4_r010_b6,0.19494046971680468,0.08187329481971094,0.0020937198370946,0.4375376470307822,0.11695993403772564,0.9078973527291043,-0.1788530331190509,0.4715175997140998,
cresb_heavy_s4_r012_b6,0.33570804298476264,0.12288604270623231,0.0221353381881144,0.6762597658962188,0.17404221880235204,0.9074383035214822,-0.1724341803221418,0.5044033926279617,
cresb_bb_s4_r012_b1.5,0.3907555697066768,0.1451193202331145,0.0345960796454592,0.8175783080925398,0.2033900673131403,0.9045329670587062,-0.16730177656253645,0.4971756289465048,
cresb_bb_s4_r012_b3,0.3920910520656892,0.14811582916163024,0.0302663560518447,0.833010450402713,0.207377462682095,0.9035928652309474,-0.1667036142215095,0.495543975604808,
cresb_bb_s4_r04.5_b6,0.003919242860663576,0.004452808683775489,0.0,0.0394043083549203,0.0049691682489698494,0.5695410824792257,-0.20479988082933698,0.2346718331323691,
cresb_bb_s4_r08_b1.5,0.10717439923056989,0.0542529039686406,0.0005603044102077,0.3211015659959658,0.07738438385593538,0.8695552870663857,-0.18644997559365292,0.39533526673819563,
cresb_bb_s4_r08_b3,0.09912304560336208,0.05323865533595045,2.309460850322948e-05,0.3181771914036396,0.07562149703667008,0.8615668731892672,-0.18626680522981073,0.375519159115716,
cresb_bb_s4_r08_b6,0.09693035768686294,0.053014023122981466,1.1920928955078125e-07,0.3178899606881553,0.07516915523036219,0.8587565194252476,-0.18610134598063924,0.3692678213835277,
cresb_bb_s4_r010_b1.5,0.23668353324473837,0.10055092894680968,0.0070596269523615,0.5637308434747598,0.14218911597751738,0.8955408270719067,-0.17684359495526217,0.4585957585413975,
cresb_bb_s4_r010_b3,0.23334763886277524,0.1018961025770127,0.0039258121978491,0.5699328846462509,0.1446631180588156,0.8948969706815642,-0.17622328451192557,0.4513930439360867,
cresb_bb_s4_r010_b6,0.23252653181979094,0.10235744713374607,0.003044011468506,0.5745123776552432,0.1453925053835572,0.8930914511055813,-0.1759903694823168,0.44926783011846305,
cresb_bb_s4_r012_b6,0.3924954082589263,0.14895625420681535,0.0285363138023325,0.8362090081414756,0.20811734377296964,0.9036793299099759,-0.1665584364534915,0.4950537707773055,
cresb_sch_s4_r012_b1.5,0.26432484939007406,0.10164568679434052,0.01484931974875,0.5635439435936629,0.1464928300613297,0.9057241263353093,-0.16991320991021502,0.5049176115532081,
cresb_sch_s4_r012_b3,0.26172154663254865,0.10245102753577934,0.009827788124428,0.5644281163755538,0.14672714837719125,0.9053029640660373,-0.17045203131442538,0.5020868655778135,
cresb_sch_s4_r04.5_b6,0.005274403306298368,0.0048332439329648565,0.0,0.0316180968337287,0.006732620668225851,0.7334592027974645,-0.1247528115909676,0.3231842635648013,
cresb_sch_s4_r08_b1.5,0.07133091965344704,0.03617490417167555,0.0001004282841439,0.2066198584628263,0.05151736645172239,0.8811691947494116,-0.15575961778614977,0.44213277236041887,
cresb_sch_s4_r08_b3,0.06649202815602118,0.035158938603234345,1.565062724494659e-06,0.2003685730997892,0.050134629831261546,0.8792479152225612,-0.15163469962147547,0.43100983019378974,
cresb_sch_s4_r08_b6,0.06523097488747255,0.034928265665827046,2.192438164830724e-09,0.1980347023133641,0.04959338990080295,0.8792978385927739,-0.15001961987183912,0.4274692671317582,
cresb_sch_s4_r010_b1.5,0.15044227478436156,0.06583665610404721,0.0016658782914486,0.3713033951802219,0.09402934057421236,0.8932338640853029,-0.1653968930201182,0.4763520815974724,
cresb_sch_s4_r010_b3,0.14539303252048455,0.06531681957703495,0.0004089031596061,0.3658133935730404,0.09316984599704659,0.8937026405141332,-0.1637355671071781,0.46899435642185816,
cresb_sch_s4_r010_b6,0.1440478613371728,0.06521781943442476,0.0002345987198271,0.3640792302649629,0.09313280491060705,0.8941090855270388,-0.16325867073080727,0.4666951292470239,
cresb_sch_s4_r012_b6,0.26107589013457183,0.10272973915293959,0.0080989134646217,0.5663169044175516,0.14642767952287716,0.9041549385850297,-0.1707828944124901,0.5009604367662143,
cresb_sca_s4_r012_b1.5,0.2623006285432417,0.0996149108151844,0.0200090922203691,0.5559666913566561,0.14475608808635296,0.9072248855861994,-0.16826743349686096,0.5061938747164632,
cresb_sca_s4_r012_b3,0.25968314798677683,0.10019524467935219,0.0159550205142612,0.5581338906923065,0.1442534316595867,0.9057161099017442,-0.16847953418725267,0.5038947764836452,
cresb_sca_s4_r04.5_b6,0.006854805141285898,0.00524697415377724,0.0,0.0351258745411403,0.007375917430927199,0.7724118762159844,-0.13572741579451866,0.35571547796077196,
cresb_sca_s4_r08_b1.5,0.07292167574478982,0.0358095430068878,0.0003265263745756,0.2068021691419466,0.0505372830482544,0.8797123585696276,-0.15724914452130345,0.449329599286273,
cresb_sca_s4_r08_b3,0.06823591365312172,0.03474403844168207,2.562879936187949e-05,0.2002938809527385,0.04911629506471645,0.8775544839101966,-0.1542348058159981,0.4395719801014546,
cresb_sca_s4_r08_b6,0.06700987894953238,0.03447642258282405,1.8362227676764545e-06,0.1983282609130037,0.048734869431570654,0.8777358410748333,-0.15320240808841185,0.4366564552564624,
cresb_sca_s4_r010_b1.5,0.15134341615365268,0.06487898561524426,0.0036538620967237,0.3696351887369807,0.09234935354361826,0.8917783025124539,-0.1646734757409796,0.4814166174319335,
cresb_sca_s4_r010_b3,0.14665573389798475,0.06431699380925422,0.0018856101176808,0.3658327434499255,0.09161641334107226,0.8902082393776757,-0.1635453530833421,0.4758205327102087,
cresb_sca_s4_r010_b6,0.14541276332132216,0.0641714352479083,0.0013535404267861,0.3646547686928559,0.0915112880597819,0.8899793301379447,-0.16325952530659923,0.4741254001462224,
cresb_sca_s4_r012_b6,0.2590067268109803,0.10037732461365499,0.0146913206572807,0.5588759134339182,0.14444105570198779,0.9050327181791766,-0.16856123528726255,0.5031416109302153,
cresb_ca_s4_r012_b1.5,0.3796436943477285,0.1425722068014054,0.0207279063761234,0.7927974591798642,0.19940006360411644,0.9031919455498084,-0.16747230365397503,0.49782844114960195,
cresb_ca_s4_r012_b3,0.3806458147643575,0.14620890196181346,0.0098472947583479,0.8185790185542667,0.2027079368777135,0.8968002107928092,-0.16662560019691347,0.4961475935135231,
cresb_ca_s4_r04.5_b6,0.0021451575343925285,0.003779542983656708,0.0,0.0270571978214909,0.002822686972863499,0.44344215677934207,-0.13404367936026368,0.25468921974707887,
cresb_ca_s4_r08_b1.5,0.09641063706211431,0.051281197414816064,7.405942853759316e-05,0.2838323210530421,0.07411127537488935,0.8871431728627149,-0.17972351817828913,0.3959827250316356,
cresb_ca_s4_r08_b3,0.08748819066509059,0.0501011762585165,9.88297602709602e-08,0.2803062722086906,0.0722365000230425,0.8769850630470334,-0.175035814543371,0.372866754737565,
cresb_ca_s4_r08_b6,0.08496883646438651,0.04998912608188048,0.0,0.280678329660612,0.0716151075766367,0.8720595642563304,-0.1717497608573897,0.36430026372277013,
cresb_ca_s4_r010_b1.5,0.223361431268956,0.09713455821084223,0.0014515611178734,0.5250870903186938,0.13915878008393678,0.9036538471457245,-0.17874828279745295,0.46071706122724493,
cresb_ca_s4_r010_b3,0.21961636818932087,0.09829327495766038,3.934585872818442e-05,0.5179632599739468,0.14167463757535986,0.9113051617310904,-0.17906360201685612,0.4531689828914623,
cresb_ca_s4_r010_b6,0.21886022762996288,0.0988177975776837,7.494407541611615e-08,0.5179454362129464,0.14258429583381205,0.9132700247860887,-0.1780545441252076,0.45012889153320207,
cresb_ca_s4_r012_b6,0.3808575263793578,0.14750025033469416,0.0059082814875771,0.83229025124627,0.20409713236286364,0.8931762016692454,-0.16633050173036285,0.49548269915651266,
crat_heavy_s4_n6m10_r08,0.1795531050999772,0.06150719939179194,0.0261744391173124,0.3595148026943207,0.08813719451427462,0.90230583341748,-0.19155476402517016,0.5453759828529912,
crat_heavy_s4_n6m12_r08,0.11910813644797862,0.04772143348870648,0.0083514777943491,0.2726684510707855,0.06889040395617482,0.8963050310543375,-0.1969878190350653,0.5283770233792503,
crat_heavy_s4_n8m14_r08,0.1302634175965154,0.052348219532988585,0.0087013645097613,0.2981681823730469,0.07559917867183681,0.8969511759640955,-0.19653900853616377,0.5283541821445942,
crat_heavy_s4_n6m10_r010,0.29890393728889536,0.09179894614892724,0.0583502501249313,0.5390495657920837,0.13283770531415945,0.9110265512664912,-0.18371604063590816,0.555420933679674,
crat_heavy_s4_n6m12_r010,0.2250567501432972,0.08024877258543492,0.0268624853342771,0.4559261500835418,0.1159842014312745,0.9068704031120346,-0.18868525908037836,0.5486580826656606,
crat_heavy_s4_n8m14_r010,0.2461345900171701,0.08776059496675018,0.0289928577840328,0.4967113733291626,0.12699393928050995,0.9078841522123409,-0.18774971180737443,0.5496297593898951,
crat_bb_s4_n6m10_r08,0.21621105121864798,0.07487793169944494,0.0301810298115015,0.4388109147548675,0.10488887131214147,0.8999030475521461,-0.18162981945088147,0.47772346531107723,
crat_bb_s4_n6m12_r08,0.14802766750499974,0.06094641443910732,0.0099974870681762,0.3529529571533203,0.08581686392426488,0.8896779257207139,-0.1856858773040249,0.4495032278513473,
crat_bb_s4_n8m14_r08,0.16260887226950554,0.06715636093641263,0.0104392217472195,0.3843092024326324,0.09483646973967558,0.8933851548344287,-0.1847266429833838,0.4499329701925064,
crat_bb_s4_n6m10_r010,0.3525318089402972,0.10756461972298285,0.0667959377169609,0.6420828700065613,0.15050731599330908,0.9041390029892007,-0.17312722365677774,0.4984245898421697,
crat_bb_s4_n6m12_r010,0.2755819358054602,0.09842511208717301,0.031830009073019,0.5653781890869141,0.13821452856063848,0.9024342924129204,-0.17668701955183308,0.4861982059028016,
crat_bb_s4_n8m14_r010,0.3021842786454149,0.10783777399871651,0.0344821512699127,0.6185237765312195,0.1517080739140511,0.9025325604064659,-0.17502513139299497,0.4883887192301855,
crat_ca_s4_n6m10_r08,0.20702735605561423,0.07260438832054471,0.027482645586133,0.4183008968830108,0.10317797213792806,0.9033955429935165,-0.1792940694222735,0.47996863638559545,
crat_ca_s4_n6m12_r08,0.13878484794903503,0.058571876274721095,0.0079732406884431,0.3256080448627472,0.0837021134793759,0.9012752469681402,-0.18190903463599237,0.4522281301162256,
crat_ca_s4_n8m14_r08,0.15245332969202782,0.0645155450030326,0.0081886928528547,0.3546608090400696,0.09224703535437584,0.9045345406332862,-0.18170242302689638,0.4524123848370794,
crat_ca_s4_n6m10_r010,0.3429155489233011,0.10525099510706322,0.0626558735966682,0.6209643483161926,0.14741107821464539,0.9061034879287806,-0.17236417242819582,0.49982513142057206,
crat_ca_s4_n6m12_r010,0.2649339728130629,0.0957533900242076,0.0273514129221439,0.5407460331916809,0.13593037426471716,0.9053222399646313,-0.17607453306455093,0.48780054074378115,
crat_ca_s4_n8m14_r010,0.29101941709582635,0.10503288350353965,0.0292080882936716,0.5919246673583984,0.14914087951183325,0.9056270387602191,-0.1749026153432718,0.4898463868087914,
cage_w6_p12,0.06972468375640864,0.24035098614622882,0.0,0.9999833538476944,2.9221860756156737e-07,0.1604625957084179,-0.10945876594725466,0.8013927663387893,
cage_w6_p12_mindist,12.252916078382952,3.8729055836647754,3.249171296319989,23.159172177741137,5.030702277122325,0.9167506226632076,0.11107273806222943,-0.8048831139852786,
cage_w6_p17,0.02477933765454132,0.14623948055115416,0.0,0.9999758637291178,6.096401161670428e-12,0.07169281381300924,-0.09904082367160351,0.6651175473920001,
cage_w6_p17_mindist,16.92953082372067,6.229392940627285,3.342057325887953,37.26547114552547,8.470873815468323,0.8990084570601298,0.1245769421147122,-0.7462053822837272,
cage_w6_p18,0.02678477290686719,0.15162913226403066,0.0,0.999972889137816,1.9401424911080767e-12,0.07543830519952704,-0.0762866682017156,0.6537798422394488,
cage_w6_p18_mindist,17.53707281095809,6.749438906391187,3.37111275486126,40.87753402110104,9.066880545811646,0.8895568010982383,0.10671935903915597,-0.7278734912173102,
cage_w6_p19,0.027370975130329198,0.15473738525209138,0.0,0.9999767001868176,6.325495682801829e-13,0.07232015032168901,-0.070037870958319,0.6068532976236657,
cage_w6_p19_mindist,17.971090974511863,7.037281087220985,3.333239521183835,44.5055942030606,9.306916855307266,0.8721248195346023,0.09866059414081921,-0.685713001385948,
cage_w6_pros_r06_b4,0.03716494236203659,0.10324156487539021,0.0,0.9998860830431516,1.9882944234349276e-05,0.22260798216062333,-0.12004576297897065,1.0,
cage_w6_pros_r06_b6,0.03689373818901192,0.10418853465645825,0.0,0.9999987134991668,1.742857057354663e-07,0.20881134938794915,-0.10189988351203728,0.9732120747668289,
cage_w6_pros_r07_b4,0.05580892867541913,0.13391257012762056,0.0,0.9999979132689882,0.0010809640661708928,0.2916431071888264,-0.12156596018938183,0.998579073333262,
pack_w6,3.0112080748606873,1.5832362662861799,0.8,16.1,1.9999999999999998,0.6582644389314688,-0.06614901335540885,0.3125888177923148,
pack_y3,3.159354957417727,1.7395048786851932,0.875,17.125,2.125,0.6528265659699786,-0.0061263110463649845,0.05258974939237892,
dssp_helix_total,2.334980548838187,2.585896901936788,0.0,13.0,4.0,0.5084818857399626,-0.29217069566861814,0.1020798325426871,
dssp_helix_1_9,1.5220271264851224,1.9751674456979558,0.0,8.0,3.0,0.42601366255954454,-0.24768331791867462,0.08197064723269708,
rg_heavy,1.019356297302913,0.2014567337389122,0.7114563191181973,1.9788149939518591,0.23520369202458946,0.7928880442502177,0.16449834377511613,-0.5446378640899567,
rg_ca,0.9422572229286753,0.20112336176679516,0.6222641192344364,1.896425098942494,0.23360720792174838,0.7940547770648564,0.15472358275660852,-0.5002213258122777,
e2e_nc_ca,21.832123915463036,9.569881494183921,3.799631834030152,61.241119384765625,13.172913074493405,0.858503870385581,0.08264157742213891,-0.25893388807366485,
e2e_n_c,22.28682680436332,9.941162528175603,3.198579788208008,62.35308837890625,13.505806922912598,0.8622413090795581,0.07124255748888408,-0.23016339881410972,
asphericity,0.6861317759526038,0.512440979056907,0.0334222912788391,3.779219388961792,0.5567495673894882,0.7225657498701282,0.13300565442158435,-0.5162793424085391,
acylindricity,0.09337529015090167,0.06140689443735784,0.0006941184401512,0.572759211063385,0.07582125067710875,0.6785484819511279,0.049533080918560894,0.031735443504744956,
shape_anisotropy,0.3733057232888737,0.20733376087890693,0.0042682290077209,0.9315153956413268,0.3281760811805725,0.9434210242576385,0.10208184366481626,-0.47171358743470465,
max_ca_ca,27.035693613781813,6.9967683207525795,14.491454139495438,61.24111895214087,8.720073020493924,0.7995754081995757,0.11826905201626772,-0.40978434540832426,
mean_ca_ca,12.271282780740716,2.2868895571986574,8.546884361400176,23.11792092635884,2.6090855520065652,0.7936076912095572,0.1635858267524514,-0.5048078766185979,
helix_1_9_ca_span,15.82332842598447,3.0567653299488344,9.061070162569743,27.8033704222527,3.85816953004678,0.8495418385156386,0.08457198093611264,-0.013735565855474004,
rg_helix_1_9,0.5858373016912402,0.0807998603522966,0.4153631044877691,0.906225894738933,0.09870147893993453,0.8435138426001306,0.14647192773086617,-0.02778960733066576,
d_w6_p12_ca,12.462619461001566,3.205126828594474,3.9927065973916354,21.531561763768924,4.050581033918101,0.8991810339693521,0.14329617532717182,-0.7470329188509952,
d_w6_p18_ca,18.059071176203908,6.207472311692363,4.032163792107607,40.34213755181296,8.416718132754173,0.8684832611742275,0.11229987785189888,-0.6289062063265114,
d_y3_k8_ca,10.893263501417241,2.4569245526692653,4.129343388726197,18.01733345799961,3.1098041190835684,0.8910998580969174,0.11987355123331518,-0.010812913122066092,
d_w6_cage_centroid,17.5733134465919,5.732169537060698,1.86345636844635,37.66963958740234,7.464306354522705,0.854401674544908,0.119742219387077,-0.8216934000772661,
hbond_bb_ge3,0.1436773570300076,0.41194666227896737,0.0,4.094393253326416,0.0010629296302794998,0.21386734093472765,-0.033458142334014694,0.1357357228310635,
hbond_i_i3,0.033747340493266886,0.17274008619990883,0.0,1.9851343631744385,2.771615982055664e-06,0.09502667091044613,0.020003362705195763,0.06897344471394032,
hbond_i_i4,0.011409896362744072,0.09798303985932537,0.0,1.9677507877349851,2.9802322387695312e-08,0.039747018068322065,-0.02335738430361802,0.0880222905937149,
hbond_helix_window,0.029358349692719977,0.17681804535901752,0.0,2.977412223815918,2.9802322387695312e-08,0.06628981118366288,0.02145088695669104,-0.04741250499144788,
contact_order_ca8,0.13310151264129583,0.03316098027891434,0.0743243243243243,0.2731884057971014,0.04578643578643579,0.8543630033538454,-0.14689549752921807,0.379041364517179,
chirality_ca,-8.339855657114125,126.32623800701036,-359.5306091308594,320.9050598144531,202.84284210205078,0.8988107453941234,0.06910550067540737,0.025855214881092624,
cage_score,0.03716494236203659,0.10324156487539021,0.0,0.9998860830431516,1.9882944234349276e-05,0.22260798216062333,-0.12004576297897065,1.0,
rmsd_ca_to_survivor000,7.530305903248871,1.6747276356138359,0.0,12.440499,2.6745772999999993,0.7935939373399324,-0.10339830265355976,0.45697637529069496,
rama_alpha,4.500367994953212,2.3242955438604427,0.0,15.0,3.0,0.7443128964460325,-0.3147790875337474,0.1088366767493999,
rama_beta,1.4486384186731154,1.5350891755675893,0.0,10.0,2.0,0.5396343923641388,0.12960600098928976,-0.1907712395777728,
rama_ppii,4.241825254967932,2.0160694437066717,0.0,13.0,3.0,0.7004208544742957,-0.05640508339578335,-0.18813043441416144,
rama_left,1.2502365681842078,1.3672820871063742,0.0,9.0,2.0,0.5073360198953945,0.050274541278352174,0.17107709508032307,
rama_alpha_1_9,1.8194721900956787,1.3904851788999533,0.0,7.0,2.0,0.5584466265713158,-0.21067510394519387,0.07892151160102955,
cis_omega_any,0.080853748291452,0.272610380724349,0.0,1.0,0.0,0.09374989486915387,0.05315001424169698,-0.02309592805362792,
torpca_pc1,-1.4063524025136556e-07,1.3103798702368803,-4.2921257,3.4632895,1.77200004,0.873959632117359,-0.19394575967848776,0.2618753780767937,
torpca_pc2,7.401692924336358e-08,1.0067866466712414,-3.015368,3.4471025,1.39863875,0.8517342777563169,-0.026624766771419044,0.1691578414470014,
torpca_pc3,-8.036100167674726e-07,0.9917544926249505,-3.1958897,3.2161002,1.350702685,0.8475923225863776,0.07806798757735962,-0.06389184477867013,
torpca_pc4,-5.392415960471248e-07,0.9736199841910234,-2.9276924,3.3584282,1.314496375,0.8507154520567398,-0.012927790902607447,0.06901445074054692,
torpca_pc5,3.8691145831322316e-07,0.9338166640732222,-2.8197412,3.178712,1.291743495,0.8526833305033926,0.02800003831322563,-0.06644152232239722,
restorpca_pc1,-9.203960156202749e-16,1.162433835353622,-3.626560561141544,3.696226616591143,1.6195786495879232,0.8588845395716105,-0.1155339393467483,0.014077783231773023,
restorpca_pc2,2.9957694988939143e-16,0.9989382633276488,-3.4924650176488514,3.0412825804339354,1.361855059288168,0.8466547887084578,-0.0016907503089898213,-0.09575544215917188,
restorpca_pc3,1.9797479232091952e-16,0.989447525325314,-3.458432819844013,2.893335388809999,1.3995582641505844,0.8495533602873919,0.08505181532648211,-0.07948628345086628,
chi1_w6_sin,-0.8837290500047418,0.09118890055714188,-0.9999978,0.95165855,0.06165616500000004,0.33329774239572263,-0.06806915172017407,-0.05738077586806582,
chi1_w6_cos,0.44259678278521714,0.12171950285126483,-0.99999976,0.998976,0.12374793000000006,0.5144900919023839,-0.06964431505264645,-0.05710512560487366,
chi1_y3_sin,-0.8542786814025864,0.14427243712515808,-0.99999315,0.938566,0.058793374999999926,0.3168544686634147,-0.0009844491564647174,-0.053464288578302724,
chi1_y3_cos,0.48463794930662396,0.12049670453970139,-0.9827434,0.9980303,0.10402866499999996,0.4836333150752464,-0.0005737825294728002,-0.0554529512918578,
chi1_r16_sin,-0.8570770729281357,0.2024036546531899,-0.99999994,0.99769294,0.07033487999999988,0.36967413862440474,0.15621094365489135,0.010588873516592177,
chi1_r16_cos,0.43531438723902327,0.18695730777374214,-0.99999815,0.99998176,0.13221261500000003,0.5349968173672738,0.1617482118516711,0.040825526421972444,
sasa_total,25.146853355588267,2.0588030240982635,18.83445,31.358831,2.848476000000005,0.8668634789356476,0.22264242552404778,-0.48627047082586666,
sasa_hydrophobic_frac,0.08511873631931448,0.006890153659945628,0.051073506,0.10919625,0.009029177999999999,0.7610754459897618,-0.06301245559876613,-0.05318185188845128,
burial_w6,0.24674950540880036,0.13434420370593403,0.0,0.8990421,0.17539149499999998,0.8174460779465326,-0.07219095161639469,0.4459507447885995,
burial_y3,0.2316740019143728,0.13540389311272133,0.0,0.9239728,0.16409653500000004,0.7967080514574066,-0.061658726306497255,0.08466385098004413,
