timestamp, index, utilization.gpu [%], memory.used [MiB]
2026/09/26 18:57:05.116, 0, 0 %, 0 MiB
2026/09/26 18:57:05.120, 1, 0 %, 0 MiB
2026/09/26 18:57:05.127, 2, 0 %, 0 MiB
2026/09/26 18:57:05.130, 3, 0 %, 0 MiB
2026/09/26 18:57:15.135, 0, 0 %, 1 MiB
2026/09/26 18:57:15.135, 1, 0 %, 1 MiB
2026/09/26 18:57:15.135, 2, 0 %, 1 MiB
2026/09/26 18:57:15.135, 3, 0 %, 1 MiB
2026/09/26 18:57:25.136, 0, 0 %, 38 MiB
2026/09/26 18:57:25.136, 1, 0 %, 38 MiB
2026/09/26 18:57:25.136, 2, 0 %, 38 MiB
2026/09/26 18:57:25.136, 3, 0 %, 38 MiB
2026/09/26 18:57:35.137, 0, 0 %, 38 MiB
2026/09/26 18:57:35.137, 1, 0 %, 38 MiB
2026/09/26 18:57:35.137, 2, 0 %, 38 MiB
2026/09/26 18:57:35.137, 3, 0 %, 38 MiB
2026/09/26 18:57:45.138, 0, 0 %, 1007 MiB
2026/09/26 18:57:45.138, 1, 0 %, 1007 MiB
2026/09/26 18:57:45.138, 2, 0 %, 1007 MiB
2026/09/26 18:57:45.138, 3, 3 %, 1007 MiB
2026/09/26 18:57:55.138, 0, 3 %, 4402 MiB
2026/09/26 18:57:55.139, 1, 0 %, 3917 MiB
2026/09/26 18:57:55.139, 2, 0 %, 3917 MiB
2026/09/26 18:57:55.139, 3, 0 %, 3917 MiB
2026/09/26 18:58:05.139, 0, 0 %, 6838 MiB
2026/09/26 18:58:05.143, 1, 0 %, 6826 MiB
2026/09/26 18:58:05.143, 2, 0 %, 6826 MiB
2026/09/26 18:58:05.143, 3, 0 %, 6826 MiB
2026/09/26 18:58:15.144, 0, 0 %, 9736 MiB
2026/09/26 18:58:15.144, 1, 0 %, 9736 MiB
2026/09/26 18:58:15.144, 2, 0 %, 9251 MiB
2026/09/26 18:58:15.144, 3, 0 %, 9251 MiB
2026/09/26 18:58:25.144, 0, 0 %, 12161 MiB
2026/09/26 18:58:25.145, 1, 0 %, 12161 MiB
2026/09/26 18:58:25.145, 2, 0 %, 12101 MiB
2026/09/26 18:58:25.145, 3, 0 %, 11676 MiB
2026/09/26 18:58:35.145, 0, 1 %, 14585 MiB
2026/09/26 18:58:35.145, 1, 0 %, 14100 MiB
2026/09/26 18:58:35.145, 2, 0 %, 14100 MiB
2026/09/26 18:58:35.145, 3, 0 %, 14100 MiB
2026/09/26 18:58:45.146, 0, 0 %, 16525 MiB
2026/09/26 18:58:45.146, 1, 1 %, 16525 MiB
2026/09/26 18:58:45.146, 2, 0 %, 16041 MiB
2026/09/26 18:58:45.146, 3, 0 %, 16041 MiB
2026/09/26 18:58:55.147, 0, 0 %, 18464 MiB
2026/09/26 18:58:55.147, 1, 0 %, 18464 MiB
2026/09/26 18:58:55.147, 2, 0 %, 18404 MiB
2026/09/26 18:58:55.147, 3, 0 %, 17979 MiB
2026/09/26 18:59:05.148, 0, 0 %, 20405 MiB
2026/09/26 18:59:05.148, 1, 0 %, 20395 MiB
2026/09/26 18:59:05.148, 2, 0 %, 19920 MiB
2026/09/26 18:59:05.148, 3, 0 %, 19920 MiB
2026/09/26 18:59:15.148, 0, 0 %, 21871 MiB
2026/09/26 18:59:15.149, 1, 0 %, 21859 MiB
2026/09/26 18:59:15.149, 2, 0 %, 21859 MiB
2026/09/26 18:59:15.149, 3, 0 %, 21859 MiB
2026/09/26 18:59:25.150, 0, 0 %, 23798 MiB
2026/09/26 18:59:25.150, 1, 0 %, 23798 MiB
2026/09/26 18:59:25.150, 2, 0 %, 23313 MiB
2026/09/26 18:59:25.150, 3, 0 %, 23313 MiB
2026/09/26 18:59:35.150, 0, 0 %, 25254 MiB
2026/09/26 18:59:35.151, 1, 0 %, 25254 MiB
2026/09/26 18:59:35.151, 2, 0 %, 25254 MiB
2026/09/26 18:59:35.151, 3, 0 %, 24769 MiB
2026/09/26 18:59:45.151, 0, 0 %, 26708 MiB
2026/09/26 18:59:45.151, 1, 0 %, 26708 MiB
2026/09/26 18:59:45.151, 2, 0 %, 26708 MiB
2026/09/26 18:59:45.151, 3, 0 %, 26648 MiB
2026/09/26 18:59:55.152, 0, 0 %, 28164 MiB
2026/09/26 18:59:55.152, 1, 0 %, 28164 MiB
2026/09/26 18:59:55.152, 2, 0 %, 28164 MiB
2026/09/26 18:59:55.152, 3, 2 %, 28104 MiB
2026/09/26 19:00:05.153, 0, 0 %, 28884 MiB
2026/09/26 19:00:05.153, 1, 0 %, 28884 MiB
2026/09/26 19:00:05.153, 2, 0 %, 28884 MiB
2026/09/26 19:00:05.153, 3, 0 %, 28884 MiB
2026/09/26 19:00:15.154, 0, 0 %, 28884 MiB
2026/09/26 19:00:15.154, 1, 0 %, 28884 MiB
2026/09/26 19:00:15.154, 2, 0 %, 28884 MiB
2026/09/26 19:00:15.154, 3, 0 %, 28884 MiB
2026/09/26 19:00:25.155, 0, 0 %, 28884 MiB
2026/09/26 19:00:25.155, 1, 0 %, 28884 MiB
2026/09/26 19:00:25.155, 2, 1 %, 28884 MiB
2026/09/26 19:00:25.155, 3, 0 %, 28884 MiB
2026/09/26 19:00:35.156, 0, 100 %, 28884 MiB
2026/09/26 19:00:35.156, 1, 100 %, 28884 MiB
2026/09/26 19:00:35.156, 2, 100 %, 28884 MiB
2026/09/26 19:00:35.156, 3, 100 %, 28884 MiB
2026/09/26 19:00:45.157, 0, 100 %, 28884 MiB
2026/09/26 19:00:45.157, 1, 100 %, 28884 MiB
2026/09/26 19:00:45.157, 2, 100 %, 28884 MiB
2026/09/26 19:00:45.157, 3, 100 %, 28884 MiB
2026/09/26 19:00:55.157, 0, 100 %, 28884 MiB
2026/09/26 19:00:55.158, 1, 100 %, 28884 MiB
2026/09/26 19:00:55.158, 2, 100 %, 28884 MiB
2026/09/26 19:00:55.158, 3, 100 %, 28884 MiB
2026/09/26 19:01:05.158, 0, 100 %, 28884 MiB
2026/09/26 19:01:05.158, 1, 100 %, 28884 MiB
2026/09/26 19:01:05.158, 2, 88 %, 28884 MiB
2026/09/26 19:01:05.159, 3, 100 %, 28884 MiB
2026/09/26 19:01:15.159, 0, 100 %, 28884 MiB
2026/09/26 19:01:15.159, 1, 100 %, 28884 MiB
2026/09/26 19:01:15.159, 2, 100 %, 28884 MiB
2026/09/26 19:01:15.159, 3, 100 %, 28884 MiB
2026/09/26 19:01:25.160, 0, 100 %, 28884 MiB
2026/09/26 19:01:25.160, 1, 100 %, 28884 MiB
2026/09/26 19:01:25.160, 2, 100 %, 28884 MiB
2026/09/26 19:01:25.160, 3, 100 %, 28884 MiB
2026/09/26 19:01:35.161, 0, 100 %, 28884 MiB
2026/09/26 19:01:35.161, 1, 100 %, 28884 MiB
2026/09/26 19:01:35.161, 2, 100 %, 28884 MiB
2026/09/26 19:01:35.161, 3, 100 %, 28884 MiB
2026/09/26 19:01:45.162, 0, 0 %, 28884 MiB
2026/09/26 19:01:45.162, 1, 93 %, 28884 MiB
2026/09/26 19:01:45.162, 2, 0 %, 28884 MiB
2026/09/26 19:01:45.162, 3, 85 %, 28884 MiB
2026/09/26 19:01:55.162, 0, 100 %, 28884 MiB
2026/09/26 19:01:55.163, 1, 100 %, 28884 MiB
2026/09/26 19:01:55.163, 2, 100 %, 28884 MiB
2026/09/26 19:01:55.163, 3, 100 %, 28884 MiB
2026/09/26 19:02:05.163, 0, 100 %, 28884 MiB
2026/09/26 19:02:05.163, 1, 100 %, 28884 MiB
2026/09/26 19:02:05.163, 2, 100 %, 28884 MiB
2026/09/26 19:02:05.164, 3, 100 %, 28884 MiB
2026/09/26 19:02:15.164, 0, 100 %, 28884 MiB
2026/09/26 19:02:15.164, 1, 100 %, 28884 MiB
2026/09/26 19:02:15.164, 2, 100 %, 28884 MiB
2026/09/26 19:02:15.164, 3, 100 %, 28884 MiB
2026/09/26 19:02:25.165, 0, 100 %, 28884 MiB
2026/09/26 19:02:25.165, 1, 100 %, 28884 MiB
2026/09/26 19:02:25.165, 2, 100 %, 28884 MiB
2026/09/26 19:02:25.165, 3, 100 %, 28884 MiB
2026/09/26 19:02:35.166, 0, 100 %, 28884 MiB
2026/09/26 19:02:35.166, 1, 100 %, 28884 MiB
2026/09/26 19:02:35.166, 2, 100 %, 28884 MiB
2026/09/26 19:02:35.166, 3, 100 %, 28884 MiB
2026/09/26 19:02:45.167, 0, 0 %, 28884 MiB
2026/09/26 19:02:45.167, 1, 65 %, 28884 MiB
2026/09/26 19:02:45.167, 2, 2 %, 28884 MiB
2026/09/26 19:02:45.167, 3, 98 %, 28884 MiB
2026/09/26 19:02:55.168, 0, 100 %, 28884 MiB
2026/09/26 19:02:55.168, 1, 100 %, 28884 MiB
2026/09/26 19:02:55.168, 2, 100 %, 28884 MiB
2026/09/26 19:02:55.168, 3, 100 %, 28884 MiB
2026/09/26 19:03:05.169, 0, 100 %, 28884 MiB
2026/09/26 19:03:05.169, 1, 100 %, 28884 MiB
2026/09/26 19:03:05.169, 2, 100 %, 28884 MiB
2026/09/26 19:03:05.169, 3, 100 %, 28884 MiB
2026/09/26 19:03:15.170, 0, 100 %, 28884 MiB
2026/09/26 19:03:15.170, 1, 100 %, 28884 MiB
2026/09/26 19:03:15.170, 2, 100 %, 28884 MiB
2026/09/26 19:03:15.170, 3, 100 %, 28884 MiB
2026/09/26 19:03:25.171, 0, 100 %, 28884 MiB
2026/09/26 19:03:25.171, 1, 100 %, 28884 MiB
2026/09/26 19:03:25.171, 2, 100 %, 28884 MiB
2026/09/26 19:03:25.171, 3, 100 %, 28884 MiB
2026/09/26 19:03:35.172, 0, 100 %, 28884 MiB
2026/09/26 19:03:35.172, 1, 100 %, 28884 MiB
2026/09/26 19:03:35.172, 2, 100 %, 28884 MiB
2026/09/26 19:03:35.172, 3, 100 %, 28884 MiB
2026/09/26 19:03:45.173, 0, 100 %, 28884 MiB
2026/09/26 19:03:45.173, 1, 100 %, 28884 MiB
2026/09/26 19:03:45.173, 2, 100 %, 28884 MiB
2026/09/26 19:03:45.173, 3, 100 %, 28884 MiB
2026/09/26 19:03:55.174, 0, 100 %, 28884 MiB
2026/09/26 19:03:55.174, 1, 100 %, 28884 MiB
2026/09/26 19:03:55.174, 2, 100 %, 28884 MiB
2026/09/26 19:03:55.174, 3, 100 %, 28884 MiB
2026/09/26 19:04:05.175, 0, 100 %, 28884 MiB
2026/09/26 19:04:05.175, 1, 100 %, 28884 MiB
2026/09/26 19:04:05.175, 2, 100 %, 28884 MiB
2026/09/26 19:04:05.175, 3, 100 %, 28884 MiB
2026/09/26 19:04:15.176, 0, 100 %, 28884 MiB
2026/09/26 19:04:15.176, 1, 100 %, 28884 MiB
2026/09/26 19:04:15.176, 2, 100 %, 28884 MiB
2026/09/26 19:04:15.176, 3, 100 %, 28884 MiB
2026/09/26 19:04:25.177, 0, 100 %, 28884 MiB
2026/09/26 19:04:25.177, 1, 100 %, 28884 MiB
2026/09/26 19:04:25.177, 2, 100 %, 28884 MiB
2026/09/26 19:04:25.177, 3, 100 %, 28884 MiB
2026/09/26 19:04:35.178, 0, 99 %, 28884 MiB
2026/09/26 19:04:35.178, 1, 98 %, 28884 MiB
2026/09/26 19:04:35.178, 2, 99 %, 28884 MiB
2026/09/26 19:04:35.178, 3, 94 %, 28884 MiB
2026/09/26 19:04:45.179, 0, 100 %, 28884 MiB
2026/09/26 19:04:45.179, 1, 100 %, 28884 MiB
2026/09/26 19:04:45.179, 2, 100 %, 28884 MiB
2026/09/26 19:04:45.179, 3, 100 %, 28884 MiB
2026/09/26 19:04:55.180, 0, 100 %, 28884 MiB
2026/09/26 19:04:55.180, 1, 100 %, 28884 MiB
2026/09/26 19:04:55.180, 2, 100 %, 28884 MiB
2026/09/26 19:04:55.180, 3, 100 %, 28884 MiB
2026/09/26 19:05:05.181, 0, 100 %, 28884 MiB
2026/09/26 19:05:05.181, 1, 100 %, 28884 MiB
2026/09/26 19:05:05.181, 2, 100 %, 28884 MiB
2026/09/26 19:05:05.181, 3, 100 %, 28884 MiB
2026/09/26 19:05:15.182, 0, 100 %, 28884 MiB
2026/09/26 19:05:15.182, 1, 100 %, 28884 MiB
2026/09/26 19:05:15.182, 2, 100 %, 28884 MiB
2026/09/26 19:05:15.182, 3, 100 %, 28884 MiB
2026/09/26 19:05:25.183, 0, 100 %, 28884 MiB
2026/09/26 19:05:25.183, 1, 100 %, 28884 MiB
2026/09/26 19:05:25.183, 2, 100 %, 28884 MiB
2026/09/26 19:05:25.183, 3, 100 %, 28884 MiB
2026/09/26 19:05:35.183, 0, 100 %, 28884 MiB
2026/09/26 19:05:35.184, 1, 100 %, 28884 MiB
2026/09/26 19:05:35.184, 2, 100 %, 28884 MiB
2026/09/26 19:05:35.184, 3, 100 %, 28884 MiB
2026/09/26 19:05:45.184, 0, 100 %, 28884 MiB
2026/09/26 19:05:45.184, 1, 100 %, 28884 MiB
2026/09/26 19:05:45.184, 2, 100 %, 28884 MiB
2026/09/26 19:05:45.185, 3, 100 %, 28884 MiB
2026/09/26 19:05:55.185, 0, 100 %, 28884 MiB
2026/09/26 19:05:55.185, 1, 100 %, 28884 MiB
2026/09/26 19:05:55.185, 2, 100 %, 28884 MiB
2026/09/26 19:05:55.185, 3, 100 %, 28884 MiB
2026/09/26 19:06:05.186, 0, 100 %, 28884 MiB
2026/09/26 19:06:05.186, 1, 100 %, 28884 MiB
2026/09/26 19:06:05.186, 2, 100 %, 28884 MiB
2026/09/26 19:06:05.186, 3, 100 %, 28884 MiB
2026/09/26 19:06:15.187, 0, 100 %, 28884 MiB
2026/09/26 19:06:15.187, 1, 100 %, 28884 MiB
2026/09/26 19:06:15.187, 2, 100 %, 28884 MiB
2026/09/26 19:06:15.187, 3, 100 %, 28884 MiB
2026/09/26 19:06:25.188, 0, 100 %, 28884 MiB
2026/09/26 19:06:25.188, 1, 100 %, 28884 MiB
2026/09/26 19:06:25.188, 2, 100 %, 28884 MiB
2026/09/26 19:06:25.188, 3, 100 %, 28884 MiB
2026/09/26 19:06:35.189, 0, 98 %, 28884 MiB
2026/09/26 19:06:35.189, 1, 100 %, 28884 MiB
2026/09/26 19:06:35.189, 2, 90 %, 28884 MiB
2026/09/26 19:06:35.189, 3, 94 %, 28884 MiB
2026/09/26 19:06:45.190, 0, 100 %, 28884 MiB
2026/09/26 19:06:45.190, 1, 100 %, 28884 MiB
2026/09/26 19:06:45.190, 2, 100 %, 28884 MiB
2026/09/26 19:06:45.190, 3, 100 %, 28884 MiB
2026/09/26 19:06:55.191, 0, 100 %, 28884 MiB
2026/09/26 19:06:55.191, 1, 100 %, 28884 MiB
2026/09/26 19:06:55.191, 2, 100 %, 28884 MiB
2026/09/26 19:06:55.191, 3, 100 %, 28884 MiB
2026/09/26 19:07:05.192, 0, 100 %, 28884 MiB
2026/09/26 19:07:05.192, 1, 100 %, 28884 MiB
2026/09/26 19:07:05.192, 2, 100 %, 28884 MiB
2026/09/26 19:07:05.192, 3, 100 %, 28884 MiB
2026/09/26 19:07:15.193, 0, 100 %, 28884 MiB
2026/09/26 19:07:15.194, 1, 100 %, 28884 MiB
2026/09/26 19:07:15.194, 2, 100 %, 28884 MiB
2026/09/26 19:07:15.194, 3, 100 %, 28884 MiB
2026/09/26 19:07:25.195, 0, 100 %, 28884 MiB
2026/09/26 19:07:25.195, 1, 100 %, 28884 MiB
2026/09/26 19:07:25.195, 2, 100 %, 28884 MiB
2026/09/26 19:07:25.195, 3, 100 %, 28884 MiB
2026/09/26 19:07:35.196, 0, 100 %, 28884 MiB
2026/09/26 19:07:35.196, 1, 100 %, 28884 MiB
2026/09/26 19:07:35.196, 2, 100 %, 28884 MiB
2026/09/26 19:07:35.196, 3, 100 %, 28884 MiB
2026/09/26 19:07:45.197, 0, 100 %, 28884 MiB
2026/09/26 19:07:45.197, 1, 100 %, 28884 MiB
2026/09/26 19:07:45.197, 2, 100 %, 28884 MiB
2026/09/26 19:07:45.197, 3, 100 %, 28884 MiB
2026/09/26 19:07:55.198, 0, 100 %, 28884 MiB
2026/09/26 19:07:55.198, 1, 100 %, 28884 MiB
2026/09/26 19:07:55.198, 2, 100 %, 28884 MiB
2026/09/26 19:07:55.198, 3, 100 %, 28884 MiB
2026/09/26 19:08:05.199, 0, 100 %, 28884 MiB
2026/09/26 19:08:05.199, 1, 100 %, 28884 MiB
2026/09/26 19:08:05.199, 2, 100 %, 28884 MiB
2026/09/26 19:08:05.199, 3, 100 %, 28884 MiB
2026/09/26 19:08:15.200, 0, 100 %, 28884 MiB
2026/09/26 19:08:15.200, 1, 100 %, 28884 MiB
2026/09/26 19:08:15.200, 2, 100 %, 28884 MiB
2026/09/26 19:08:15.200, 3, 100 %, 28884 MiB
2026/09/26 19:08:25.201, 0, 100 %, 28884 MiB
2026/09/26 19:08:25.201, 1, 100 %, 28884 MiB
2026/09/26 19:08:25.201, 2, 100 %, 28884 MiB
2026/09/26 19:08:25.201, 3, 100 %, 28884 MiB
2026/09/26 19:08:35.202, 0, 100 %, 28884 MiB
2026/09/26 19:08:35.202, 1, 100 %, 28884 MiB
2026/09/26 19:08:35.202, 2, 100 %, 28884 MiB
2026/09/26 19:08:35.202, 3, 100 %, 28884 MiB
2026/09/26 19:08:45.203, 0, 100 %, 28884 MiB
2026/09/26 19:08:45.203, 1, 100 %, 28884 MiB
2026/09/26 19:08:45.203, 2, 100 %, 28884 MiB
2026/09/26 19:08:45.203, 3, 100 %, 28884 MiB
2026/09/26 19:08:55.204, 0, 100 %, 28884 MiB
2026/09/26 19:08:55.204, 1, 100 %, 28884 MiB
2026/09/26 19:08:55.204, 2, 100 %, 28884 MiB
2026/09/26 19:08:55.204, 3, 100 %, 28884 MiB
2026/09/26 19:09:05.205, 0, 100 %, 28884 MiB
2026/09/26 19:09:05.205, 1, 100 %, 28884 MiB
2026/09/26 19:09:05.205, 2, 100 %, 28884 MiB
2026/09/26 19:09:05.205, 3, 100 %, 28884 MiB
2026/09/26 19:09:15.206, 0, 100 %, 28884 MiB
2026/09/26 19:09:15.206, 1, 100 %, 28884 MiB
2026/09/26 19:09:15.206, 2, 100 %, 28884 MiB
2026/09/26 19:09:15.206, 3, 100 %, 28884 MiB
2026/09/26 19:09:25.207, 0, 100 %, 28884 MiB
2026/09/26 19:09:25.207, 1, 100 %, 28884 MiB
2026/09/26 19:09:25.207, 2, 100 %, 28884 MiB
2026/09/26 19:09:25.207, 3, 100 %, 28884 MiB
2026/09/26 19:09:35.208, 0, 100 %, 28884 MiB
2026/09/26 19:09:35.208, 1, 100 %, 28884 MiB
2026/09/26 19:09:35.208, 2, 100 %, 28884 MiB
2026/09/26 19:09:35.208, 3, 100 %, 28884 MiB
2026/09/26 19:09:45.209, 0, 2 %, 28214 MiB
2026/09/26 19:09:45.209, 1, 0 %, 27419 MiB
2026/09/26 19:09:45.209, 2, 0 %, 27419 MiB
2026/09/26 19:09:45.209, 3, 0 %, 27419 MiB
2026/09/26 19:09:55.209, 0, 0 %, 23933 MiB
2026/09/26 19:09:55.210, 1, 0 %, 23508 MiB
2026/09/26 19:09:55.210, 2, 0 %, 23496 MiB
2026/09/26 19:09:55.210, 3, 0 %, 23020 MiB
2026/09/26 19:10:05.210, 0, 2 %, 18923 MiB
2026/09/26 19:10:05.211, 1, 0 %, 18132 MiB
2026/09/26 19:10:05.212, 2, 0 %, 18132 MiB
2026/09/26 19:10:05.212, 3, 0 %, 18132 MiB
2026/09/26 19:10:15.213, 0, 2 %, 10736 MiB
2026/09/26 19:10:15.213, 1, 0 %, 10311 MiB
2026/09/26 19:10:15.213, 2, 0 %, 10311 MiB
2026/09/26 19:10:15.214, 3, 2 %, 10189 MiB
2026/09/26 19:10:25.215, 0, 1 %, 324 MiB
2026/09/26 19:10:25.215, 1, 0 %, 45 MiB
2026/09/26 19:10:25.215, 2, 0 %, 45 MiB
2026/09/26 19:10:25.215, 3, 0 %, 45 MiB
2026/09/26 19:10:35.216, 0, 0 %, 1995 MiB
2026/09/26 19:10:35.216, 1, 2 %, 1995 MiB
2026/09/26 19:10:35.216, 2, 0 %, 1717 MiB
2026/09/26 19:10:35.216, 3, 0 %, 1717 MiB
2026/09/26 19:10:45.217, 0, 0 %, 3669 MiB
2026/09/26 19:10:45.217, 1, 0 %, 3401 MiB
2026/09/26 19:10:45.217, 2, 0 %, 3390 MiB
2026/09/26 19:10:45.217, 3, 0 %, 3390 MiB
2026/09/26 19:10:55.218, 0, 0 %, 5064 MiB
2026/09/26 19:10:55.218, 1, 0 %, 5063 MiB
2026/09/26 19:10:55.218, 2, 0 %, 5063 MiB
2026/09/26 19:10:55.218, 3, 0 %, 5007 MiB
2026/09/26 19:11:05.219, 0, 0 %, 6456 MiB
2026/09/26 19:11:05.219, 1, 0 %, 6456 MiB
2026/09/26 19:11:05.219, 2, 0 %, 6456 MiB
2026/09/26 19:11:05.219, 3, 1 %, 6444 MiB
2026/09/26 19:11:15.220, 0, 0 %, 7851 MiB
2026/09/26 19:11:15.220, 1, 0 %, 7851 MiB
2026/09/26 19:11:15.220, 2, 1 %, 7825 MiB
2026/09/26 19:11:15.220, 3, 0 %, 7572 MiB
2026/09/26 19:11:25.220, 0, 0 %, 9186 MiB
2026/09/26 19:11:25.221, 1, 0 %, 8965 MiB
2026/09/26 19:11:25.221, 2, 0 %, 8965 MiB
2026/09/26 19:11:25.221, 3, 0 %, 8965 MiB
2026/09/26 19:11:35.221, 0, 0 %, 10360 MiB
2026/09/26 19:11:35.221, 1, 0 %, 10082 MiB
2026/09/26 19:11:35.221, 2, 0 %, 10082 MiB
2026/09/26 19:11:35.221, 3, 0 %, 10082 MiB
2026/09/26 19:11:45.222, 0, 0 %, 11420 MiB
2026/09/26 19:11:45.222, 1, 0 %, 11196 MiB
2026/09/26 19:11:45.222, 2, 0 %, 11196 MiB
2026/09/26 19:11:45.222, 3, 0 %, 11196 MiB
2026/09/26 19:11:55.223, 0, 0 %, 12310 MiB
2026/09/26 19:11:55.223, 1, 0 %, 12310 MiB
2026/09/26 19:11:55.223, 2, 1 %, 12310 MiB
2026/09/26 19:11:55.223, 3, 0 %, 12031 MiB
2026/09/26 19:12:05.224, 0, 1 %, 13426 MiB
2026/09/26 19:12:05.224, 1, 0 %, 13148 MiB
2026/09/26 19:12:05.224, 2, 0 %, 13148 MiB
2026/09/26 19:12:05.224, 3, 0 %, 13148 MiB
2026/09/26 19:12:15.225, 0, 0 %, 14262 MiB
2026/09/26 19:12:15.227, 1, 0 %, 14262 MiB
2026/09/26 19:12:15.228, 2, 0 %, 13985 MiB
2026/09/26 19:12:15.228, 3, 0 %, 13983 MiB
2026/09/26 19:12:25.228, 0, 0 %, 15098 MiB
2026/09/26 19:12:25.228, 1, 0 %, 15098 MiB
2026/09/26 19:12:25.228, 2, 1 %, 15086 MiB
2026/09/26 19:12:25.228, 3, 0 %, 14819 MiB
2026/09/26 19:12:35.229, 0, 0 %, 15935 MiB
2026/09/26 19:12:35.229, 1, 0 %, 15935 MiB
2026/09/26 19:12:35.229, 2, 0 %, 15881 MiB
2026/09/26 19:12:35.229, 3, 0 %, 15657 MiB
2026/09/26 19:12:45.230, 0, 0 %, 16619 MiB
2026/09/26 19:12:45.230, 1, 0 %, 16610 MiB
2026/09/26 19:12:45.230, 2, 0 %, 16614 MiB
2026/09/26 19:12:45.230, 3, 0 %, 16612 MiB
2026/09/26 19:12:55.231, 0, 100 %, 16729 MiB
2026/09/26 19:12:55.231, 1, 100 %, 16728 MiB
2026/09/26 19:12:55.231, 2, 100 %, 16728 MiB
2026/09/26 19:12:55.231, 3, 100 %, 16728 MiB
2026/09/26 19:13:05.232, 0, 100 %, 16729 MiB
2026/09/26 19:13:05.232, 1, 100 %, 16728 MiB
2026/09/26 19:13:05.232, 2, 100 %, 16728 MiB
2026/09/26 19:13:05.232, 3, 100 %, 16728 MiB
2026/09/26 19:13:15.233, 0, 100 %, 16729 MiB
2026/09/26 19:13:15.233, 1, 100 %, 16728 MiB
2026/09/26 19:13:15.233, 2, 100 %, 16728 MiB
2026/09/26 19:13:15.233, 3, 100 %, 16728 MiB
2026/09/26 19:13:25.234, 0, 100 %, 16729 MiB
2026/09/26 19:13:25.234, 1, 100 %, 16728 MiB
2026/09/26 19:13:25.234, 2, 100 %, 16728 MiB
2026/09/26 19:13:25.234, 3, 100 %, 16728 MiB
2026/09/26 19:13:35.235, 0, 100 %, 16729 MiB
2026/09/26 19:13:35.235, 1, 100 %, 16728 MiB
2026/09/26 19:13:35.235, 2, 100 %, 16728 MiB
2026/09/26 19:13:35.235, 3, 100 %, 16728 MiB
2026/09/26 19:13:45.235, 0, 100 %, 16729 MiB
2026/09/26 19:13:45.236, 1, 100 %, 16728 MiB
2026/09/26 19:13:45.236, 2, 100 %, 16728 MiB
2026/09/26 19:13:45.236, 3, 100 %, 16728 MiB
2026/09/26 19:13:55.236, 0, 100 %, 16729 MiB
2026/09/26 19:13:55.236, 1, 100 %, 16728 MiB
2026/09/26 19:13:55.236, 2, 100 %, 16728 MiB
2026/09/26 19:13:55.237, 3, 100 %, 16728 MiB
2026/09/26 19:14:05.237, 0, 100 %, 16729 MiB
2026/09/26 19:14:05.237, 1, 100 %, 16728 MiB
2026/09/26 19:14:05.237, 2, 100 %, 16728 MiB
2026/09/26 19:14:05.237, 3, 100 %, 16728 MiB
2026/09/26 19:14:15.238, 0, 100 %, 16729 MiB
2026/09/26 19:14:15.238, 1, 100 %, 16728 MiB
2026/09/26 19:14:15.238, 2, 100 %, 16728 MiB
2026/09/26 19:14:15.238, 3, 100 %, 16728 MiB
2026/09/26 19:14:25.239, 0, 100 %, 16729 MiB
2026/09/26 19:14:25.239, 1, 100 %, 16728 MiB
2026/09/26 19:14:25.239, 2, 100 %, 16728 MiB
2026/09/26 19:14:25.239, 3, 100 %, 16728 MiB
2026/09/26 19:14:35.240, 0, 100 %, 16729 MiB
2026/09/26 19:14:35.240, 1, 100 %, 16728 MiB
2026/09/26 19:14:35.240, 2, 100 %, 16728 MiB
2026/09/26 19:14:35.241, 3, 100 %, 16728 MiB
2026/09/26 19:14:45.241, 0, 100 %, 16729 MiB
2026/09/26 19:14:45.241, 1, 100 %, 16728 MiB
2026/09/26 19:14:45.241, 2, 100 %, 16728 MiB
2026/09/26 19:14:45.242, 3, 100 %, 16728 MiB
2026/09/26 19:14:55.242, 0, 100 %, 16729 MiB
2026/09/26 19:14:55.242, 1, 100 %, 16728 MiB
2026/09/26 19:14:55.242, 2, 100 %, 16728 MiB
2026/09/26 19:14:55.242, 3, 100 %, 16728 MiB
2026/09/26 19:15:05.243, 0, 100 %, 16729 MiB
2026/09/26 19:15:05.243, 1, 100 %, 16728 MiB
2026/09/26 19:15:05.243, 2, 100 %, 16728 MiB
2026/09/26 19:15:05.243, 3, 100 %, 16728 MiB
2026/09/26 19:15:15.244, 0, 100 %, 16729 MiB
2026/09/26 19:15:15.244, 1, 99 %, 16728 MiB
2026/09/26 19:15:15.244, 2, 100 %, 16728 MiB
2026/09/26 19:15:15.244, 3, 100 %, 16728 MiB
2026/09/26 19:15:25.245, 0, 100 %, 16729 MiB
2026/09/26 19:15:25.245, 1, 100 %, 16728 MiB
2026/09/26 19:15:25.245, 2, 100 %, 16728 MiB
2026/09/26 19:15:25.245, 3, 100 %, 16728 MiB
2026/09/26 19:15:35.246, 0, 99 %, 16729 MiB
2026/09/26 19:15:35.246, 1, 94 %, 16728 MiB
2026/09/26 19:15:35.246, 2, 98 %, 16728 MiB
2026/09/26 19:15:35.246, 3, 72 %, 16728 MiB
2026/09/26 19:15:45.247, 0, 100 %, 16729 MiB
2026/09/26 19:15:45.247, 1, 100 %, 16728 MiB
2026/09/26 19:15:45.247, 2, 100 %, 16728 MiB
2026/09/26 19:15:45.247, 3, 100 %, 16728 MiB
2026/09/26 19:15:55.248, 0, 100 %, 16729 MiB
2026/09/26 19:15:55.248, 1, 99 %, 16728 MiB
2026/09/26 19:15:55.248, 2, 100 %, 16728 MiB
2026/09/26 19:15:55.248, 3, 100 %, 16728 MiB
2026/09/26 19:16:05.249, 0, 100 %, 16729 MiB
2026/09/26 19:16:05.249, 1, 100 %, 16728 MiB
2026/09/26 19:16:05.249, 2, 100 %, 16728 MiB
2026/09/26 19:16:05.249, 3, 100 %, 16728 MiB
2026/09/26 19:16:15.249, 0, 100 %, 16729 MiB
2026/09/26 19:16:15.250, 1, 100 %, 16728 MiB
2026/09/26 19:16:15.250, 2, 100 %, 16728 MiB
2026/09/26 19:16:15.250, 3, 100 %, 16728 MiB
2026/09/26 19:16:25.250, 0, 100 %, 16729 MiB
2026/09/26 19:16:25.251, 1, 100 %, 16728 MiB
2026/09/26 19:16:25.251, 2, 100 %, 16728 MiB
2026/09/26 19:16:25.251, 3, 100 %, 16728 MiB
2026/09/26 19:16:35.251, 0, 100 %, 16729 MiB
2026/09/26 19:16:35.251, 1, 100 %, 16728 MiB
2026/09/26 19:16:35.251, 2, 100 %, 16728 MiB
2026/09/26 19:16:35.251, 3, 100 %, 16728 MiB
2026/09/26 19:16:45.252, 0, 100 %, 16729 MiB
2026/09/26 19:16:45.252, 1, 100 %, 16728 MiB
2026/09/26 19:16:45.252, 2, 100 %, 16728 MiB
2026/09/26 19:16:45.252, 3, 100 %, 16728 MiB
2026/09/26 19:16:55.253, 0, 100 %, 16729 MiB
2026/09/26 19:16:55.253, 1, 100 %, 16728 MiB
2026/09/26 19:16:55.253, 2, 100 %, 16728 MiB
2026/09/26 19:16:55.253, 3, 100 %, 16728 MiB
2026/09/26 19:17:05.254, 0, 100 %, 16729 MiB
2026/09/26 19:17:05.254, 1, 100 %, 16728 MiB
2026/09/26 19:17:05.254, 2, 100 %, 16728 MiB
2026/09/26 19:17:05.254, 3, 100 %, 16728 MiB
2026/09/26 19:17:15.255, 0, 100 %, 16729 MiB
2026/09/26 19:17:15.255, 1, 100 %, 16728 MiB
2026/09/26 19:17:15.255, 2, 100 %, 16728 MiB
2026/09/26 19:17:15.255, 3, 100 %, 16728 MiB
2026/09/26 19:17:25.256, 0, 100 %, 16729 MiB
2026/09/26 19:17:25.256, 1, 100 %, 16728 MiB
2026/09/26 19:17:25.256, 2, 100 %, 16728 MiB
2026/09/26 19:17:25.256, 3, 100 %, 16728 MiB
2026/09/26 19:17:35.257, 0, 100 %, 16729 MiB
2026/09/26 19:17:35.257, 1, 100 %, 16728 MiB
2026/09/26 19:17:35.257, 2, 100 %, 16728 MiB
2026/09/26 19:17:35.257, 3, 100 %, 16728 MiB
2026/09/26 19:17:45.258, 0, 100 %, 16729 MiB
2026/09/26 19:17:45.258, 1, 100 %, 16728 MiB
2026/09/26 19:17:45.258, 2, 100 %, 16728 MiB
2026/09/26 19:17:45.258, 3, 100 %, 16728 MiB
2026/09/26 19:17:55.259, 0, 100 %, 16729 MiB
2026/09/26 19:17:55.259, 1, 100 %, 16728 MiB
2026/09/26 19:17:55.259, 2, 100 %, 16728 MiB
2026/09/26 19:17:55.259, 3, 100 %, 16728 MiB
2026/09/26 19:18:05.260, 0, 92 %, 16729 MiB
2026/09/26 19:18:05.260, 1, 93 %, 16728 MiB
2026/09/26 19:18:05.260, 2, 97 %, 16728 MiB
2026/09/26 19:18:05.260, 3, 86 %, 16728 MiB
2026/09/26 19:18:15.261, 0, 100 %, 16729 MiB
2026/09/26 19:18:15.261, 1, 100 %, 16728 MiB
2026/09/26 19:18:15.261, 2, 100 %, 16728 MiB
2026/09/26 19:18:15.261, 3, 100 %, 16728 MiB
2026/09/26 19:18:25.262, 0, 100 %, 16729 MiB
2026/09/26 19:18:25.262, 1, 100 %, 16728 MiB
2026/09/26 19:18:25.262, 2, 100 %, 16728 MiB
2026/09/26 19:18:25.262, 3, 100 %, 16728 MiB
2026/09/26 19:18:35.263, 0, 100 %, 16729 MiB
2026/09/26 19:18:35.263, 1, 100 %, 16728 MiB
2026/09/26 19:18:35.263, 2, 100 %, 16728 MiB
2026/09/26 19:18:35.263, 3, 100 %, 16728 MiB
2026/09/26 19:18:45.263, 0, 100 %, 16729 MiB
2026/09/26 19:18:45.264, 1, 100 %, 16728 MiB
2026/09/26 19:18:45.264, 2, 100 %, 16728 MiB
2026/09/26 19:18:45.264, 3, 100 %, 16728 MiB
2026/09/26 19:18:55.264, 0, 100 %, 16729 MiB
2026/09/26 19:18:55.265, 1, 100 %, 16728 MiB
2026/09/26 19:18:55.265, 2, 100 %, 16728 MiB
2026/09/26 19:18:55.265, 3, 100 %, 16728 MiB
2026/09/26 19:19:05.265, 0, 100 %, 16729 MiB
2026/09/26 19:19:05.266, 1, 100 %, 16728 MiB
2026/09/26 19:19:05.266, 2, 100 %, 16728 MiB
2026/09/26 19:19:05.266, 3, 100 %, 16728 MiB
2026/09/26 19:19:15.266, 0, 100 %, 16729 MiB
2026/09/26 19:19:15.267, 1, 97 %, 16728 MiB
2026/09/26 19:19:15.267, 2, 100 %, 16728 MiB
2026/09/26 19:19:15.267, 3, 74 %, 16728 MiB
2026/09/26 19:19:25.267, 0, 100 %, 16729 MiB
2026/09/26 19:19:25.268, 1, 100 %, 16728 MiB
2026/09/26 19:19:25.268, 2, 100 %, 16728 MiB
2026/09/26 19:19:25.268, 3, 100 %, 16728 MiB
2026/09/26 19:19:35.268, 0, 99 %, 16729 MiB
2026/09/26 19:19:35.269, 1, 100 %, 16728 MiB
2026/09/26 19:19:35.269, 2, 100 %, 16728 MiB
2026/09/26 19:19:35.269, 3, 100 %, 16728 MiB
2026/09/26 19:19:45.269, 0, 0 %, 16581 MiB
2026/09/26 19:19:45.270, 1, 0 %, 16163 MiB
2026/09/26 19:19:45.270, 2, 0 %, 16163 MiB
2026/09/26 19:19:45.270, 3, 0 %, 16163 MiB
2026/09/26 19:19:55.271, 0, 0 %, 14124 MiB
2026/09/26 19:19:55.271, 1, 0 %, 13903 MiB
2026/09/26 19:19:55.271, 2, 0 %, 13903 MiB
2026/09/26 19:19:55.271, 3, 0 %, 13891 MiB
2026/09/26 19:20:05.272, 0, 0 %, 11296 MiB
2026/09/26 19:20:05.272, 1, 0 %, 11075 MiB
2026/09/26 19:20:05.272, 2, 0 %, 11075 MiB
2026/09/26 19:20:05.272, 3, 2 %, 10989 MiB
2026/09/26 19:20:15.273, 0, 0 %, 7324 MiB
2026/09/26 19:20:15.273, 1, 2 %, 6833 MiB
2026/09/26 19:20:15.273, 2, 4 %, 6833 MiB
2026/09/26 19:20:15.273, 3, 0 %, 6833 MiB
2026/09/26 19:20:25.274, 0, 0 %, 270 MiB
2026/09/26 19:20:25.274, 1, 0 %, 47 MiB
2026/09/26 19:20:25.274, 2, 0 %, 47 MiB
2026/09/26 19:20:25.274, 3, 0 %, 47 MiB
2026/09/26 19:20:35.275, 0, 0 %, 1093 MiB
2026/09/26 19:20:35.275, 1, 0 %, 918 MiB
2026/09/26 19:20:35.275, 2, 0 %, 918 MiB
2026/09/26 19:20:35.275, 3, 0 %, 918 MiB
2026/09/26 19:20:45.276, 0, 0 %, 2142 MiB
2026/09/26 19:20:45.276, 1, 0 %, 1967 MiB
2026/09/26 19:20:45.276, 2, 0 %, 1967 MiB
2026/09/26 19:20:45.276, 3, 0 %, 1967 MiB
2026/09/26 19:20:55.277, 0, 0 %, 3015 MiB
2026/09/26 19:20:55.277, 1, 0 %, 3015 MiB
2026/09/26 19:20:55.277, 2, 0 %, 3015 MiB
2026/09/26 19:20:55.277, 3, 0 %, 2989 MiB
2026/09/26 19:21:05.277, 0, 0 %, 3910 MiB
2026/09/26 19:21:05.278, 1, 0 %, 3890 MiB
2026/09/26 19:21:05.278, 2, 0 %, 3890 MiB
2026/09/26 19:21:05.278, 3, 0 %, 3890 MiB
2026/09/26 19:21:15.278, 0, 0 %, 4765 MiB
2026/09/26 19:21:15.279, 1, 0 %, 4764 MiB
2026/09/26 19:21:15.279, 2, 0 %, 4764 MiB
2026/09/26 19:21:15.279, 3, 1 %, 4764 MiB
2026/09/26 19:21:25.279, 0, 0 %, 5637 MiB
2026/09/26 19:21:25.279, 1, 1 %, 5637 MiB
2026/09/26 19:21:25.279, 2, 0 %, 5463 MiB
2026/09/26 19:21:25.280, 3, 0 %, 5463 MiB
2026/09/26 19:21:35.280, 0, 0 %, 6336 MiB
2026/09/26 19:21:35.280, 1, 0 %, 6336 MiB
2026/09/26 19:21:35.280, 2, 0 %, 6328 MiB
2026/09/26 19:21:35.280, 3, 0 %, 6161 MiB
2026/09/26 19:21:45.281, 0, 0 %, 7036 MiB
2026/09/26 19:21:45.285, 1, 0 %, 7036 MiB
2026/09/26 19:21:45.285, 2, 0 %, 6872 MiB
2026/09/26 19:21:45.289, 3, 0 %, 6861 MiB
2026/09/26 19:21:55.290, 0, 0 %, 7734 MiB
2026/09/26 19:21:55.290, 1, 0 %, 7559 MiB
2026/09/26 19:21:55.290, 2, 0 %, 7559 MiB
2026/09/26 19:21:55.290, 3, 0 %, 7559 MiB
2026/09/26 19:22:05.291, 0, 0 %, 8260 MiB
2026/09/26 19:22:05.291, 1, 0 %, 8260 MiB
2026/09/26 19:22:05.291, 2, 0 %, 8260 MiB
2026/09/26 19:22:05.291, 3, 0 %, 8096 MiB
2026/09/26 19:22:15.292, 0, 0 %, 8906 MiB
2026/09/26 19:22:15.292, 1, 0 %, 8783 MiB
2026/09/26 19:22:15.292, 2, 0 %, 8783 MiB
2026/09/26 19:22:15.292, 3, 0 %, 8783 MiB
2026/09/26 19:22:25.293, 0, 0 %, 9482 MiB
2026/09/26 19:22:25.293, 1, 0 %, 9426 MiB
2026/09/26 19:22:25.293, 2, 0 %, 9307 MiB
2026/09/26 19:22:25.293, 3, 0 %, 9307 MiB
2026/09/26 19:22:35.294, 0, 0 %, 10007 MiB
2026/09/26 19:22:35.294, 1, 0 %, 9951 MiB
2026/09/26 19:22:35.294, 2, 0 %, 9833 MiB
2026/09/26 19:22:35.294, 3, 0 %, 9833 MiB
2026/09/26 19:22:45.295, 0, 74 %, 10395 MiB
2026/09/26 19:22:45.295, 1, 0 %, 10390 MiB
2026/09/26 19:22:45.295, 2, 0 %, 10398 MiB
2026/09/26 19:22:45.295, 3, 0 %, 10380 MiB
2026/09/26 19:22:55.296, 0, 100 %, 10593 MiB
2026/09/26 19:22:55.296, 1, 100 %, 10592 MiB
2026/09/26 19:22:55.296, 2, 100 %, 10592 MiB
2026/09/26 19:22:55.296, 3, 100 %, 10592 MiB
2026/09/26 19:23:05.297, 0, 100 %, 10593 MiB
2026/09/26 19:23:05.297, 1, 100 %, 10592 MiB
2026/09/26 19:23:05.297, 2, 100 %, 10592 MiB
2026/09/26 19:23:05.297, 3, 100 %, 10592 MiB
2026/09/26 19:23:15.297, 0, 100 %, 10593 MiB
2026/09/26 19:23:15.298, 1, 100 %, 10592 MiB
2026/09/26 19:23:15.298, 2, 100 %, 10592 MiB
2026/09/26 19:23:15.298, 3, 100 %, 10592 MiB
2026/09/26 19:23:25.298, 0, 100 %, 10593 MiB
2026/09/26 19:23:25.299, 1, 100 %, 10592 MiB
2026/09/26 19:23:25.299, 2, 100 %, 10592 MiB
2026/09/26 19:23:25.299, 3, 100 %, 10592 MiB
2026/09/26 19:23:35.299, 0, 100 %, 10593 MiB
2026/09/26 19:23:35.299, 1, 100 %, 10592 MiB
2026/09/26 19:23:35.299, 2, 100 %, 10592 MiB
2026/09/26 19:23:35.299, 3, 100 %, 10592 MiB
2026/09/26 19:23:45.300, 0, 100 %, 10593 MiB
2026/09/26 19:23:45.300, 1, 100 %, 10592 MiB
2026/09/26 19:23:45.300, 2, 100 %, 10592 MiB
2026/09/26 19:23:45.300, 3, 100 %, 10592 MiB
2026/09/26 19:23:55.301, 0, 100 %, 10593 MiB
2026/09/26 19:23:55.301, 1, 100 %, 10592 MiB
2026/09/26 19:23:55.301, 2, 100 %, 10592 MiB
2026/09/26 19:23:55.301, 3, 100 %, 10592 MiB
2026/09/26 19:24:05.302, 0, 100 %, 10593 MiB
2026/09/26 19:24:05.302, 1, 100 %, 10592 MiB
2026/09/26 19:24:05.302, 2, 100 %, 10592 MiB
2026/09/26 19:24:05.302, 3, 100 %, 10592 MiB
2026/09/26 19:24:15.303, 0, 100 %, 10593 MiB
2026/09/26 19:24:15.303, 1, 100 %, 10592 MiB
2026/09/26 19:24:15.303, 2, 100 %, 10592 MiB
2026/09/26 19:24:15.303, 3, 100 %, 10592 MiB
2026/09/26 19:24:25.304, 0, 100 %, 10593 MiB
2026/09/26 19:24:25.304, 1, 100 %, 10592 MiB
2026/09/26 19:24:25.304, 2, 100 %, 10592 MiB
2026/09/26 19:24:25.304, 3, 100 %, 10592 MiB
2026/09/26 19:24:35.305, 0, 100 %, 10593 MiB
2026/09/26 19:24:35.305, 1, 100 %, 10592 MiB
2026/09/26 19:24:35.305, 2, 100 %, 10592 MiB
2026/09/26 19:24:35.305, 3, 100 %, 10592 MiB
2026/09/26 19:24:45.306, 0, 100 %, 10593 MiB
2026/09/26 19:24:45.306, 1, 100 %, 10592 MiB
2026/09/26 19:24:45.306, 2, 100 %, 10592 MiB
2026/09/26 19:24:45.306, 3, 100 %, 10592 MiB
2026/09/26 19:24:55.307, 0, 100 %, 10593 MiB
2026/09/26 19:24:55.307, 1, 100 %, 10592 MiB
2026/09/26 19:24:55.307, 2, 100 %, 10592 MiB
2026/09/26 19:24:55.307, 3, 100 %, 10592 MiB
2026/09/26 19:25:05.308, 0, 100 %, 10593 MiB
2026/09/26 19:25:05.308, 1, 100 %, 10592 MiB
2026/09/26 19:25:05.308, 2, 100 %, 10592 MiB
2026/09/26 19:25:05.308, 3, 100 %, 10592 MiB
2026/09/26 19:25:15.309, 0, 100 %, 10593 MiB
2026/09/26 19:25:15.309, 1, 100 %, 10592 MiB
2026/09/26 19:25:15.309, 2, 100 %, 10592 MiB
2026/09/26 19:25:15.309, 3, 100 %, 10592 MiB
2026/09/26 19:25:25.310, 0, 100 %, 10593 MiB
2026/09/26 19:25:25.310, 1, 100 %, 10592 MiB
2026/09/26 19:25:25.310, 2, 100 %, 10592 MiB
2026/09/26 19:25:25.310, 3, 100 %, 10592 MiB
2026/09/26 19:25:35.311, 0, 100 %, 10593 MiB
2026/09/26 19:25:35.311, 1, 100 %, 10592 MiB
2026/09/26 19:25:35.311, 2, 100 %, 10592 MiB
2026/09/26 19:25:35.311, 3, 100 %, 10592 MiB
2026/09/26 19:25:45.312, 0, 100 %, 10593 MiB
2026/09/26 19:25:45.312, 1, 100 %, 10592 MiB
2026/09/26 19:25:45.312, 2, 100 %, 10592 MiB
2026/09/26 19:25:45.312, 3, 100 %, 10592 MiB
2026/09/26 19:25:55.313, 0, 100 %, 10593 MiB
2026/09/26 19:25:55.313, 1, 100 %, 10592 MiB
2026/09/26 19:25:55.313, 2, 100 %, 10592 MiB
2026/09/26 19:25:55.313, 3, 100 %, 10592 MiB
2026/09/26 19:26:05.314, 0, 100 %, 10593 MiB
2026/09/26 19:26:05.314, 1, 100 %, 10592 MiB
2026/09/26 19:26:05.314, 2, 100 %, 10592 MiB
2026/09/26 19:26:05.314, 3, 100 %, 10592 MiB
2026/09/26 19:26:15.315, 0, 100 %, 10593 MiB
2026/09/26 19:26:15.315, 1, 100 %, 10592 MiB
2026/09/26 19:26:15.315, 2, 100 %, 10592 MiB
2026/09/26 19:26:15.315, 3, 100 %, 10592 MiB
2026/09/26 19:26:25.316, 0, 100 %, 10593 MiB
2026/09/26 19:26:25.316, 1, 100 %, 10592 MiB
2026/09/26 19:26:25.316, 2, 100 %, 10592 MiB
2026/09/26 19:26:25.316, 3, 100 %, 10592 MiB
2026/09/26 19:26:35.316, 0, 100 %, 10593 MiB
2026/09/26 19:26:35.317, 1, 100 %, 10592 MiB
2026/09/26 19:26:35.317, 2, 100 %, 10592 MiB
2026/09/26 19:26:35.317, 3, 100 %, 10592 MiB
2026/09/26 19:26:45.317, 0, 100 %, 10593 MiB
2026/09/26 19:26:45.318, 1, 100 %, 10592 MiB
2026/09/26 19:26:45.318, 2, 100 %, 10592 MiB
2026/09/26 19:26:45.318, 3, 100 %, 10592 MiB
2026/09/26 19:26:55.318, 0, 100 %, 10593 MiB
2026/09/26 19:26:55.318, 1, 100 %, 10592 MiB
2026/09/26 19:26:55.318, 2, 100 %, 10592 MiB
2026/09/26 19:26:55.318, 3, 100 %, 10592 MiB
2026/09/26 19:27:05.319, 0, 100 %, 10593 MiB
2026/09/26 19:27:05.319, 1, 100 %, 10592 MiB
2026/09/26 19:27:05.319, 2, 100 %, 10592 MiB
2026/09/26 19:27:05.319, 3, 100 %, 10592 MiB
2026/09/26 19:27:15.320, 0, 100 %, 10593 MiB
2026/09/26 19:27:15.320, 1, 100 %, 10592 MiB
2026/09/26 19:27:15.320, 2, 100 %, 10592 MiB
2026/09/26 19:27:15.320, 3, 100 %, 10592 MiB
2026/09/26 19:27:25.321, 0, 100 %, 10593 MiB
2026/09/26 19:27:25.321, 1, 100 %, 10592 MiB
2026/09/26 19:27:25.321, 2, 100 %, 10592 MiB
2026/09/26 19:27:25.321, 3, 100 %, 10592 MiB
2026/09/26 19:27:35.322, 0, 100 %, 10593 MiB
2026/09/26 19:27:35.322, 1, 100 %, 10592 MiB
2026/09/26 19:27:35.322, 2, 100 %, 10592 MiB
2026/09/26 19:27:35.322, 3, 100 %, 10592 MiB
2026/09/26 19:27:45.323, 0, 100 %, 10593 MiB
2026/09/26 19:27:45.323, 1, 100 %, 10592 MiB
2026/09/26 19:27:45.323, 2, 100 %, 10592 MiB
2026/09/26 19:27:45.323, 3, 100 %, 10592 MiB
2026/09/26 19:27:55.324, 0, 100 %, 10593 MiB
2026/09/26 19:27:55.324, 1, 100 %, 10592 MiB
2026/09/26 19:27:55.324, 2, 100 %, 10592 MiB
2026/09/26 19:27:55.324, 3, 100 %, 10592 MiB
2026/09/26 19:28:05.325, 0, 100 %, 10593 MiB
2026/09/26 19:28:05.325, 1, 100 %, 10592 MiB
2026/09/26 19:28:05.325, 2, 100 %, 10592 MiB
2026/09/26 19:28:05.325, 3, 100 %, 10592 MiB
2026/09/26 19:28:15.326, 0, 100 %, 10593 MiB
2026/09/26 19:28:15.327, 1, 100 %, 10592 MiB
2026/09/26 19:28:15.327, 2, 100 %, 10592 MiB
2026/09/26 19:28:15.327, 3, 100 %, 10592 MiB
2026/09/26 19:28:25.328, 0, 100 %, 10593 MiB
2026/09/26 19:28:25.328, 1, 100 %, 10592 MiB
2026/09/26 19:28:25.328, 2, 100 %, 10592 MiB
2026/09/26 19:28:25.328, 3, 100 %, 10592 MiB
2026/09/26 19:28:35.329, 0, 100 %, 10593 MiB
2026/09/26 19:28:35.329, 1, 100 %, 10592 MiB
2026/09/26 19:28:35.329, 2, 100 %, 10592 MiB
2026/09/26 19:28:35.329, 3, 100 %, 10592 MiB
2026/09/26 19:28:45.330, 0, 100 %, 10593 MiB
2026/09/26 19:28:45.330, 1, 100 %, 10592 MiB
2026/09/26 19:28:45.330, 2, 100 %, 10592 MiB
2026/09/26 19:28:45.330, 3, 100 %, 10592 MiB
2026/09/26 19:28:55.331, 0, 100 %, 10593 MiB
2026/09/26 19:28:55.331, 1, 100 %, 10592 MiB
2026/09/26 19:28:55.331, 2, 100 %, 10592 MiB
2026/09/26 19:28:55.331, 3, 100 %, 10592 MiB
2026/09/26 19:29:05.332, 0, 100 %, 10593 MiB
2026/09/26 19:29:05.332, 1, 100 %, 10592 MiB
2026/09/26 19:29:05.332, 2, 100 %, 10592 MiB
2026/09/26 19:29:05.332, 3, 100 %, 10592 MiB
2026/09/26 19:29:15.333, 0, 100 %, 10593 MiB
2026/09/26 19:29:15.333, 1, 100 %, 10592 MiB
2026/09/26 19:29:15.333, 2, 100 %, 10592 MiB
2026/09/26 19:29:15.333, 3, 100 %, 10592 MiB
2026/09/26 19:29:25.334, 0, 100 %, 10593 MiB
2026/09/26 19:29:25.334, 1, 100 %, 10592 MiB
2026/09/26 19:29:25.334, 2, 100 %, 10592 MiB
2026/09/26 19:29:25.334, 3, 100 %, 10592 MiB
2026/09/26 19:29:35.335, 0, 0 %, 10711 MiB
2026/09/26 19:29:35.335, 1, 0 %, 10592 MiB
2026/09/26 19:29:35.335, 2, 0 %, 10592 MiB
2026/09/26 19:29:35.335, 3, 0 %, 10592 MiB
2026/09/26 19:29:45.336, 0, 0 %, 9640 MiB
2026/09/26 19:29:45.336, 1, 0 %, 9521 MiB
2026/09/26 19:29:45.336, 2, 0 %, 9455 MiB
2026/09/26 19:29:45.336, 3, 0 %, 9343 MiB
2026/09/26 19:29:55.337, 0, 0 %, 8031 MiB
2026/09/26 19:29:55.337, 1, 0 %, 7912 MiB
2026/09/26 19:29:55.337, 2, 1 %, 7846 MiB
2026/09/26 19:29:55.337, 3, 1 %, 7733 MiB
2026/09/26 19:30:05.338, 0, 0 %, 5886 MiB
2026/09/26 19:30:05.338, 1, 0 %, 5701 MiB
2026/09/26 19:30:05.338, 2, 1 %, 5589 MiB
2026/09/26 19:30:05.338, 3, 2 %, 5589 MiB
2026/09/26 19:30:15.338, 0, 0 %, 2311 MiB
2026/09/26 19:30:15.343, 1, 0 %, 2121 MiB
2026/09/26 19:30:15.343, 2, 1 %, 2013 MiB
2026/09/26 19:30:15.343, 3, 4 %, 2013 MiB
