mps_pct,admit,quantum,n,node_ns_day_mean,node_min,node_max,cpu_cores_mean,jobs
inherit,all,250,4,2617,2578,2702,174.1,2664328+2665264
inherit,32,250,2,3230,3190,3271,112.8,2664328
inherit,16,250,2,3907,3904,3910,59.9,2664328
inherit,8,250,4,4102,4091,4109,30.6,2664328+2665264
50,all,250,2,2754,2736,2771,178.6,2664328
50,16,250,2,4214,4209,4220,59.9,2664328
50,8,250,2,4426,4420,4431,30.6,2664328
25,8,50,2,4646,4622,4669,31.4,2665264
25,4,50,2,4000,3997,4003,15.8,2665264
25,all,250,2,2840,2830,2851,178.3,2664328
25,16,250,2,4422,4414,4429,59.9,2664328
25,8,250,4,4558,4542,4580,30.3,2664328+2665264
25,6,250,2,4566,4552,4581,23.4,2665264
25,4,250,2,3952,3952,3953,15.6,2665264
25,2,250,2,2354,2354,2355,7.8,2665264
15,8,250,2,4416,4406,4425,29.9,2665264
15,6,250,2,4088,4087,4089,23.4,2665264
15,4,250,2,3131,3129,3133,15.6,2665264
15,2,250,2,1715,1715,1715,7.8,2665264
10,8,250,2,3898,3898,3898,29.6,2665264
10,6,250,2,3423,3421,3425,23.4,2665264
10,4,250,2,2474,2473,2474,15.6,2665264
10,2,250,2,1318,1317,1318,7.9,2665264
