primary_cv_center,primary_cv_k_kcal,aux_center,aux_k_kcal_mol,state_instance_id,state_role,spawn_parent_state_id,matched_additional_slot_id
3.5,2.0,,0.0,ord-0,ordinary,,
3.75,2.0,,0.0,ord-1,ordinary,,
4.0,2.0,,0.0,ord-2,ordinary,,
4.25,2.0,,0.0,ord-3,ordinary,,
4.5,2.0,,0.0,ord-4,ordinary,,
4.75,2.0,,0.0,ord-5,ordinary,,
5.0,2.0,,0.0,ord-6,ordinary,,
5.25,2.0,,0.0,ord-7,ordinary,,
5.5,2.0,,0.0,ord-8,ordinary,,
5.75,2.0,,0.0,ord-9,ordinary,,
6.0,2.0,,0.0,ord-10,ordinary,,
6.25,2.0,,0.0,ord-11,ordinary,,
6.5,2.0,,0.0,ord-12,ordinary,,
6.75,2.0,,0.0,ord-13,ordinary,,
7.0,2.0,,0.0,ord-14,ordinary,,
7.25,2.0,,0.0,ord-15,ordinary,,
7.5,2.0,,0.0,ord-16,ordinary,,
7.75,2.0,,0.0,ord-17,ordinary,,
8.0,2.0,,0.0,ord-18,ordinary,,
8.25,2.0,,0.0,ord-19,ordinary,,
5.0,2.0,0.0,1.2,aux-0,auxiliary,ord-6,slot-0
5.0,2.0,,0.0,sham-0,sham,ord-6,slot-0
6.75,2.0,0.0,1.2,aux-1,auxiliary,ord-13,slot-1
6.75,2.0,,0.0,sham-1,sham,ord-13,slot-1
