variant,metric,checkpoint_index,n_epochs,frac_total,bin,x,F_kcal_mol,P,count
epoch,cv_distance,2,2,0.07305861163855691,0,0.037104567109296716,3.310404048128091,0.00027369365618905,31
epoch,cv_distance,2,2,0.07305861163855691,1,0.06925855269655586,1.8724263722410943,0.0030535830643129308,1070
epoch,cv_distance,2,2,0.07305861163855691,2,0.101412538283815,1.2238921448521887,0.00906268995800328,7132
epoch,cv_distance,2,2,0.07305861163855691,3,0.13356652387107412,1.0609872730745344,0.011910523766618846,14476
epoch,cv_distance,2,2,0.07305861163855691,4,0.16572050945833325,0.9760420352406873,0.013734478763225973,14743
epoch,cv_distance,2,2,0.07305861163855691,5,0.1978744950455924,0.8728941891358084,0.01632878344361648,13709
epoch,cv_distance,2,2,0.07305861163855691,6,0.23002848063285153,0.8081780997463248,0.01820113716397165,13850
epoch,cv_distance,2,2,0.07305861163855691,7,0.26218246622011065,0.7458662425241926,0.020206531345405492,13725
epoch,cv_distance,2,2,0.07305861163855691,8,0.2943364518073698,0.6729299097065278,0.022836249809554465,13347
epoch,cv_distance,2,2,0.07305861163855691,9,0.3264904373946289,0.6624630536149003,0.023240728201423446,13114
epoch,cv_distance,2,2,0.07305861163855691,10,0.35864442298188803,0.6759091305299139,0.022722413971455215,12476
epoch,cv_distance,2,2,0.07305861163855691,11,0.39079840856914716,0.647060099247895,0.023849020735057812,11798
epoch,cv_distance,2,2,0.07305861163855691,12,0.42295239415640634,0.47528184375076465,0.03181327755500501,12266
epoch,cv_distance,2,2,0.07305861163855691,13,0.45510637974366547,0.2739517951998567,0.04459378262091076,13294
epoch,cv_distance,2,2,0.07305861163855691,14,0.4872603653309246,0.10851630741428209,0.05885611144503643,14725
epoch,cv_distance,2,2,0.07305861163855691,15,0.5194143509181837,0.09054208634559768,0.060657640636286855,14491
epoch,cv_distance,2,2,0.07305861163855691,16,0.5515683365054429,0.17745525293741093,0.05242888060754029,13210
epoch,cv_distance,2,2,0.07305861163855691,17,0.5837223220927019,0.331337790617402,0.04050134837272434,11742
epoch,cv_distance,2,2,0.07305861163855691,18,0.6158763076799612,0.3967574970267911,0.03629210966012358,11245
epoch,cv_distance,2,2,0.07305861163855691,19,0.6480302932672202,0.3107645719728045,0.041923425492828785,12017
epoch,cv_distance,2,2,0.07305861163855691,20,0.6801842788544794,0.14814032520830822,0.05507139367643708,13462
epoch,cv_distance,2,2,0.07305861163855691,21,0.7123382644417384,0.03611078964843606,0.06645656517887398,14339
epoch,cv_distance,2,2,0.07305861163855691,22,0.7444922500289977,0.0,0.07060639784744481,14961
epoch,cv_distance,2,2,0.07305861163855691,23,0.7766462356162568,0.05115753143899582,0.06480023291871471,14748
epoch,cv_distance,2,2,0.07305861163855691,24,0.8088002212035159,0.27285350882405557,0.044676011855683144,12984
epoch,cv_distance,2,2,0.07305861163855691,25,0.8409542067907751,0.46758954517979223,0.03222642555776422,10954
epoch,cv_distance,2,2,0.07305861163855691,26,0.8731081923780342,0.2847469953191173,0.043793552103486226,11710
epoch,cv_distance,2,2,0.07305861163855691,27,0.9052621779652934,0.1142143967190885,0.05829624657168807,8033
epoch,cv_distance,2,2,0.07305861163855691,28,0.9374161635525524,1.0800477493733576,0.011535743506803973,1203
epoch,cv_distance,2,2,0.07305861163855691,29,0.9695701491398117,4.311824825246731,5.1020513813115884e-05,41
epoch,cv_distance,3,3,0.11002596894895565,0,0.037104567109296716,3.1752354961860516,0.000328555439829652,38
epoch,cv_distance,3,3,0.11002596894895565,1,0.06925855269655586,1.736774786892421,0.0036686438413764027,1651
epoch,cv_distance,3,3,0.11002596894895565,2,0.101412538283815,1.0887792975880375,0.010878286023227721,11438
epoch,cv_distance,3,3,0.11002596894895565,3,0.13356652387107412,0.9283555574819831,0.014237270746903195,21148
epoch,cv_distance,3,3,0.11002596894895565,4,0.16572050945833325,0.8470878947466494,0.016316575250753546,22196
epoch,cv_distance,3,3,0.11002596894895565,5,0.1978744950455924,0.749540456158877,0.01921723244126913,21241
epoch,cv_distance,3,3,0.11002596894895565,6,0.23002848063285153,0.6918107121256423,0.0211712299536251,20694
epoch,cv_distance,3,3,0.11002596894895565,7,0.26218246622011065,0.6353989557890771,0.023272401527392635,20560
epoch,cv_distance,3,3,0.11002596894895565,8,0.2943364518073698,0.564992515833437,0.02618974252981265,19531
epoch,cv_distance,3,3,0.11002596894895565,9,0.3264904373946289,0.5543606951668436,0.02666099476489575,18905
epoch,cv_distance,3,3,0.11002596894895565,10,0.35864442298188803,0.5640898596615895,0.026229426822870768,18229
epoch,cv_distance,3,3,0.11002596894895565,11,0.39079840856914716,0.5300057574256538,0.027772728826557437,18393
epoch,cv_distance,3,3,0.11002596894895565,12,0.42295239415640634,0.3553329738350315,0.03722759983897003,19462
epoch,cv_distance,3,3,0.11002596894895565,13,0.45510637974366547,0.15834728768676132,0.05180433852001991,20819
epoch,cv_distance,3,3,0.11002596894895565,14,0.4872603653309246,0.0031632115705708674,0.06720713576940163,22200
epoch,cv_distance,3,3,0.11002596894895565,15,0.5194143509181837,0.0,0.06756468228416834,21630
epoch,cv_distance,3,3,0.11002596894895565,16,0.5515683365054429,0.1052981865322895,0.05662544150416485,19177
epoch,cv_distance,3,3,0.11002596894895565,17,0.5837223220927019,0.27884995239027677,0.04232351825139689,17201
epoch,cv_distance,3,3,0.11002596894895565,18,0.6158763076799612,0.3640683979738035,0.036686088764835194,17459
epoch,cv_distance,3,3,0.11002596894895565,19,0.6480302932672202,0.29806436291627936,0.04098117013629918,18441
epoch,cv_distance,3,3,0.11002596894895565,20,0.6801842788544794,0.15795758050408515,0.051838213787623696,20458
epoch,cv_distance,3,3,0.11002596894895565,21,0.7123382644417384,0.06933752893483258,0.06014622807990099,21980
epoch,cv_distance,3,3,0.11002596894895565,22,0.7444922500289977,0.055717326297995085,0.061536176559839235,22225
epoch,cv_distance,3,3,0.11002596894895565,23,0.7766462356162568,0.1264487249969921,0.054651709795813304,20782
epoch,cv_distance,3,3,0.11002596894895565,24,0.8088002212035159,0.3624559450939695,0.03678544889162521,17541
epoch,cv_distance,3,3,0.11002596894895565,25,0.8409542067907751,0.5643080697977463,0.026219827944742837,16389
epoch,cv_distance,3,3,0.11002596894895565,26,0.8731081923780342,0.38018035089067426,0.0357078826061034,20519
epoch,cv_distance,3,3,0.11002596894895565,27,0.9052621779652934,0.21107274970061263,0.04741944103245356,12337
epoch,cv_distance,3,3,0.11002596894895565,28,0.9374161635525524,1.1822911234126594,0.009299048686577228,1660
epoch,cv_distance,3,3,0.11002596894895565,29,0.9695701491398117,4.546066485858823,3.2959377550323654e-05,48
epoch,cv_distance,4,4,0.11002596894895565,0,0.037104567109296716,3.175223496603164,0.00032856276582877894,38
epoch,cv_distance,4,4,0.11002596894895565,1,0.06925855269655586,1.7367627918876316,0.0036687256151711847,1651
epoch,cv_distance,4,4,0.11002596894895565,2,0.101412538283815,1.0887673300301501,0.01087852799856265,11438
epoch,cv_distance,4,4,0.11002596894895565,3,0.13356652387107412,0.928343669509391,0.014237585538441032,21148
epoch,cv_distance,4,4,0.11002596894895565,4,0.16572050945833325,0.8470762129130645,0.016316930374490266,22196
epoch,cv_distance,4,4,0.11002596894895565,5,0.1978744950455924,0.7495291344382755,0.019217639088174608,21241
epoch,cv_distance,4,4,0.11002596894895565,6,0.23002848063285153,0.6917999381549587,0.021171658495741926,20694
epoch,cv_distance,4,4,0.11002596894895565,7,0.26218246622011065,0.6353889576192109,0.02327284231523719,20560
epoch,cv_distance,4,4,0.11002596894895565,8,0.2943364518073698,0.56498345170042,0.02619019753959338,19531
epoch,cv_distance,4,4,0.11002596894895565,9,0.3264904373946289,0.5543527220163749,0.02666140917126354,18905
epoch,cv_distance,4,4,0.11002596894895565,10,0.35864442298188803,0.5640831184248714,0.02622978031960103,18229
epoch,cv_distance,4,4,0.11002596894895565,11,0.39079840856914716,0.5300003489825049,0.02777304103233215,18393
epoch,cv_distance,4,4,0.11002596894895565,12,0.42295239415640634,0.35532894248299707,0.03722793233718001,19462
epoch,cv_distance,4,4,0.11002596894895565,13,0.45510637974366547,0.15834461111430453,0.05180468348378893,20819
epoch,cv_distance,4,4,0.11002596894895565,14,0.4872603653309246,0.0031618827159449747,0.06720743136669505,22200
epoch,cv_distance,4,4,0.11002596894895565,15,0.5194143509181837,0.0,0.0675648288506257,21630
epoch,cv_distance,4,4,0.11002596894895565,16,0.5515683365054429,0.10529946877256124,0.05662544254867838,19177
epoch,cv_distance,4,4,0.11002596894895565,17,0.5837223220927019,0.2788525032823794,0.042323428966279546,17201
epoch,cv_distance,4,4,0.11002596894895565,18,0.6158763076799612,0.36407219330811147,0.03668593479312952,17459
epoch,cv_distance,4,4,0.11002596894895565,19,0.6480302932672202,0.2980693175820863,0.04098091844404927,18441
epoch,cv_distance,4,4,0.11002596894895565,20,0.6801842788544794,0.15796362685286702,0.051837800490336275,20458
epoch,cv_distance,4,4,0.11002596894895565,21,0.7123382644417384,0.06934455802397688,0.06014564939721815,21980
epoch,cv_distance,4,4,0.11002596894895565,22,0.7444922500289977,0.05572516776238867,0.061535500651029126,22225
epoch,cv_distance,4,4,0.11002596894895565,23,0.7766462356162568,0.12645720260382687,0.054651051189257636,20782
epoch,cv_distance,4,4,0.11002596894895565,24,0.8088002212035159,0.36246489027060536,0.03678497674048762,17541
epoch,cv_distance,4,4,0.11002596894895565,25,0.8409542067907751,0.5643173656881171,0.026219475981621065,16389
epoch,cv_distance,4,4,0.11002596894895565,26,0.8731081923780342,0.38018987409954463,0.035707389664261104,20519
epoch,cv_distance,4,4,0.11002596894895565,27,0.9052621779652934,0.21108238023647052,0.047418777877534464,12337
epoch,cv_distance,4,4,0.11002596894895565,28,0.9374161635525524,1.1823007923499387,0.009298918041565818,1660
epoch,cv_distance,4,4,0.11002596894895565,29,0.9695701491398117,4.546076022209139,3.2958921824644075e-05,48
epoch,cv_distance,5,5,0.24513780297107116,0,0.037104567109296716,2.2370023767072325,0.0012919764585409802,191
epoch,cv_distance,5,5,0.24513780297107116,1,0.06925855269655586,1.1740483661464833,0.0076842331649995405,4116
epoch,cv_distance,5,5,0.24513780297107116,2,0.101412538283815,0.6254447839699893,0.019286345998600515,24295
epoch,cv_distance,5,5,0.24513780297107116,3,0.13356652387107412,0.4739968004666304,0.02486437351405819,45807
epoch,cv_distance,5,5,0.24513780297107116,4,0.16572050945833325,0.42026569228970523,0.027209453652213025,50802
epoch,cv_distance,5,5,0.24513780297107116,5,0.1978744950455924,0.36864438927787546,0.029670520201484425,48960
epoch,cv_distance,5,5,0.24513780297107116,6,0.23002848063285153,0.3595936329216811,0.030124406539960673,46997
epoch,cv_distance,5,5,0.24513780297107116,7,0.26218246622011065,0.3403248146379356,0.031113978184724896,46003
epoch,cv_distance,5,5,0.24513780297107116,8,0.2943364518073698,0.3071501583088154,0.03289446131346633,43463
epoch,cv_distance,5,5,0.24513780297107116,9,0.3264904373946289,0.3251057726580955,0.03191849348478385,42092
epoch,cv_distance,5,5,0.24513780297107116,10,0.35864442298188803,0.31210166646361426,0.03262238282119354,41753
epoch,cv_distance,5,5,0.24513780297107116,11,0.39079840856914716,0.2813563621227111,0.03434892655897246,42085
epoch,cv_distance,5,5,0.24513780297107116,12,0.42295239415640634,0.19335750647817074,0.039812459326159705,43275
epoch,cv_distance,5,5,0.24513780297107116,13,0.45510637974366547,0.09947098476341054,0.046603004682926025,45047
epoch,cv_distance,5,5,0.24513780297107116,14,0.4872603653309246,0.0001377715740162877,0.055052451508098864,47999
epoch,cv_distance,5,5,0.24513780297107116,15,0.5194143509181837,0.03621318142457519,0.051819864389714664,46659
epoch,cv_distance,5,5,0.24513780297107116,16,0.5515683365054429,0.12676461203311606,0.04451751598149675,43241
epoch,cv_distance,5,5,0.24513780297107116,17,0.5837223220927019,0.2292253542008833,0.037487788490904145,41485
epoch,cv_distance,5,5,0.24513780297107116,18,0.6158763076799612,0.29322598288473234,0.03367179975995236,40254
epoch,cv_distance,5,5,0.24513780297107116,19,0.6480302932672202,0.28321108396998307,0.03424222941368436,39832
epoch,cv_distance,5,5,0.24513780297107116,20,0.6801842788544794,0.17839760927674764,0.04082414191419634,42044
epoch,cv_distance,5,5,0.24513780297107116,21,0.7123382644417384,0.07034506187709044,0.048936365702329364,47513
epoch,cv_distance,5,5,0.24513780297107116,22,0.7444922500289977,0.0,0.05506517548003383,50439
epoch,cv_distance,5,5,0.24513780297107116,23,0.7766462356162568,0.05517661102349947,0.05019745513349324,46539
epoch,cv_distance,5,5,0.24513780297107116,24,0.8088002212035159,0.24880465881389924,0.03627660142494247,40986
epoch,cv_distance,5,5,0.24513780297107116,25,0.8409542067907751,0.3307853097587401,0.03161585477569804,41082
epoch,cv_distance,5,5,0.24513780297107116,26,0.8731081923780342,0.16578049292247932,0.04169734890453289,44744
epoch,cv_distance,5,5,0.24513780297107116,27,0.9052621779652934,0.19651233059266704,0.03960233236503871,23106
epoch,cv_distance,5,5,0.24513780297107116,28,0.9374161635525524,1.0509753591914794,0.009446204864056222,2824
epoch,cv_distance,5,5,0.24513780297107116,29,0.9695701491398117,3.751483420949121,0.00010185398974360542,63
epoch,cv_distance,6,6,0.3182068859600134,0,0.037104567109296716,1.9009942815550178,0.0019891447367232982,332
epoch,cv_distance,6,6,0.3182068859600134,1,0.06925855269655586,0.721887989988768,0.014375650326598495,7110
epoch,cv_distance,6,6,0.3182068859600134,2,0.101412538283815,0.3952855281973604,0.02486293865623786,33086
epoch,cv_distance,6,6,0.3182068859600134,3,0.13356652387107412,0.40436091516895045,0.024487315464058617,56672
epoch,cv_distance,6,6,0.3182068859600134,4,0.16572050945833325,0.40551009076170264,0.024440158558984865,64041
epoch,cv_distance,6,6,0.3182068859600134,5,0.1978744950455924,0.33082081927286566,0.02770218496870537,64255
epoch,cv_distance,6,6,0.3182068859600134,6,0.23002848063285153,0.28341116133362476,0.02999516422964707,62124
epoch,cv_distance,6,6,0.3182068859600134,7,0.26218246622011065,0.2705098683428213,0.030651352391913397,59327
epoch,cv_distance,6,6,0.3182068859600134,8,0.2943364518073698,0.2627655129719817,0.031052122228318255,55598
epoch,cv_distance,6,6,0.3182068859600134,9,0.3264904373946289,0.25045043999211813,0.0317002459347885,54183
epoch,cv_distance,6,6,0.3182068859600134,10,0.35864442298188803,0.2136969155933608,0.03371607557745625,54090
epoch,cv_distance,6,6,0.3182068859600134,11,0.39079840856914716,0.1478508675766257,0.03765345823712245,55272
epoch,cv_distance,6,6,0.3182068859600134,12,0.42295239415640634,0.06731614373127304,0.04309959597008165,57083
epoch,cv_distance,6,6,0.3182068859600134,13,0.45510637974366547,0.03127764449307624,0.04578536714425189,58918
epoch,cv_distance,6,6,0.3182068859600134,14,0.4872603653309246,0.0,0.04825163038803346,61697
epoch,cv_distance,6,6,0.3182068859600134,15,0.5194143509181837,0.03633160079896913,0.04539886237687527,59877
epoch,cv_distance,6,6,0.3182068859600134,16,0.5515683365054429,0.08727725067673231,0.04168039577956648,55574
epoch,cv_distance,6,6,0.3182068859600134,17,0.5837223220927019,0.1360532149043976,0.03840601801758102,53481
epoch,cv_distance,6,6,0.3182068859600134,18,0.6158763076799612,0.14671528316785665,0.03772524993434266,53762
epoch,cv_distance,6,6,0.3182068859600134,19,0.6480302932672202,0.14802332903900783,0.03764256717202717,53658
epoch,cv_distance,6,6,0.3182068859600134,20,0.6801842788544794,0.10165834073523028,0.04068697737244962,55720
epoch,cv_distance,6,6,0.3182068859600134,21,0.7123382644417384,0.04943145837485985,0.044412162683043356,61396
epoch,cv_distance,6,6,0.3182068859600134,22,0.7444922500289977,0.014005625364728713,0.04713126604644311,63898
epoch,cv_distance,6,6,0.3182068859600134,23,0.7766462356162568,0.03082744444346619,0.045819955703154204,61301
epoch,cv_distance,6,6,0.3182068859600134,24,0.8088002212035159,0.10312009593670868,0.04058733731095974,55831
epoch,cv_distance,6,6,0.3182068859600134,25,0.8409542067907751,0.21397209630774672,0.03370051624287139,52099
epoch,cv_distance,6,6,0.3182068859600134,26,0.8731081923780342,0.16661238184619198,0.03648693558775061,53201
epoch,cv_distance,6,6,0.3182068859600134,27,0.9052621779652934,0.048990912066351866,0.04444499414334977,30362
epoch,cv_distance,6,6,0.3182068859600134,28,0.9374161635525524,0.6567246455352227,0.01603607254138594,4613
epoch,cv_distance,6,6,0.3182068859600134,29,0.9695701491398117,3.8296435528150794,7.828427527822864e-05,79
epoch,cv_distance,7,7,0.3556908298894225,0,0.037104567109296716,1.9401063457643062,0.0018896654665043102,359
epoch,cv_distance,7,7,0.3556908298894225,1,0.06925855269655586,0.761353204264001,0.013648621099026504,7853
epoch,cv_distance,7,7,0.3556908298894225,2,0.101412538283815,0.43505920726546643,0.023593318117279334,37749
epoch,cv_distance,7,7,0.3556908298894225,3,0.13356652387107412,0.4448045919108585,0.023210775876438314,63925
epoch,cv_distance,7,7,0.3556908298894225,4,0.16572050945833325,0.44698913188239464,0.023125879250464935,70793
epoch,cv_distance,7,7,0.3556908298894225,5,0.1978744950455924,0.37281942121361666,0.026189654376501295,71160
epoch,cv_distance,7,7,0.3556908298894225,6,0.23002848063285153,0.3247052954977412,0.02839096671958717,69009
epoch,cv_distance,7,7,0.3556908298894225,7,0.26218246622011065,0.3095133118371236,0.02912375112347715,66031
epoch,cv_distance,7,7,0.3556908298894225,8,0.2943364518073698,0.2981050696891203,0.02968643474047844,62231
epoch,cv_distance,7,7,0.3556908298894225,9,0.3264904373946289,0.2814653546609418,0.03052669756814569,60693
epoch,cv_distance,7,7,0.3556908298894225,10,0.35864442298188803,0.23972057456569473,0.032740873780511937,60556
epoch,cv_distance,7,7,0.3556908298894225,11,0.39079840856914716,0.16834899726896024,0.036904844615862575,61648
epoch,cv_distance,7,7,0.3556908298894225,12,0.42295239415640634,0.08173306842816297,0.042675810341946174,63470
epoch,cv_distance,7,7,0.3556908298894225,13,0.45510637974366547,0.03883638053532601,0.045859716463080846,65518
epoch,cv_distance,7,7,0.3556908298894225,14,0.4872603653309246,0.0,0.04894666221773192,68560
epoch,cv_distance,7,7,0.3556908298894225,15,0.5194143509181837,0.02849179015403891,0.04666241835594409,66467
epoch,cv_distance,7,7,0.3556908298894225,16,0.5515683365054429,0.07169017011719192,0.04340081410850605,62319
epoch,cv_distance,7,7,0.3556908298894225,17,0.5837223220927019,0.11439524862191375,0.04040060527517597,60481
epoch,cv_distance,7,7,0.3556908298894225,18,0.6158763076799612,0.12249529072832033,0.03985539460631293,60731
epoch,cv_distance,7,7,0.3556908298894225,19,0.6480302932672202,0.12558420427704742,0.03964942436610419,61353
epoch,cv_distance,7,7,0.3556908298894225,20,0.6801842788544794,0.08555694807951242,0.04240295644993375,63877
epoch,cv_distance,7,7,0.3556908298894225,21,0.7123382644417384,0.04252288035386087,0.04557700740055004,68691
epoch,cv_distance,7,7,0.3556908298894225,22,0.7444922500289977,0.015558238485946063,0.04768580736123229,70251
epoch,cv_distance,7,7,0.3556908298894225,23,0.7766462356162568,0.03804477882885782,0.04592065088424202,67329
epoch,cv_distance,7,7,0.3556908298894225,24,0.8088002212035159,0.11223494327024319,0.04054727023303539,60888
epoch,cv_distance,7,7,0.3556908298894225,25,0.8409542067907751,0.22258063551135,0.033695852789994984,56111
epoch,cv_distance,7,7,0.3556908298894225,26,0.8731081923780342,0.17270607376062874,0.03663610682922369,59952
epoch,cv_distance,7,7,0.3556908298894225,27,0.9052621779652934,0.053068229708297165,0.044777895474761076,36286
epoch,cv_distance,7,7,0.3556908298894225,28,0.9374161635525524,0.6599899036914416,0.016178207828877134,5939
epoch,cv_distance,7,7,0.3556908298894225,29,0.9695701491398117,3.7170719686185847,9.59162790697965e-05,234
epoch,cv_distance,8,8,0.3556908298894225,0,0.037104567109296716,1.9401067071560696,0.001889661051250036,359
epoch,cv_distance,8,8,0.3556908298894225,1,0.06925855269655586,0.7613535751868088,0.013648588990450692,7853
epoch,cv_distance,8,8,0.3556908298894225,2,0.101412538283815,0.4350595867882021,0.02359326227331719,37749
epoch,cv_distance,8,8,0.3556908298894225,3,0.13356652387107412,0.44480499617821034,0.02321071997453296,63925
epoch,cv_distance,8,8,0.3556908298894225,4,0.16572050945833325,0.4469895913698434,0.023125821410973676,70793
epoch,cv_distance,8,8,0.3556908298894225,5,0.1978744950455924,0.372819967747563,0.026189585050302513,71160
epoch,cv_distance,8,8,0.3556908298894225,6,0.23002848063285153,0.32470594899867256,0.028390886472260197,69009
epoch,cv_distance,8,8,0.3556908298894225,7,0.26218246622011065,0.30951407732691183,0.02912366333404961,66031
epoch,cv_distance,8,8,0.3556908298894225,8,0.2943364518073698,0.29810592825370796,0.029686340620184264,62231
epoch,cv_distance,8,8,0.3556908298894225,9,0.3264904373946289,0.2814662647851438,0.03052659814368971,60693
epoch,cv_distance,8,8,0.3556908298894225,10,0.35864442298188803,0.2397214756869539,0.03274076763899186,60556
epoch,cv_distance,8,8,0.3556908298894225,11,0.39079840856914716,0.1683498036461062,0.03690473084034097,61648
epoch,cv_distance,8,8,0.3556908298894225,12,0.42295239415640634,0.08173368912380097,0.04267569206671675,63470
epoch,cv_distance,8,8,0.3556908298894225,13,0.45510637974366547,0.03883672608231992,0.04585961052947409,65518
epoch,cv_distance,8,8,0.3556908298894225,14,0.4872603653309246,0.0,0.048946577523844424,68560
epoch,cv_distance,8,8,0.3556908298894225,15,0.5194143509181837,0.02849140058382682,0.04666236810674232,66467
epoch,cv_distance,8,8,0.3556908298894225,16,0.5515683365054429,0.07168935609337179,0.043400798272011896,62319
epoch,cv_distance,8,8,0.3556908298894225,17,0.5837223220927019,0.11439399336706235,0.040400620434732096,60481
epoch,cv_distance,8,8,0.3556908298894225,18,0.6158763076799612,0.12249360227950135,0.039855438521790146,60731
epoch,cv_distance,8,8,0.3556908298894225,19,0.6480302932672202,0.12558211076370784,0.03964949499465138,61353
epoch,cv_distance,8,8,0.3556908298894225,20,0.6801842788544794,0.08555451304179251,0.04240305627495541,63877
epoch,cv_distance,8,8,0.3556908298894225,21,0.7123382644417384,0.04252018416691605,0.045577134663039996,68691
epoch,cv_distance,8,8,0.3556908298894225,22,0.7444922500289977,0.015555374589288684,0.04768595392684357,70251
epoch,cv_distance,8,8,0.3556908298894225,23,0.7766462356162568,0.03804181691214592,0.04592079957476033,67329
epoch,cv_distance,8,8,0.3556908298894225,24,0.8088002212035159,0.11223193062897718,0.040547404974598925,60888
epoch,cv_distance,8,8,0.3556908298894225,25,0.8409542067907751,0.22257759638230978,0.03369596626092436,56111
epoch,cv_distance,8,8,0.3556908298894225,26,0.8731081923780342,0.17270302021615658,0.036636231087350764,59952
epoch,cv_distance,8,8,0.3556908298894225,27,0.9052621779652934,0.05306517326187743,0.044778047565236144,36286
epoch,cv_distance,8,8,0.3556908298894225,28,0.9374161635525524,0.6599868459154419,0.01617826281509152,5939
epoch,cv_distance,8,8,0.3556908298894225,29,0.9695701491398117,3.7170688995080647,9.591660689201046e-05,234
epoch,cv_distance,9,9,0.479130598682006,0,0.037104567109296716,1.6979699550755225,0.002781176974536115,643
epoch,cv_distance,9,9,0.479130598682006,1,0.06925855269655586,0.66712948247258,0.015674017670775225,11113
epoch,cv_distance,9,9,0.479130598682006,2,0.101412538283815,0.38541405907168547,0.025142343811042724,50621
epoch,cv_distance,9,9,0.479130598682006,3,0.13356652387107412,0.4015019747128459,0.024472929406450676,85002
epoch,cv_distance,9,9,0.479130598682006,4,0.16572050945833325,0.40146967437035097,0.024474255399007064,95902
epoch,cv_distance,9,9,0.479130598682006,5,0.1978744950455924,0.33883238301030105,0.027185655426315316,96109
epoch,cv_distance,9,9,0.479130598682006,6,0.23002848063285153,0.3148207275865349,0.02830296511743596,92736
epoch,cv_distance,9,9,0.479130598682006,7,0.26218246622011065,0.30313987588983315,0.028862986089580663,87917
epoch,cv_distance,9,9,0.479130598682006,8,0.2943364518073698,0.27627058155610285,0.03019361652319697,83749
epoch,cv_distance,9,9,0.479130598682006,9,0.3264904373946289,0.2583006623721362,0.031117589657025716,82048
epoch,cv_distance,9,9,0.479130598682006,10,0.35864442298188803,0.22889505950381062,0.03269094589620337,82408
epoch,cv_distance,9,9,0.479130598682006,11,0.39079840856914716,0.16914915686428778,0.03613694827477054,84080
epoch,cv_distance,9,9,0.479130598682006,12,0.42295239415640634,0.09018916433990354,0.04125462420822594,85779
epoch,cv_distance,9,9,0.479130598682006,13,0.45510637974366547,0.037913463596414676,0.04503546937603251,88292
epoch,cv_distance,9,9,0.479130598682006,14,0.4872603653309246,0.0,0.04799257793196313,91352
epoch,cv_distance,9,9,0.479130598682006,15,0.5194143509181837,0.01412857694452363,0.04686856146943789,88794
epoch,cv_distance,9,9,0.479130598682006,16,0.5515683365054429,0.04452688807952088,0.044538636111668736,85408
epoch,cv_distance,9,9,0.479130598682006,17,0.5837223220927019,0.08284646403330886,0.041765884357502656,83323
epoch,cv_distance,9,9,0.479130598682006,18,0.6158763076799612,0.09531941805432798,0.04090113154947222,82239
epoch,cv_distance,9,9,0.479130598682006,19,0.6480302932672202,0.10835290078749549,0.04001664070560922,82222
epoch,cv_distance,9,9,0.479130598682006,20,0.6801842788544794,0.07376107652321151,0.04240726354006767,85107
epoch,cv_distance,9,9,0.479130598682006,21,0.7123382644417384,0.0475302516361662,0.04431482194975282,89746
epoch,cv_distance,9,9,0.479130598682006,22,0.7444922500289977,0.02300711914755227,0.046175726826416165,92425
epoch,cv_distance,9,9,0.479130598682006,23,0.7766462356162568,0.02443734647242546,0.04606508121271228,91517
epoch,cv_distance,9,9,0.479130598682006,24,0.8088002212035159,0.08677165427399802,0.04149179656588879,84208
epoch,cv_distance,9,9,0.479130598682006,25,0.8409542067907751,0.2127774795319215,0.033586821045490545,74789
epoch,cv_distance,9,9,0.479130598682006,26,0.8731081923780342,0.21030205678723068,0.033726572545942524,75817
epoch,cv_distance,9,9,0.479130598682006,27,0.9052621779652934,0.08676973623242223,0.041491930058488655,52124
epoch,cv_distance,9,9,0.479130598682006,28,0.9374161635525524,0.6839318674769339,0.015238423827927812,10544
epoch,cv_distance,9,9,0.479130598682006,29,0.9695701491398117,3.7262718640838255,9.26064710602413e-05,290
epoch,cv_distance,10,10,0.6688295822629287,0,0.037104567109296716,1.6224197407987317,0.0031005471674984833,914
epoch,cv_distance,10,10,0.6688295822629287,1,0.06925855269655586,0.6485702041104824,0.015880823307909863,16004
epoch,cv_distance,10,10,0.6688295822629287,2,0.101412538283815,0.33853624124484916,0.026713332551384743,72379
epoch,cv_distance,10,10,0.6688295822629287,3,0.13356652387107412,0.29503239538651305,0.02873557984086513,120527
epoch,cv_distance,10,10,0.6688295822629287,4,0.16572050945833325,0.28515412758927927,0.029215689064295634,132896
epoch,cv_distance,10,10,0.6688295822629287,5,0.1978744950455924,0.21712527983149266,0.03274719616547383,132381
epoch,cv_distance,10,10,0.6688295822629287,6,0.23002848063285153,0.18263937504650296,0.03469737196510877,127758
epoch,cv_distance,10,10,0.6688295822629287,7,0.26218246622011065,0.15960927247602008,0.03606398083528308,122905
epoch,cv_distance,10,10,0.6688295822629287,8,0.2943364518073698,0.14480785382800176,0.03697058080784956,118353
epoch,cv_distance,10,10,0.6688295822629287,9,0.3264904373946289,0.12746418101735624,0.038061936199801354,116399
epoch,cv_distance,10,10,0.6688295822629287,10,0.35864442298188803,0.10666411912865392,0.039413355239737595,116720
epoch,cv_distance,10,10,0.6688295822629287,11,0.39079840856914716,0.08101896351359472,0.04114580050171545,117379
epoch,cv_distance,10,10,0.6688295822629287,12,0.42295239415640634,0.05253793591523204,0.043159212747608526,118739
epoch,cv_distance,10,10,0.6688295822629287,13,0.45510637974366547,0.02649728795481643,0.04508621033853582,123149
epoch,cv_distance,10,10,0.6688295822629287,14,0.4872603653309246,0.0,0.047135335935113196,127189
epoch,cv_distance,10,10,0.6688295822629287,15,0.5194143509181837,0.02309294676664342,0.04534440879622619,123069
epoch,cv_distance,10,10,0.6688295822629287,16,0.5515683365054429,0.049856086314111314,0.04335380313328429,118850
epoch,cv_distance,10,10,0.6688295822629287,17,0.5837223220927019,0.09212647967493393,0.04038628059888815,114850
epoch,cv_distance,10,10,0.6688295822629287,18,0.6158763076799612,0.08670341587341057,0.040755336042605055,113495
epoch,cv_distance,10,10,0.6688295822629287,19,0.6480302932672202,0.062187979813083105,0.042466219783835905,115664
epoch,cv_distance,10,10,0.6688295822629287,20,0.6801842788544794,0.06203781731571545,0.042476917621869885,120455
epoch,cv_distance,10,10,0.6688295822629287,21,0.7123382644417384,0.06008938617125592,0.04261597184650678,125142
epoch,cv_distance,10,10,0.6688295822629287,22,0.7444922500289977,0.03577187754755151,0.044390223783343445,131103
epoch,cv_distance,10,10,0.6688295822629287,23,0.7766462356162568,0.05889156794071071,0.04270168271996377,132656
epoch,cv_distance,10,10,0.6688295822629287,24,0.8088002212035159,0.1442988244355996,0.03700216143809797,126301
epoch,cv_distance,10,10,0.6688295822629287,25,0.8409542067907751,0.22212378660838117,0.03247377555635066,112666
epoch,cv_distance,10,10,0.6688295822629287,26,0.8731081923780342,0.4567091373428085,0.02190992553910742,95842
epoch,cv_distance,10,10,0.6688295822629287,27,0.9052621779652934,0.5445712706553418,0.018907524212433465,59195
epoch,cv_distance,10,10,0.6688295822629287,28,0.9374161635525524,1.1336135761874695,0.007039247688169435,12557
epoch,cv_distance,10,10,0.6688295822629287,29,0.9695701491398117,4.0881290100716665,4.956857113658229e-05,335
epoch,cv_distance,11,11,0.7652602479615771,0,0.037104567109296716,1.6049395759704703,0.0031566629529708647,917
epoch,cv_distance,11,11,0.7652602479615771,1,0.06925855269655586,0.630984038372044,0.01617112017903208,16938
epoch,cv_distance,11,11,0.7652602479615771,2,0.101412538283815,0.3206832421385557,0.027213822365143657,81256
epoch,cv_distance,11,11,0.7652602479615771,3,0.13356652387107412,0.2765737138900306,0.029303714229689064,136824
epoch,cv_distance,11,11,0.7652602479615771,4,0.16572050945833325,0.26548146440306786,0.029854046612198346,151959
epoch,cv_distance,11,11,0.7652602479615771,5,0.1978744950455924,0.19568854138001557,0.03356188124174111,152656
epoch,cv_distance,11,11,0.7652602479615771,6,0.23002848063285153,0.15962351343351888,0.0356548919089933,147502
epoch,cv_distance,11,11,0.7652602479615771,7,0.26218246622011065,0.13592220563957103,0.037100961834405234,141587
epoch,cv_distance,11,11,0.7652602479615771,8,0.2943364518073698,0.1219619870520603,0.03798000145460937,136371
epoch,cv_distance,11,11,0.7652602479615771,9,0.3264904373946289,0.10705825569974947,0.03894145013447207,133910
epoch,cv_distance,11,11,0.7652602479615771,10,0.35864442298188803,0.09025153513947037,0.040054891721255544,134364
epoch,cv_distance,11,11,0.7652602479615771,11,0.39079840856914716,0.06957905475509318,0.041468196865728564,134685
epoch,cv_distance,11,11,0.7652602479615771,12,0.42295239415640634,0.04604379899955946,0.043138022219072876,135380
epoch,cv_distance,11,11,0.7652602479615771,13,0.45510637974366547,0.02406250989567149,0.04475826741814754,139211
epoch,cv_distance,11,11,0.7652602479615771,14,0.4872603653309246,0.0,0.0466017731628779,143800
epoch,cv_distance,11,11,0.7652602479615771,15,0.5194143509181837,0.023656864787500398,0.04478873258123762,140425
epoch,cv_distance,11,11,0.7652602479615771,16,0.5515683365054429,0.049622441206057744,0.042879848575324904,135803
epoch,cv_distance,11,11,0.7652602479615771,17,0.5837223220927019,0.09049164790594166,0.04003876226996484,131357
epoch,cv_distance,11,11,0.7652602479615771,18,0.6158763076799612,0.08385693335644828,0.04048684479615173,131139
epoch,cv_distance,11,11,0.7652602479615771,19,0.6480302932672202,0.05904058815359581,0.04220775619960738,133113
epoch,cv_distance,11,11,0.7652602479615771,20,0.6801842788544794,0.05950805926088765,0.042174672580392876,137971
epoch,cv_distance,11,11,0.7652602479615771,21,0.7123382644417384,0.05875708337646368,0.04222783289136501,142931
epoch,cv_distance,11,11,0.7652602479615771,22,0.7444922500289977,0.035916064203745934,0.0438771218060029,148578
epoch,cv_distance,11,11,0.7652602479615771,23,0.7766462356162568,0.060763355873601155,0.04208596164459134,150713
epoch,cv_distance,11,11,0.7652602479615771,24,0.8088002212035159,0.1487546259333583,0.036310894234099174,147107
epoch,cv_distance,11,11,0.7652602479615771,25,0.8409542067907751,0.2296450784368851,0.031703665136324506,138765
epoch,cv_distance,11,11,0.7652602479615771,26,0.8731081923780342,0.4689002432458107,0.021223436200398463,108506
epoch,cv_distance,11,11,0.7652602479615771,27,0.9052621779652934,0.5598342519968029,0.01822097653666233,61089
epoch,cv_distance,11,11,0.7652602479615771,28,0.9374161635525524,1.1501875136522801,0.006768746023306683,12712
epoch,cv_distance,11,11,0.7652602479615771,29,0.9695701491398117,4.138402013486129,4.504422423279309e-05,335
epoch,cv_distance,12,12,0.7652602479615771,0,0.037104567109296716,1.6049297476668296,0.0031567114018545023,917
epoch,cv_distance,12,12,0.7652602479615771,1,0.06925855269655586,0.630974216464725,0.01617136820203393,16938
epoch,cv_distance,12,12,0.7652602479615771,2,0.101412538283815,0.32067344005939047,0.027214238849391347,81256
epoch,cv_distance,12,12,0.7652602479615771,3,0.13356652387107412,0.2765639520094991,0.029304160721988163,136824
epoch,cv_distance,12,12,0.7652602479615771,4,0.16572050945833325,0.2654717870554344,0.029854497256525073,151959
epoch,cv_distance,12,12,0.7652602479615771,5,0.1978744950455924,0.1956790084606288,0.033562379724572385,152656
epoch,cv_distance,12,12,0.7652602479615771,6,0.23002848063285153,0.15961421439103973,0.03565540749078782,147502
epoch,cv_distance,12,12,0.7652602479615771,7,0.26218246622011065,0.13591329757293447,0.03710147399487901,141587
epoch,cv_distance,12,12,0.7652602479615771,8,0.2943364518073698,0.12195370566020047,0.037980485825318155,136371
epoch,cv_distance,12,12,0.7652602479615771,9,0.3264904373946289,0.10705087918709122,0.03894188765911821,133910
epoch,cv_distance,12,12,0.7652602479615771,10,0.35864442298188803,0.09024537237976693,0.04005526020543432,134364
epoch,cv_distance,12,12,0.7652602479615771,11,0.39079840856914716,0.06957434069732082,0.04146847758096828,134685
epoch,cv_distance,12,12,0.7652602479615771,12,0.42295239415640634,0.04604065174016547,0.04313820086444265,135380
epoch,cv_distance,12,12,0.7652602479615771,13,0.45510637974366547,0.024060966444206633,0.0447583323632157,139211
epoch,cv_distance,12,12,0.7652602479615771,14,0.4872603653309246,0.0,0.04660172013168535,143800
epoch,cv_distance,12,12,0.7652602479615771,15,0.5194143509181837,0.02365824495252733,0.04478857792366226,140425
epoch,cv_distance,12,12,0.7652602479615771,16,0.5515683365054429,0.049625017270886085,0.042879614492601754,135803
epoch,cv_distance,12,12,0.7652602479615771,17,0.5837223220927019,0.09049519990337718,0.040038478152682855,131357
epoch,cv_distance,12,12,0.7652602479615771,18,0.6158763076799612,0.08386126550170214,0.040486504517818156,131139
epoch,cv_distance,12,12,0.7652602479615771,19,0.6480302932672202,0.059045560874185776,0.04220735610575982,133113
epoch,cv_distance,12,12,0.7652602479615771,20,0.6801842788544794,0.05951358437379639,0.042174233722245436,137971
epoch,cv_distance,12,12,0.7652602479615771,21,0.7123382644417384,0.05876310896622727,0.042227358030202,142931
epoch,cv_distance,12,12,0.7652602479615771,22,0.7444922500289977,0.035922507752862876,0.04387659763701985,148578
epoch,cv_distance,12,12,0.7652602479615771,23,0.7766462356162568,0.06077014919886836,0.04208543418121419,150713
epoch,cv_distance,12,12,0.7652602479615771,24,0.8088002212035159,0.14876169227121405,0.036310422521250434,147107
epoch,cv_distance,12,12,0.7652602479615771,25,0.8409542067907751,0.22965232660888102,0.031703243605983915,138765
epoch,cv_distance,12,12,0.7652602479615771,26,0.8731081923780342,0.46890760402886844,0.02122315000573785,108506
epoch,cv_distance,12,12,0.7652602479615771,27,0.9052621779652934,0.5598416637019641,0.018220729273338756,61089
epoch,cv_distance,12,12,0.7652602479615771,28,0.9374161635525524,1.1501949446386281,0.0067686539507742045,12712
epoch,cv_distance,12,12,0.7652602479615771,29,0.9695701491398117,4.138409497684735,4.5043607493799936e-05,335
epoch,cv_distance,13,13,1.0,0,0.037104567109296716,1.6102252157429944,0.0030649591896148238,1133
epoch,cv_distance,13,13,1.0,1,0.06925855269655586,0.6213942023782324,0.016098045361636962,23245
epoch,cv_distance,13,13,1.0,2,0.101412538283815,0.3099036552319805,0.027144966084168377,108700
epoch,cv_distance,13,13,1.0,3,0.13356652387107412,0.2442603142041646,0.030304664849335798,177989
epoch,cv_distance,13,13,1.0,4,0.16572050945833325,0.22332357368815225,0.031387851152450595,198215
epoch,cv_distance,13,13,1.0,5,0.1978744950455924,0.1619756527303955,0.03478985493046567,198465
epoch,cv_distance,13,13,1.0,6,0.23002848063285153,0.12332397083840596,0.037120155253842685,191778
epoch,cv_distance,13,13,1.0,7,0.26218246622011065,0.09311877698559168,0.039049350186386216,183571
epoch,cv_distance,13,13,1.0,8,0.2943364518073698,0.06868205766472912,0.04068324555557681,177687
epoch,cv_distance,13,13,1.0,9,0.3264904373946289,0.04992464563017229,0.0419836394026794,174996
epoch,cv_distance,13,13,1.0,10,0.35864442298188803,0.03221252277970543,0.04324969977300745,176950
epoch,cv_distance,13,13,1.0,11,0.39079840856914716,0.019253464017382038,0.044200132937097,177932
epoch,cv_distance,13,13,1.0,12,0.42295239415640634,0.010159096112859256,0.0448795697856396,178782
epoch,cv_distance,13,13,1.0,13,0.45510637974366547,0.0066299127126348,0.045146037907905875,182251
epoch,cv_distance,13,13,1.0,14,0.4872603653309246,0.0,0.04565090936930631,187079
epoch,cv_distance,13,13,1.0,15,0.5194143509181837,0.033039396040007496,0.04318975419758046,183010
epoch,cv_distance,13,13,1.0,16,0.5515683365054429,0.06268924378650809,0.0410942696523166,176656
epoch,cv_distance,13,13,1.0,17,0.5837223220927019,0.10129345050696581,0.03851755267144057,170642
epoch,cv_distance,13,13,1.0,18,0.6158763076799612,0.0884791912548557,0.03935443478320005,170628
epoch,cv_distance,13,13,1.0,19,0.6480302932672202,0.06085812016652592,0.041220685729846544,172676
epoch,cv_distance,13,13,1.0,20,0.6801842788544794,0.06923966798263947,0.04064521089544775,178187
epoch,cv_distance,13,13,1.0,21,0.7123382644417384,0.07004546287634184,0.04059031035032539,187753
epoch,cv_distance,13,13,1.0,22,0.7444922500289977,0.03863976818414905,0.04278592700577648,200024
epoch,cv_distance,13,13,1.0,23,0.7766462356162568,0.07021876152126594,0.040578512832189544,203799
epoch,cv_distance,13,13,1.0,24,0.8088002212035159,0.14327398594364182,0.03589851630465607,200205
epoch,cv_distance,13,13,1.0,25,0.8409542067907751,0.23441276296159286,0.030809402619047806,184646
epoch,cv_distance,13,13,1.0,26,0.8731081923780342,0.5338347657763753,0.01864484911931305,132141
epoch,cv_distance,13,13,1.0,27,0.9052621779652934,0.6465649300816385,0.015432513020646053,70163
epoch,cv_distance,13,13,1.0,28,0.9374161635525524,1.1667127681099783,0.006449362858656261,14284
epoch,cv_distance,13,13,1.0,29,0.9695701491398117,4.266116773331984,3.561622044379037e-05,349
