cv1,cv2,pearson,spearman,occ,min_bin,cond_iqr
c_bb_s4_r010_b3,restorpca_pc1,-1.7224347239743867e-16,-0.0036784686008284333,1.0,20,1.0083579251625878
c_bb_s4_r010_b3,torpca_pc1,-0.41184511797712364,-0.381080262709242,0.984375,4,0.8772458285045207
c_bb_s4_r010_b3,torpca_pc2,0.008047709916856906,0.008417970880060827,1.0,27,0.9720578707062
c_bb_s4_r010_b3,torpca_pc3,0.02204083149472544,0.01960473128462404,1.0,25,0.9723458993864115
c_bb_s4_r010_b3,hairpin_closure_ratio,0.2816440510708334,0.2269037283766136,0.9921875,6,1.0040020873674957
c_bb_s4_r010_b3,acylindricity,0.09134991226541975,0.11035027167801044,1.0,34,0.995230513547433
c_bb_s4_r010_b3,shape_anisotropy,-0.7765761871515784,-0.7689754007119973,0.9375,1,0.5719590712598048
c_bb_s4_r010_b3,chirality_ca,0.04821174200300247,0.06162646421322609,1.0,32,1.0192477803196542
c_bb_s4_r010_b3,turn3537_mean_ca,-0.4980353339029658,-0.47174320494169025,0.9453125,2,0.8756715657409351
c_bb_s4_r010_b3,pack_y2,0.2607701555917483,0.3040254304125902,1.0,6,1.0
c_bb_s4_r010_b3,burial_d3,0.24175829804103036,0.21508464034671504,1.0,9,1.0493079896304822
c_bb_s4_r010_b3,burial_w9,0.271652330715708,0.2818551311104097,1.0,18,0.9662873290171459
c_bb_s4_r010_b3,sasa_hydrophobic_frac,0.1900282308941727,0.23694883902403333,1.0,2,1.0060857558497918
c_bb_s4_r010_b3,contact_order_ca8,0.918780216223053,0.9286007175655838,0.6875,1,0.32010956189601014
c_bb_s4_r010_b3,e2e_nc_ca,-0.8188621090718854,-0.8052495347227808,0.8203125,1,0.5864582327434333
c_bb_s4_r010_b3,d_y2_w9_ca,-0.8684236057564291,-0.8610202436053673,0.78125,1,0.48245401073589067
c_ca_s4_r010_b3,restorpca_pc1,-0.004308567665065661,-0.00564351863238983,1.0,24,1.001784632291273
c_ca_s4_r010_b3,torpca_pc1,-0.4049095028700756,-0.37738759316751674,1.0,1,0.8859632042963437
c_ca_s4_r010_b3,torpca_pc2,0.0003795033111012742,0.0011590100463334772,1.0,23,0.9875019453347174
c_ca_s4_r010_b3,torpca_pc3,0.02769965857730594,0.030041943974385806,1.0,31,0.9822711154669517
c_ca_s4_r010_b3,hairpin_closure_ratio,0.2625984194068517,0.20889684397713087,0.9921875,4,1.028401582468707
c_ca_s4_r010_b3,acylindricity,0.07268092118626994,0.09336723428526814,1.0,27,1.0001456502332169
c_ca_s4_r010_b3,shape_anisotropy,-0.7746886213490781,-0.77260881853212,0.9375,1,0.5417625998475383
c_ca_s4_r010_b3,chirality_ca,0.04540245542000829,0.05699968326993654,1.0,26,0.9925967675757256
c_ca_s4_r010_b3,turn3537_mean_ca,-0.49536936184649377,-0.4740129055387178,0.9609375,1,0.873841138461888
c_ca_s4_r010_b3,pack_y2,0.28224996389246076,0.32697330228098564,1.0,2,1.0
c_ca_s4_r010_b3,burial_d3,0.25065016005387875,0.2231210675727764,1.0,7,1.028463260858361
c_ca_s4_r010_b3,burial_w9,0.29200276420883775,0.30490226026547573,1.0,21,0.965614520625566
c_ca_s4_r010_b3,sasa_hydrophobic_frac,0.17709486150971912,0.22435004885027762,1.0,2,1.0075803930270968
c_ca_s4_r010_b3,contact_order_ca8,0.9198086501637582,0.9287247211442669,0.671875,1,0.3177340189660518
c_ca_s4_r010_b3,e2e_nc_ca,-0.8037854350476084,-0.7915352273111864,0.828125,1,0.5980243776845368
c_ca_s4_r010_b3,d_y2_w9_ca,-0.8632571986178067,-0.8599029747165119,0.7890625,1,0.47253931567867
c_heavy_s4_r012_b3,restorpca_pc1,-0.04200859806736793,-0.05484157969936298,1.0,32,1.0082062940653405
c_heavy_s4_r012_b3,torpca_pc1,-0.3454246862461226,-0.29941420031107757,0.9921875,1,0.932181618213245
c_heavy_s4_r012_b3,torpca_pc2,0.048838199163916574,0.04177702320309777,1.0,13,0.9919280493415137
c_heavy_s4_r012_b3,torpca_pc3,0.08018068983290416,0.07804622907716191,1.0,36,0.9960294805056423
c_heavy_s4_r012_b3,hairpin_closure_ratio,0.05846621214965338,-0.03308712297843343,1.0,5,1.0967660440834466
c_heavy_s4_r012_b3,acylindricity,0.0823651738556035,0.0877636187908665,1.0,1,0.9827412118805102
c_heavy_s4_r012_b3,shape_anisotropy,-0.8840550616509975,-0.8840880681612482,0.765625,1,0.437751403592842
c_heavy_s4_r012_b3,chirality_ca,0.0696466712806239,0.09045390937021383,1.0,38,0.9948554165165793
c_heavy_s4_r012_b3,turn3537_mean_ca,-0.46259386028137595,-0.4012111018793432,0.96875,1,0.9114779730295468
c_heavy_s4_r012_b3,pack_y2,0.35158907594191746,0.3952042683574036,1.0,7,0.8636363636363636
c_heavy_s4_r012_b3,burial_d3,0.25907265671241486,0.2226037439901537,1.0,11,1.0336866041942914
c_heavy_s4_r012_b3,burial_w9,0.5044801518769976,0.5191541872520322,0.9921875,1,0.8323716632533931
c_heavy_s4_r012_b3,sasa_hydrophobic_frac,0.01830952851457859,0.0545639064799801,1.0,3,0.9718006755923754
c_heavy_s4_r012_b3,contact_order_ca8,0.8237184721050251,0.8360800775560723,0.8359375,1,0.5084240752167187
c_heavy_s4_r012_b3,e2e_nc_ca,-0.740567767922158,-0.6919658659094354,0.8984375,1,0.6942904331270576
c_heavy_s4_r012_b3,d_y2_w9_ca,-0.947269820419997,-0.9426236561596958,0.6015625,1,0.3365301072440191
c_sch_s4_r012_b3,restorpca_pc1,-0.11528463217061168,-0.10794485345295633,1.0,37,1.0053795710459732
c_sch_s4_r012_b3,torpca_pc1,-0.14649184523761555,-0.13921736362729148,1.0,11,0.9815226534540328
c_sch_s4_r012_b3,torpca_pc2,0.06014434142850266,0.057077526188168734,1.0,15,1.0395923539508742
c_sch_s4_r012_b3,torpca_pc3,0.09351302359896477,0.09552526656097175,1.0,38,0.9851599816397008
c_sch_s4_r012_b3,hairpin_closure_ratio,-0.26717711734318605,-0.32393085025395285,1.0,1,0.963491906525699
c_sch_s4_r012_b3,acylindricity,-0.013448802731649487,0.02234428883427484,1.0,16,0.9982402001700763
c_sch_s4_r012_b3,shape_anisotropy,-0.7211585428693377,-0.7422571543236278,0.90625,1,0.6903524127074123
c_sch_s4_r012_b3,chirality_ca,0.09709125764747356,0.09725351667046449,1.0,35,0.970436657660984
c_sch_s4_r012_b3,turn3537_mean_ca,-0.2794080385350844,-0.2675439135273939,1.0,2,0.9688973127938485
c_sch_s4_r012_b3,pack_y2,0.39115960013840106,0.38209900064446234,1.0,15,0.8181818181818182
c_sch_s4_r012_b3,burial_d3,0.23599926646469782,0.19661841197052835,1.0,12,1.0042566792371992
c_sch_s4_r012_b3,burial_w9,0.6874610241236099,0.6547746468720634,0.9609375,1,0.7647715480710754
c_sch_s4_r012_b3,sasa_hydrophobic_frac,-0.19038764462377472,-0.1109774444051808,1.0,14,0.9250006780580412
c_sch_s4_r012_b3,contact_order_ca8,0.5468124381975237,0.560185224896199,0.9921875,2,0.8037180991493111
c_sch_s4_r012_b3,e2e_nc_ca,-0.40279266615416137,-0.37629148409538227,1.0,2,0.9349836775762428
c_sch_s4_r012_b3,d_y2_w9_ca,-0.7649398233722121,-0.7751829267910739,0.8984375,1,0.6517316374018053
