cv,family,mean,std,skew,exkurt,min,p05,median,p95,max,IQR,span_p05_95,span_p01_99,entropy,eff_states,BC,nw_k1200,nw_k250
cresb_bb_s4_r010_b6,contact resbal,0.47472963900342924,0.2448754533971059,-0.05148314058152169,-1.010948655757119,0.0015372396225021,0.07938220692532398,0.48176132497333346,0.8594787253554733,0.9864286961300032,0.39345462899655115,0.7800965184301494,0.9060438502154179,0.9802094128490418,18.848719356017703,0.5029276813124718,27,12
c_bb_s4_r010_b6,contact,0.4747296407930482,0.24487545573734604,-0.05148312534134874,-1.0109486476410858,0.0015372396446764,0.07938221283257008,0.48176130652427673,0.8594787448644637,0.9864287376403807,0.39345466345548635,0.7800965320318937,0.9060439076274633,0.9802094128490418,18.848719356017703,0.5029276784779396,27,12
c_bb_s4_r010_b3,contact,0.47390290529107876,0.24117352808355666,-0.06114283385790701,-1.0063407130504916,0.0040391511283814,0.08438537865877149,0.4813603013753891,0.8528959929943084,0.9804221391677856,0.3851799741387367,0.7685106143355369,0.8945262868702412,0.9787155150762519,18.764553821548358,0.5023123736885317,26,12
cresb_bb_s4_r010_b3,contact resbal,0.4739029049854442,0.24117352717545656,-0.061142843289633805,-1.0063407103973379,0.004039151416648,0.08438537907121431,0.48136027556444916,0.8528959629702426,0.9804221913218498,0.3851799628519942,0.7685105838990283,0.8945263066639504,0.9787155150762519,18.764553821548358,0.502312373598779,26,12
cresb_ca_s4_r010_b6,contact resbal,0.44866464876569584,0.2470715468734333,0.015722048828984495,-0.9458757367025918,4.257474626813616e-09,0.04881662790264398,0.4538978785276413,0.8546343274769329,0.9955127920423236,0.39630537941342314,0.805817699574289,0.9332122158010797,0.9769423134094444,18.66514008722314,0.48586337173387795,27,12
c_ca_s4_r010_b6,contact,0.44866464796145245,0.24707154718954724,0.015722061540061325,-0.9458757215900406,4.257474817137563e-09,0.04881662894040342,0.45389787852764124,0.8546343386173249,0.9955127239227296,0.3963054046034813,0.8058177096769215,0.9332121847783122,0.9769423134094444,18.66514008722314,0.48586336836138816,27,12
c_ca_s4_r010_b3,contact,0.44840142734764354,0.24211701973719243,-0.001374237233260615,-0.9459442828860274,1.681986395851709e-05,0.05443489737808701,0.4517057538032532,0.8431209832429886,0.9849475026130676,0.3781056180596352,0.7886860858649015,0.9211615566862746,0.9759105486420168,18.60753724139931,0.48576039547932487,27,12
cresb_ca_s4_r010_b3,contact resbal,0.4484014266076686,0.24211701906322364,-0.0013742416295811338,-0.9459443105699377,1.681986309233166e-05,0.054434901121116784,0.4517057488361994,0.8431209499637285,0.9849474969364348,0.37810561805963516,0.7886860488426117,0.9211615548815046,0.9759105486420168,18.60753724139931,0.48576040201756515,27,12
c_bb_s4_r010_b1.5,contact,0.4711895126575216,0.22886940771263842,-0.09729673870664726,-0.9861385641123732,0.0118653839454054,0.09784402474761007,0.48002082109451294,0.8235113173723221,0.9528986811637878,0.363682359457016,0.725667292624712,0.8538005923107266,0.9752767821011291,18.572242582187027,0.5001227692525847,25,11
cresb_bb_s4_r010_b1.5,contact resbal,0.4711895124630177,0.2288694074814525,-0.09729674933380912,-0.9861385810732561,0.0118653839897541,0.09784402725331125,0.4800208238441319,0.823511312520575,0.952898632735014,0.363682350188139,0.7256672852672638,0.8538006072047921,0.9752767821011291,18.572242582187027,0.5001227744796474,25,11
cresb_ca_s4_r010_b1.5,contact resbal,0.44766563441057783,0.22844937873974444,-0.055048026056631595,-0.9383449683640657,0.0021021962165832,0.07157995381525581,0.45222222946939017,0.8093146940781957,0.9489675476437524,0.35862611376103903,0.7377347402629398,0.8716890529223851,0.9727874491189519,18.434257544363962,0.48543949753238896,26,11
c_ca_s4_r010_b1.5,contact,0.4476656351499685,0.22844937953118935,-0.055048035685796755,-0.9383450003509606,0.0021021962165832,0.07157995253801343,0.45222218334674835,0.8093146562576293,0.9489676356315612,0.35862610489130026,0.7377347037196159,0.8716891016159206,0.9727874491189519,18.434257544363962,0.4854395055604523,26,11
crat_ca_s4_n8m14_r010,contact rational,0.5125467568825042,0.19403128248684742,-0.2846572433769681,-0.7866123625899637,0.0631214454770088,0.1678069621324539,0.5275459885597229,0.8001720905303954,0.8969306945800781,0.2926506027579308,0.6323651283979415,0.7676819606870413,0.9645827903120184,17.986685602698095,0.4873973567708467,22,10
crat_ca_s4_n6m12_r010,contact rational,0.4681257218103572,0.18098672103652433,-0.21783118642799817,-0.8067608936128137,0.059216134250164,0.15298932418227196,0.48051856458187103,0.7392403662204742,0.8458954095840454,0.2734396681189537,0.5862510420382022,0.722420327886939,0.9631107419974752,17.90754142550166,0.4765870858485901,21,9
c_bb_s3_r010_b3,contact,0.5758699347071237,0.19756305270935828,-0.16734743863136287,-0.8908208153004114,0.117403469979763,0.24766214340925213,0.5870645344257355,0.8800145983695984,0.9765595197677612,0.31140450388193136,0.6323524549603463,0.7640195345878601,0.9623006957492636,17.864138206829608,0.48634063255018056,22,10
c_bb_s2_r010_b6,contact,0.6716555356222966,0.15613129060224482,-0.1587239407902211,-0.8965032385844416,0.3080777525901794,0.41348405927419657,0.6806797683238983,0.9120660901069642,0.988947868347168,0.24761854112148285,0.4985820308327676,0.6008855864405632,0.9620323787207905,17.849784675180437,0.4863177289309073,17,8
crat_bb_s4_n8m14_r010,contact rational,0.5295039862545614,0.194897342463156,-0.3062210986211434,-0.810304747849393,0.073297306895256,0.18460134342312806,0.5478379428386688,0.8126178830862045,0.9124247431755066,0.298494465649128,0.6280165396630765,0.7574581165611743,0.9610392426441644,17.79675745654027,0.49846673480009124,22,10
crat_bb_s4_n6m12_r010,contact rational,0.4848577360400391,0.18257010976300792,-0.2404654214363799,-0.8287493179391436,0.067728579044342,0.1674946337938308,0.4980649799108505,0.7547634720802308,0.8601194024085999,0.28086619079113007,0.5872688382864,0.7134423843026162,0.9610263321196546,17.796069154007082,0.4861708407386325,21,9
c_bb_s2_r010_b3,contact,0.6690538383982508,0.15424079170045885,-0.17144703116212537,-0.8859413526963666,0.3074886202812195,0.41228981167078016,0.6780925691127777,0.9061977088451385,0.9816529154777528,0.24211782217025757,0.49390789717435835,0.5969869124889373,0.9607489014116611,17.78128484086166,0.4858761062445005,17,8
contact_order_ca8,geometry,0.22802043120258547,0.050686767025817016,0.35440373651085083,-0.8539112982980619,0.1470588235294117,0.1555555555555555,0.2208333333333333,0.3193548387096774,0.3555555555555555,0.08202764976958518,0.1637992831541219,0.19224460388994302,0.9601922973081047,17.751660376130708,0.5233739438347468,5,2
cresb_heavy_s4_r010_b1.5,contact resbal,0.3697663653925,0.17230325614444772,-0.0958155923451777,-0.847979817100831,0.0083886965706617,0.08303516669380787,0.3786546531709585,0.6428694203355781,0.7663144690629135,0.2649090199504066,0.5598342536417703,0.6810891626048555,0.9601685356742515,17.750396795904933,0.4679506108203324,20,9
cresb_heavy_s4_r010_b3,contact resbal,0.36713506396594847,0.178367566881057,-0.05724381172122085,-0.8568104240352685,0.0021655520042506,0.07256156074369897,0.3753569650968188,0.650781155276973,0.7864875239245179,0.2730412318905785,0.578219594533274,0.6995866689110289,0.9600185419173389,17.742422604101733,0.46712580682692617,20,9
cresb_heavy_s4_r010_b6,contact resbal,0.3664709405098179,0.1801103459757675,-0.046773111670294645,-0.8578229999841054,0.0007146595813226,0.06979824946834447,0.37507951537527495,0.6548976734258471,0.794159407624463,0.27609021893260777,0.5850994239575027,0.704993328117419,0.9595382409615018,17.716912222037163,0.4668388014889609,21,9
strand_cross_all_r012_b3,strand packing,0.6160416537129939,0.17358902275080001,-0.4308031954080417,-0.6498972953953563,0.1832378953695297,0.29374153912067413,0.6423417627811432,0.8644382894039154,0.9322850704193116,0.26409722119569784,0.5706967502832413,0.6863990145921708,0.9577391072150163,17.62167984084863,0.5035044715766455,20,9
c_heavy_s4_r012_b6,contact,0.5481845482862389,0.20586709144100887,-0.43127571596233005,-0.6417245525654325,0.0340981632471084,0.1706328637897968,0.5806144773960114,0.844267588853836,0.9246875047683716,0.3105694130063057,0.6736347250640392,0.8219900538772345,0.9576957104014993,17.61938907913169,0.501935324208456,24,11
strand_cross_far_r012_b3,strand packing,0.5740587640383522,0.19299368479196413,-0.4308286462133249,-0.6507898102449436,0.092768408358097,0.2165278561413288,0.6029455363750458,0.8499544501304627,0.9247760772705078,0.29322686791419983,0.6334265939891339,0.7634483949840069,0.9575789350901636,17.613226409083023,0.5037047082803009,22,10
c_sch_s4_r012_b6,contact,0.3993115405593338,0.21322377256858888,0.19617514145235718,-0.7034318164357725,1.539971350439373e-08,0.0643373880535364,0.3896467387676239,0.7726663887500763,0.943971574306488,0.32548217475414276,0.7083290006965399,0.8563265654398128,0.9575690924562025,17.612707074973684,0.45129052381610996,25,11
c_bb_s2_r010_b1.5,contact,0.6594189363385216,0.14751352698814799,-0.21323836580535413,-0.8525015391105568,0.3065891861915588,0.40975965708494183,0.6692880690097809,0.8827760636806488,0.9587008953094482,0.23186710476875305,0.47301640659570693,0.5716896191239357,0.9572677511674387,17.596814592564016,0.485796606095609,17,7
c_sch_s4_r012_b3,contact,0.40014574421236987,0.2112016811143913,0.18735440388046776,-0.7054283206393275,1.956727464857977e-05,0.06808076947927473,0.39186546206474304,0.76939297914505,0.9387394189834596,0.3238280043005944,0.7013122096657752,0.8497803394589573,0.9571541387239442,17.590826492455093,0.45021098909430135,25,11
c_heavy_s4_r012_b3,contact,0.5471321519407524,0.20389549673760138,-0.43380838526121734,-0.6370743767406744,0.0357278510928154,0.17275611683726302,0.5793737471103668,0.8390649318695067,0.9201015830039978,0.3075043633580208,0.6663088150322437,0.8145965003967285,0.9569877774537032,17.582061869158572,0.5018748741760951,24,11
cresb_heavy_s4_r012_b6,contact resbal,0.5790475016968931,0.20870821720700558,-0.5128302212550341,-0.6033420505759826,0.0458731216195584,0.19214217398160996,0.6104351725707959,0.8609551096463965,0.9319275984724612,0.31347068348315615,0.6688129356647866,0.8280372423376382,0.9563194134695616,17.54689358878701,0.5259773600043709,24,11
cresb_heavy_s4_r012_b3,contact resbal,0.5777116364681111,0.20661161902933262,-0.5154705915165696,-0.5980851615613676,0.0478330697719683,0.19478273879509284,0.6086210245679271,0.8575476419046179,0.929077524482627,0.3106024849200956,0.6627649031095251,0.819391393585535,0.9555992287465057,17.509077314574977,0.5259566203807755,24,11
crat_ca_s4_n6m10_r08,contact rational,0.3631459529100336,0.14780437793444962,0.005154756334601623,-0.8140607480357165,0.0568696074187755,0.12212880775332445,0.3647749722003937,0.5992981523275376,0.7221860289573669,0.22583492845296865,0.4771693445742131,0.5994396103173493,0.9553621745868628,17.496647643364735,0.45652567223734924,17,8
c_ca_s2_r010_b1.5,contact,0.6507075889461537,0.1450193727326086,-0.1751107235201577,-0.813835398442555,0.3069886863231659,0.40565854310989374,0.6574530601501465,0.8762946426868439,0.960887610912323,0.22269587218761444,0.47063609957695013,0.5702980872988701,0.9550751510518259,17.481609692783252,0.4704635671712475,17,7
c_sch_s4_r014_b3,contact,0.5994143418251504,0.22877893806954502,-0.3747489321662865,-0.7686034317752695,0.0062324409373104,0.19521194472908973,0.6254494190216064,0.9272494226694107,0.9976162314414978,0.35637534409761434,0.7320374779403209,0.8936975316703322,0.9549979268336336,17.47756591107419,0.5100405256837018,26,12
c_sch_s4_r012_b1.5,contact,0.40325620423129,0.20440261110808564,0.15436199575345855,-0.7117725056058073,0.0011958840768784,0.08106718324124806,0.3948710858821869,0.7574819475412369,0.9213926196098328,0.3087729327380657,0.6764147642999888,0.8225678812339902,0.9546191361304429,17.457744394842113,0.4465395780211187,24,11
c_ca_s3_r010_b3,contact,0.5644658333985939,0.1962523486343542,-0.11969799404895658,-0.8333265719788816,0.1010930612683296,0.23944819122552868,0.5725604891777039,0.8752782016992569,0.9872340559959412,0.30093293637037277,0.6358300104737282,0.7706993252038956,0.9542476435022729,17.43832660977074,0.46716303997416614,23,10
c_ca_s2_r010_b3,contact,0.6612422503493159,0.1526424892206622,-0.1197223677760646,-0.8333012171486125,0.3008259236812591,0.4084492206573486,0.6675397455692291,0.9029848337173462,0.9900688529014589,0.234059676527977,0.49453561305999755,0.5994364243745804,0.9542476435022729,17.43832660977074,0.4671602723501317,17,8
c_heavy_s4_r012_b1.5,contact,0.5435161143995179,0.19690982354903086,-0.4465127348739236,-0.6140849325305262,0.0425785705447196,0.1788660153746605,0.5751790106296539,0.8245790958404541,0.908161163330078,0.2935248389840126,0.6457130804657936,0.7917676293849946,0.9537202519074565,17.410797131635473,0.5017268221279428,23,10
c_ca_s2_r010_b6,contact,0.6647020952048035,0.1553265859415237,-0.10536898184739926,-0.8355608030400621,0.2954608500003814,0.4060373976826668,0.6704515516757965,0.9140342891216278,0.9972199201583862,0.23852382600307465,0.507996891438961,0.6100063893198968,0.9535806502250094,17.403517297307612,0.4661574052510384,18,8
d_e5_t8_ca,geometry,7.724787536656264,1.480964177894956,-0.08999005325928827,-1.003938476028126,4.568749450921004,5.402354823389373,7.867483247927401,10.02808589155182,10.972747907738,2.452077579540326,4.625731068162447,5.623784507024577,0.9533059896038059,17.389203404296275,0.5038884161790943,168,76
crat_ca_s4_n8m14_r08,contact rational,0.3012697535931005,0.1588351144556544,0.2016665698043962,-0.824863586940634,0.0175402369350194,0.06009870283305639,0.29520139098167414,0.5662781447172165,0.716749906539917,0.2504938021302223,0.5061794418841601,0.6364898346737027,0.9525861521247835,17.35174502700877,0.47743421100822686,19,8
crat_bb_s4_n6m10_r08,contact rational,0.37895711484710276,0.1507580935257969,-0.025859918069956495,-0.8380915828164985,0.0616354830563068,0.1319288559257984,0.380470260977745,0.6170055449008941,0.7462035417556763,0.23255430907011027,0.4850766889750957,0.6017761463671921,0.9525493317273208,17.34983116476092,0.46188590253004097,17,8
crat_ca_s4_n6m10_r010,contact rational,0.5490951919616176,0.16645078312807463,-0.3953018990217387,-0.6326064880077253,0.1295289099216461,0.24758985489606852,0.5660541355609894,0.7864735394716262,0.8721778392791748,0.24435161799192429,0.5388836845755577,0.678047690242529,0.9524524810622007,17.34479803812739,0.4874697813716613,20,9
cresb_sch_s4_r012_b6,contact resbal,0.4580239400314588,0.2045679863525181,-0.21141037397562398,-0.6182627479772727,4.368316796090869e-08,0.09447542719812027,0.47701430858164606,0.7719368427029499,0.9318211706789832,0.2950628089638324,0.6774614155048296,0.8528617847273953,0.9519976808293377,17.321182540413695,0.43778587192918506,25,11
cresb_heavy_s4_r012_b1.5,contact resbal,0.5730051470301484,0.1992871586983162,-0.5267345117891548,-0.574370205726439,0.0557064689140319,0.20264385278198532,0.6048726851580972,0.8430446673263675,0.9171526814553992,0.2990648455149527,0.6404008145443822,0.7918114152567783,0.9515926878754196,17.300180350717916,0.5256547024312288,23,10
crat_bb_s4_n8m14_r08,contact rational,0.32035683595627396,0.1629970446497913,0.1631751785408964,-0.8568937715632474,0.0217012073844671,0.07123816795647141,0.3135383874177933,0.5884002208709717,0.7478083968162537,0.2539155222475529,0.5171620529145002,0.6371220946684478,0.9512319009471253,17.281492052885188,0.47801578646896276,19,8
strand_cross_far_r010_b3,strand packing,0.37089186680649744,0.1653979674196588,-0.0074888438110223285,-0.7250866788086281,0.0278521496802568,0.09277161397039883,0.3798876851797104,0.640611845254898,0.7875624895095825,0.24625899642705912,0.5478402312844992,0.6680041703581809,0.9506959879284042,17.25376970758552,0.4387193020560984,19,9
crat_bb_s4_n6m10_r010,contact rational,0.5626587918188971,0.16743907308833625,-0.4115336264140542,-0.650079936407217,0.1365517377853393,0.2573586076498032,0.581719309091568,0.7987043857574463,0.883010983467102,0.2515039220452309,0.5413457781076432,0.6702790278196334,0.9506033664561213,17.248982983165824,0.4966497117270291,20,9
cresb_sch_s4_r012_b3,contact resbal,0.45836179068146793,0.20205601953188482,-0.2168393410233416,-0.614717732594253,4.139541337887446e-05,0.09942778874788845,0.47696318601672016,0.7695101203010416,0.9229612611855068,0.28936097453581167,0.6700823315531531,0.8436955284072499,0.950547901694128,17.24611717203288,0.4381093203375965,25,11
c_sch_s2_r014_b3,contact,0.7151826681068101,0.14591386844383827,-0.36883894763678343,-0.683261639023891,0.3409343957901001,0.45946068316698074,0.7313490808010101,0.9245905101299287,0.9956929683685304,0.22106224298477173,0.4651298269629479,0.5882020744681359,0.9501704272908232,17.226626073891357,0.4893960318048748,17,8
strand_cross_all_r010_b3,strand packing,0.42904670067925743,0.14878780329209906,-0.007971379793526008,-0.7171968711831846,0.1192636266350746,0.17779185771942135,0.4367267489433288,0.6727120876312256,0.8049862384796143,0.2210603654384613,0.49492022991180423,0.6011446347832679,0.9499301181837243,17.214229058524584,0.43720929860787594,17,8
c_heavy_s4_r010_b3,contact,0.3393507677231452,0.17038818796666774,0.05471042688193312,-0.7509691503668496,0.0015988043742254,0.06103783417493102,0.34511585533618927,0.6178553998470306,0.7821282744407654,0.2601967230439186,0.5568175656720996,0.6860940381046384,0.9494257823525548,17.188240489733722,0.4450612627984046,20,9
c_heavy_s4_r010_b1.5,contact,0.34305647728860683,0.16506990413092953,0.009538945758773936,-0.7545732434971937,0.0066102179698646,0.07035780511796466,0.3505436182022095,0.6101384550333023,0.7627015709877014,0.25030202418565756,0.5397806499153377,0.6654274350591004,0.9493803952673395,17.18590360555652,0.44448428709307986,19,9
c_heavy_s4_r010_b6,contact,0.3383848009805956,0.17191510008084812,0.06730790435978701,-0.7484123109842975,0.0004302576417103,0.05905588977038852,0.3433914929628372,0.6206079900264739,0.7884809970855713,0.2614246644079685,0.5615521002560854,0.6918818008899689,0.9489227576067621,17.162358564048528,0.44523818833327955,20,9
crat_ca_s4_n6m12_r08,contact rational,0.27351256471770213,0.14450418454794448,0.2339630403368111,-0.7906320912233671,0.0171123780310153,0.055656172893941355,0.2661465108394623,0.5162323862314224,0.661082923412323,0.2257599495351315,0.46057621333748106,0.5802953733876346,0.9488930752534857,17.160832548388363,0.4764070901333864,17,7
cresb_sch_s4_r012_b1.5,contact resbal,0.45960784927073833,0.1940448356370153,-0.237650579230856,-0.6000598799004555,0.0020655516897224,0.11450478784714098,0.47781103369728145,0.7545963154143341,0.8995753182615671,0.28327990597139846,0.6400915275671931,0.8159911558138516,0.9485249194798313,17.141916365744358,0.4393722587495386,24,11
d_p4_g7_ca,geometry,7.574129213241195,1.6499696308669138,-0.06936110330656546,-1.1771037995466116,3.999170503306275,5.114096769033826,7.792225498246805,10.138901668649543,10.911792711220585,2.9399924977696745,5.0248048996157175,5.936828851338782,0.9473186056806312,17.080080823011013,0.5498364427011898,177,81
cresb_sca_s4_r012_b6,contact resbal,0.45760405653247743,0.19448350614378163,-0.2334455586904337,-0.620574591304349,0.0001157552831702,0.11131308287916776,0.47843895385582236,0.7499074609974331,0.9040283850330952,0.28514152606762366,0.6385943781182654,0.8187618103765159,0.9468799595511841,17.057651203493638,0.4423221837481438,24,11
crat_bb_s4_n6m12_r08,contact rational,0.29098097734852946,0.14843011997054603,0.19204192952245258,-0.8279979014824259,0.0208696350455284,0.06571839787065978,0.2835592776536941,0.5382241338491439,0.6923068165779114,0.22993350774049762,0.4725057359784841,0.585294460877776,0.9466953024981783,17.0482178086755,0.47638078066814765,17,7
cresb_sca_s4_r012_b3,contact resbal,0.4579987239998809,0.1924553938454551,-0.24014028840415447,-0.6145942031054554,0.0006848787101284,0.1141672908944468,0.4786140175642629,0.7470063905156344,0.8984364421509299,0.2820262416541852,0.6328390996211877,0.8061175597112705,0.9463754924510616,17.031892324803106,0.4425419640058605,24,11
cresb_heavy_s4_r08_b1.5,contact resbal,0.1853478571563988,0.11224933309012393,0.3084310251769455,-0.7396149148776439,0.0005060384343054,0.019700688942188762,0.1789280268063672,0.3791601342062735,0.4945728198015428,0.17507144854574086,0.35945944526408474,0.43874468846251374,0.946178419704422,17.021840051725533,0.48350921948199316,13,5
crat_heavy_s4_n8m14_r010,contact rational,0.41862007499043713,0.153038684818192,-0.2382704896737601,-0.667519610523982,0.0523000285029411,0.14759288579225538,0.4338883757591247,0.6511239916086197,0.7666510939598083,0.2262287512421608,0.5035311058163643,0.6277335806190968,0.9453091268345302,16.977569976943222,0.45218108926268114,18,8
crat_heavy_s4_n6m12_r010,contact rational,0.3828728446576196,0.14169187117944176,-0.19561826199112248,-0.6733379928721295,0.0487908571958541,0.13473170846700666,0.3954858481884002,0.6014243811368942,0.7153184413909912,0.20840824395418162,0.46669267266988756,0.5834277181327342,0.9439486123892944,16.908514687464628,0.44537124939849054,17,7
c_sca_s4_r012_b6,contact,0.4214856773620276,0.197788788188459,0.028759491678154198,-0.6708822447114264,6.296102947089821e-05,0.09346255436539647,0.4251526296138763,0.7474480718374252,0.9376263618469238,0.29075257480144506,0.6539855174720288,0.816111948247999,0.9434060323677124,16.88105349783448,0.4288596093716012,24,11
c_sca_s4_r012_b3,contact,0.4221260722164451,0.1960867974737386,0.020319257351397703,-0.6706861137433742,0.0004032064171042,0.09709499999880784,0.42572686076164246,0.7466849207878112,0.9327486753463744,0.2879624664783478,0.6495899207890033,0.8066022488474845,0.9427551145037513,16.848167927975766,0.4286460822734467,24,11
c_ca_s2_r08_b1.5,contact,0.4318428416466955,0.11476584693542853,0.12430861110669876,-0.7655383750613263,0.19463512301445,0.2523483365774154,0.4307229816913605,0.6165791094303131,0.733757734298706,0.17925414443016058,0.36423077285289773,0.4634756432473658,0.9427010986440767,16.845441827645207,0.45352185989835525,13,6
c_bb_s4_r012_b1.5,contact,0.6844020750127771,0.23114292464358688,-0.6579792406287364,-0.5648334128464207,0.0726535096764564,0.2418390125036239,0.7373859882354736,0.968380755186081,0.9964556694030762,0.35487551987171173,0.7265417426824571,0.8631598006933928,0.9426249016141983,16.841597026514506,0.5873310281485636,25,11
cresb_bb_s4_r012_b1.5,contact resbal,0.6844020757965558,0.23114292404438397,-0.6579792402623298,-0.5648334140786471,0.072653512780865,0.24183901565238122,0.7373859983469759,0.9683807347235934,0.9964556381815955,0.3548755357707185,0.7265417190712122,0.8631597199512735,0.9426249016141983,16.841597026514506,0.5873310282475694,25,11
cresb_ca_s4_r012_b1.5,contact resbal,0.6728694606964098,0.23665538298474928,-0.6472938759876797,-0.5254601609864475,0.0367559634503864,0.222639720638593,0.7179076806420372,0.9709013162624268,0.9968605779466176,0.3599420910080273,0.7482615956238339,0.898411506428605,0.9416673198317214,16.7933534637596,0.5723771292331347,26,12
c_ca_s4_r012_b1.5,contact,0.6728694611621387,0.2366553829666832,-0.6472938829552102,-0.5254601552142901,0.0367559604346752,0.22263971567153926,0.717907726764679,0.9709012299776076,0.9968605041503906,0.3599420636892319,0.7482615143060684,0.8984114795923234,0.9416673198317214,16.7933534637596,0.5723771315388874,26,12
cresb_sca_s4_r012_b1.5,contact resbal,0.4592617259620721,0.18549482694363312,-0.2617099978628756,-0.5934512410352442,0.0048856027033409,0.12705302341125418,0.4802861794309093,0.7389597339707393,0.8836163746348272,0.27150898206674356,0.6119067105594851,0.7704562526573485,0.9412622430289072,16.77298706142851,0.44315085690401557,23,10
c_sca_s4_r012_b1.5,contact,0.4243566201564851,0.1900484831290791,-0.009773328506176718,-0.6690699785146648,0.0034439289011061,0.1080135062336921,0.42803099751472473,0.7357945382595062,0.9159978628158568,0.27928189933300024,0.6277810320258141,0.7826733857393264,0.9398447762066885,16.70191407648918,0.4282135832016909,23,10
crat_heavy_s4_n6m10_r08,contact rational,0.29987808237145397,0.11236989297541922,-0.05009604023248185,-0.6684516048013123,0.048051718622446,0.11057068444788454,0.3060597777366638,0.47785623371601105,0.5884613394737244,0.1663614101707935,0.3672855492681265,0.46487523205578324,0.9393835195290402,16.678851284074867,0.4291336108460809,13,6
c_ca_s3_r012_b1.5,contact,0.7517553727336341,0.17921127269631126,-0.6576651902910244,-0.4990121032679147,0.2604860067367553,0.41039217710494996,0.7854101359844208,0.9770639300346374,0.9970187544822692,0.2715936005115509,0.5666717529296874,0.6815836206078529,0.9381435663040166,16.61701148376182,0.5717369050703588,20,9
c_ca_s2_r012_b1.5,contact,0.8068700458343864,0.1393940795828727,-0.6577374500964811,-0.4988414175813336,0.4247147440910339,0.5413580894470215,0.8330358266830444,0.982135236263275,0.9976550340652466,0.21128557622432698,0.4407771468162536,0.5301549929380416,0.9381301498624287,16.61634362514331,0.5717358927656087,15,7
crat_heavy_s4_n8m14_r08,contact rational,0.23850193947014697,0.11409151598549645,0.15578514260921186,-0.6653931685548544,0.0151949608698487,0.05757288299500941,0.23886690288782114,0.426564273238182,0.5588074922561646,0.17197245731949815,0.3689913902431726,0.4671725424937904,0.9372052055636396,16.570365369401816,0.43787466219960813,13,6
torpca_pc2,torsion PCA,-2.0360350254497858e-07,1.0111775646155914,0.008703141512732118,-0.6235494565861814,-2.5191612,-1.67482741,-0.0237924605,1.6646967849999998,2.4042518,1.47779155,3.339524195,4.192897742999998,0.9361567724085291,16.518402396956553,0.42001868217547644,125,57
crat_heavy_s4_n6m12_r08,contact rational,0.2175143983399467,0.1039311985134383,0.1702192847602005,-0.6531771400123989,0.0146871050819754,0.0533468961715698,0.2176048383116722,0.3900108620524406,0.5111938118934631,0.15618161484599116,0.33666396588087083,0.4277353399805724,0.9361566131501066,16.51839451610139,0.43760099741996294,12,5
c_ca_s2_r08_b3,contact,0.435979140152786,0.11746328462412574,0.18825865536839892,-0.75228161954694,0.2134602218866348,0.2548889189958572,0.43298995494842524,0.6251710683107375,0.7689872980117798,0.18710197508335114,0.37028214931488035,0.47572654560208316,0.9357715843333071,16.499352469472065,0.45972729225678377,14,6
cresb_heavy_s4_r08_b3,contact resbal,0.17608506212228342,0.11355458046629487,0.3758846970339863,-0.6957451151251597,6.935576349255487e-06,0.01166148008229201,0.1679997217593254,0.3737975588001873,0.5041115600016781,0.17829377175211314,0.36213607871789527,0.44382462121063837,0.9355494031740628,16.48837423245809,0.49431475434133404,13,6
c_ca_s3_r08_b3,contact,0.27920077144103905,0.15007002173077835,0.19919750409296924,-0.7490093997705354,0.0005485213478095,0.0471048330888152,0.27497099339962006,0.5214666873216629,0.706520140171051,0.2402914576232434,0.4743618542328477,0.6084304755181074,0.9354508087115372,16.483504902298815,0.4609394024422805,18,8
c_sca_s2_r014_b3,contact,0.7416858245424813,0.12826223871986908,-0.4919655316925296,-0.4688094484728458,0.387303739786148,0.5046113133430481,0.7589509189128876,0.9250791132450105,0.9906254410743712,0.1827213317155838,0.42046779990196237,0.5305318161845207,0.9353317911315598,16.477628841851814,0.4898045330925701,15,7
restorpca_pc2,res-torsion PCA,5.0495422845895446e-17,0.9999085925596953,0.36390807631883026,-0.5704419878913369,-2.069286408236642,-1.4904328396691942,-0.14406074150017756,1.8438449239949661,2.668885345259521,1.4751999295760583,3.3342777636641605,4.08292653950129,0.9348894182441339,16.45580664457439,0.4652286835718576,122,55
crat_heavy_s4_n6m10_r010,contact rational,0.46764399172161436,0.13692566525412866,-0.37496187706855977,-0.5323892264034495,0.1084351614117622,0.2146935991942882,0.48510177433490753,0.6696279466152191,0.7634322643280029,0.19724764674901962,0.45493434742093086,0.5708736807107926,0.9345147760431453,16.437348196567523,0.46137140468564725,17,7
cresb_bb_s4_r012_b3,contact resbal,0.6945471324707798,0.240192795146418,-0.6593946506943339,-0.5868690857817502,0.0620891448287736,0.23636876127372175,0.7519108763496791,0.9851185918608236,0.999893678440934,0.3690728001695658,0.7487498305871019,0.8843429738700036,0.9337335399343405,16.398923631999573,0.5934553672743232,26,12
c_bb_s4_r012_b3,contact,0.6945471344241485,0.24019279764572501,-0.6593946299250182,-0.5868691128899273,0.0620891489088535,0.2363687619566917,0.7519108653068542,0.9851185768842697,0.9998937249183656,0.3690727800130844,0.748749814927578,0.884342973008752,0.9337335399343405,16.398923631999573,0.5934553625992915,26,12
c_sca_s4_r014_b3,contact,0.6180941314913976,0.20893096082857204,-0.48819670739927595,-0.5515547742991611,0.022395858541131,0.2340585798025131,0.6470822989940643,0.9110807985067367,0.9939298033714294,0.3084920644760132,0.6770222187042236,0.8351706874370575,0.9333952804097495,16.382314445892437,0.5048206984537635,24,11
c_bb_s2_r08_b1.5,contact,0.44392472347481,0.12073827951741994,0.11196498808903597,-0.7871678744844539,0.1836350709199905,0.2576090008020401,0.44207270443439484,0.6407442718744278,0.7711053490638733,0.18296486139297485,0.38313527107238776,0.482543083280325,0.9322871007686853,16.328018458541568,0.4566304341156415,14,6
c_bb_s3_r012_b1.5,contact,0.7565594762714987,0.17814465750530484,-0.6862937182604173,-0.4862079187113588,0.2603470385074615,0.4162154093384743,0.7965295314788818,0.9748732089996338,0.9960857033729552,0.27034981548786163,0.5586577996611595,0.6774139329791071,0.9322576976686247,16.326580287712098,0.5841079866592555,20,9
c_ca_s3_r08_b6,contact,0.27429875926898944,0.15162785354466587,0.21403407360797305,-0.7249214780567956,1.9084129689872498e-06,0.03824808951467269,0.2677366882562637,0.5197524517774582,0.7185638546943665,0.23801749199628833,0.48150436226278553,0.6185648203111487,0.9322319661447909,16.32532180575334,0.45875831202956374,18,8
c_bb_s2_r012_b1.5,contact,0.8104181534293945,0.13864451942638611,-0.6867515584135009,-0.48482577243034797,0.423733115196228,0.5452820479869842,0.8414255082607269,0.980206561088562,0.996867835521698,0.2104417681694032,0.43492451310157776,0.5274047243595124,0.9318801592490678,16.30812529794481,0.5840370719310186,15,7
c_ca_s2_r08_b6,contact,0.43533492867414114,0.11797374883710858,0.21340283477266353,-0.7252606189360575,0.2215866595506668,0.25173165947198867,0.4304331243038177,0.6263800889253617,0.7809633016586304,0.1850578784942627,0.374648429453373,0.481056971102953,0.9317648366035701,16.302492208888033,0.45870819563659393,14,6
c_heavy_s3_r08_b3,contact,0.20911841149805918,0.0958677432737482,0.12305537919860866,-0.610641881720674,0.0103692449629306,0.05491427369415757,0.20846586674451825,0.37186267077922813,0.4821829795837402,0.1434313729405403,0.31694839708507055,0.40288797738030524,0.9307424821858635,16.252638945742966,0.4240478064225702,12,5
c_heavy_s3_r08_b6,contact,0.20683142268548005,0.0963954941385578,0.13300984440949637,-0.6085484226340729,0.0086109368130564,0.052330906316637955,0.20546152442693705,0.37036271542310706,0.481937438249588,0.14493003487586978,0.3180318091064691,0.4063848350569605,0.9306973485641272,16.25044160347054,0.424741147957805,12,5
c_bb_s3_r08_b3,contact,0.31744687328313664,0.1544878088250337,0.23571310573146528,-0.7703811795242492,0.0244618095457553,0.08940103314816944,0.3111482858657837,0.5782080978155135,0.7690657377243042,0.23799689859151846,0.4888070646673441,0.6115733723342418,0.9302119648469699,16.22682933798049,0.4724568021839551,18,8
c_heavy_s3_r012_b3,contact,0.6198821978520621,0.15935425570913572,-0.5010807593701507,-0.5236592779537133,0.1820760369300842,0.31673436611890793,0.6481107473373413,0.840055826306343,0.9365134239196776,0.23848871886730194,0.5233214601874351,0.6451297251880169,0.9301474855038506,16.22369522010005,0.5042820582423905,19,8
cresb_heavy_s4_r08_b6,contact resbal,0.1736464280218907,0.11396353664319402,0.39287916326672967,-0.684176141269881,6.671974409503152e-09,0.01001189847822113,0.1642412972982058,0.37237701183741384,0.5086545847665251,0.17932066431446245,0.3623651133591927,0.4462802291646046,0.9300052322656958,16.216782922883148,0.4974805949662043,13,6
c_heavy_s2_r012_b6,contact,0.6928968177077733,0.12884270614511012,-0.5019738963067157,-0.5237911236337442,0.3412958681583404,0.4467160552740097,0.7160691618919373,0.8704141318798064,0.9514464735984802,0.19366729259490967,0.4236980766057967,0.5222754180431366,0.9298492231974378,16.209205595313826,0.504669980821832,15,7
cresb_bb_s4_r012_b6,contact resbal,0.697400001687301,0.2427938139751073,-0.6602694416479414,-0.5899952069401837,0.0583186798862048,0.2354093971883966,0.7563857168314003,0.9905375292169907,0.999999674303191,0.37640366545834003,0.7551281320285941,0.8890514245558354,0.9294998958313837,16.19225167586501,0.5947018127282465,26,12
c_bb_s4_r012_b6,contact,0.6974000040990145,0.24279381645029505,-0.6602694329047522,-0.5899952324594291,0.0583186820149421,0.23540940508246416,0.7563856840133667,0.9905375987291336,0.9999996423721312,0.37640361487865437,0.7551281936466694,0.8890514394640923,0.9294998958313837,16.19225167586501,0.5947018142318697,26,12
c_heavy_s3_r010_b3,contact,0.4131913335946611,0.14162554652431736,-0.15135784879374709,-0.6334524749026911,0.0651286765933036,0.16859355717897415,0.4272378981113434,0.6312965333461761,0.7666845917701721,0.20911169052124023,0.4627029761672019,0.5872196604311466,0.9291863167880148,16.17704783544454,0.4314026961482717,17,8
c_heavy_s2_r012_b3,contact,0.6911933343422595,0.1277626439293775,-0.5067105571595031,-0.5156192248115747,0.3411344885826111,0.4468245476484299,0.7143230438232422,0.866497877240181,0.9470505118370056,0.19114930927753448,0.41967332959175113,0.5190979358553887,0.9291016952607692,16.1729474179228,0.5049326145795243,15,7
cresb_sch_s4_r010_b1.5,contact resbal,0.2701947309163699,0.1570640432150502,0.27214853912022163,-0.5711812799479419,0.0001047370769083,0.022516855562985324,0.2662454965467461,0.536140133257024,0.7392960337342487,0.23311641127569604,0.5136232776940387,0.6393571434988536,0.9290483217323997,16.170361686777202,0.44138532028066874,19,8
c_heavy_s2_r08_b6,contact,0.2980975440121847,0.08007343492806161,0.054629964566399875,-0.5975490669539036,0.1199792400002479,0.16589590758085246,0.30014596879482264,0.4341959044337272,0.519905686378479,0.1212602034211159,0.26829999685287476,0.3368165786564349,0.9289006725072194,16.16321083361936,0.4166901111395017,10,4
sasa_total,SASA/burial,13.809058770812182,0.9348255921341028,0.16755123402878497,-0.6374433125341423,11.509876,12.3776451,13.729682,15.444374849999999,16.143326,1.373850000000001,3.0667297499999986,3.8490789749999994,0.9287564755602842,16.1562302312165,0.43431164797691957,115,52
c_heavy_s3_r012_b1.5,contact,0.6139315179232413,0.15455008313673851,-0.5201230739605827,-0.4910230483297364,0.1844374686479568,0.3186894163489341,0.6423534452915192,0.8257757246494293,0.920889139175415,0.22772961854934692,0.5070863083004952,0.6298117057979107,0.9283154303194757,16.13489785193418,0.5054709010250458,18,8
c_heavy_s2_r08_b3,contact,0.29911336061086147,0.07954959988014057,0.04739485655025992,-0.5963502510818284,0.1224525719881057,0.16751839742064475,0.3011532872915268,0.4346894577145575,0.5194634795188904,0.12022193148732188,0.2671710602939128,0.3347867725789546,0.9281947593208537,16.12906617268267,0.416176166306245,10,4
cresb_ca_s4_r012_b3,contact resbal,0.6833303277889312,0.24886154042713943,-0.6592154880450708,-0.5098703451323803,0.0065871391977582,0.20916322902554554,0.7322602860984349,0.9936841966140838,0.9999520920571828,0.38037166638033726,0.7845209675885383,0.9317138680106118,0.9281379839898422,16.126323114849644,0.575043753653852,27,12
c_ca_s4_r012_b3,contact,0.6833303279886354,0.24886154099207616,-0.6592154799922234,-0.5098703619166369,0.0065871393308043,0.20916322544217106,0.7322602272033691,0.9936842173337936,0.9999521374702454,0.3803715854883194,0.7845209918916226,0.9317138984054327,0.9281379839898422,16.126323114849644,0.5750437532668559,27,12
c_sca_s3_r012_b3,contact,0.4885554752147137,0.15525125722088984,-0.04831348783594752,-0.571396147281487,0.1266013532876968,0.22742119058966637,0.4897903650999069,0.7400737285614013,0.9038394093513488,0.22083685547113419,0.5126525379717349,0.6616375105082989,0.9278097355967685,16.110473181104354,0.4119440987848824,19,9
torpca_pc5,torsion PCA,1.2036710659527657e-07,0.8898383137605436,0.021247937344608454,-0.5780545533880286,-2.2363586,-1.49940041,-0.026809186,1.4293483049999995,2.2182345,1.2406023099999999,2.9287487149999993,3.7365766239999996,0.9277779274206613,16.108938106912934,0.41229858678773273,111,51
c_heavy_s2_r010_b1.5,contact,0.5046776872827922,0.1104707528327966,-0.20960424320586987,-0.6006069316545277,0.228238970041275,0.30501094311475746,0.5171296000480652,0.6728674292564392,0.7774026393890381,0.16356014460325247,0.3678564861416817,0.4602808874845505,0.9277086927832008,16.105597323689427,0.43425426515686616,13,6
torpca_pc1,torsion PCA,-5.651614213912306e-08,1.1622930166587215,-0.20653152845493628,-0.6655900940854802,-3.296185,-2.033270055,0.046739801,1.765381035,2.4252014,1.7198463875,3.79865109,4.705626184,0.9275509800631684,16.097989788564146,0.44577231053689154,140,64
c_ca_s3_r012_b3,contact,0.762315302799801,0.18680500063486108,-0.6601000973203187,-0.507735657941923,0.2530123591423034,0.4056909278035164,0.7989406585693359,0.9951955914497376,0.9999604225158693,0.2856364548206328,0.5895046636462211,0.6992115819454192,0.927415889225831,16.09147631486735,0.5750195391602331,20,9
c_ca_s2_r012_b3,contact,0.8151341083388643,0.1452927811939637,-0.6601001697727075,-0.5077353972959324,0.4190095365047455,0.5377595841884613,0.8436204791069031,0.9962632954120635,0.9999691843986512,0.22216178476810455,0.45850371122360223,0.54383132904768,0.927415889225831,16.09147631486735,0.5750195174428402,16,7
c_heavy_s2_r010_b6,contact,0.5091438279387914,0.11489532610301867,-0.15983405219523414,-0.6137565620880161,0.2259178310632705,0.30620580166578293,0.5199786424636841,0.6847856670618057,0.7978796362876892,0.17168238759040838,0.37857986539602273,0.4783173108100891,0.9272571402370254,16.083825519404872,0.4289520119663301,14,6
c_heavy_s2_r08_b1.5,contact,0.3028532461315242,0.07789774700386125,0.011093348153253687,-0.5933040086009256,0.1265812516212463,0.17319126278162003,0.30523487925529474,0.43440018296241756,0.5175125002861023,0.11685032024979597,0.26120892018079755,0.3284456185996532,0.9272265417820091,16.082351266659288,0.4147698615828561,9,4
c_bb_s3_r08_b6,contact,0.31623577716840706,0.1567828157727088,0.2515687413858178,-0.761942826409026,0.0223693680018186,0.08611428104341025,0.30922332406044006,0.5822443455457688,0.7837773561477661,0.24213372915983195,0.4961300645023585,0.6191366101428865,0.9268998330220289,16.0666186554808,0.47412421961676754,18,8
c_heavy_s2_r010_b3,contact,0.5081560386845908,0.11394246677322614,-0.17132918150888773,-0.6116823743486339,0.226695716381073,0.30551519840955726,0.5197112262248993,0.6820034325122833,0.7933433055877686,0.16935066878795624,0.3764882341027261,0.47396689295768735,0.9268847084650441,16.065890707563657,0.4301710535610485,14,6
c_sca_s3_r012_b1.5,contact,0.48851916549472035,0.15032537696819626,-0.0768510008732456,-0.5659421876196524,0.1346540451049804,0.23301680907607072,0.49206420779228205,0.7303080976009368,0.8893991708755493,0.2140260562300682,0.49729128852486615,0.6421254442632198,0.9264215855591351,16.043616470658474,0.4124875000027433,19,8
c_heavy_s2_r012_b1.5,contact,0.6845948134430774,0.12392086273227633,-0.526779956199116,-0.47986494231861077,0.3406292200088501,0.4457592874765396,0.707968533039093,0.8543226033449173,0.9324217438697816,0.18237370252609253,0.4085633158683777,0.5061027911305427,0.9262016387915504,16.033048787527132,0.5059973027062363,15,6
cresb_sch_s4_r010_b3,contact resbal,0.2632139649051328,0.1622403020984899,0.31992874020065026,-0.5553644494480277,1.0548573401239181e-07,0.011185395725588756,0.25763358168562667,0.5395258500144506,0.7499594174760082,0.24393313655784982,0.5283404542888619,0.6501209925844955,0.9261304571968623,16.02963024866205,0.4500853659363856,19,8
cresb_bb_s4_r08_b1.5,contact resbal,0.24228133046317454,0.1635943823913034,0.4355672886379858,-0.7011881781960021,0.0007545004288355,0.018681144834096892,0.22298301969255718,0.5292691567779652,0.7262886260591802,0.2551138677323858,0.5105880119438683,0.6296649962069377,0.9261107166022932,16.028682323851392,0.5165082110232844,18,8
c_bb_s4_r08_b1.5,contact,0.24228133014524428,0.16359438195859832,0.4355672866438642,-0.701188193481086,0.0007545004482381,0.018681144621223177,0.22298301756381986,0.5292691886425017,0.7262885570526123,0.25511387363076216,0.5105880440212786,0.629664980280213,0.9261107166022932,16.028682323851392,0.5165082136966173,18,8
c_bb_s2_r08_b3,contact,0.4470226855825652,0.1264581539790285,0.1676538013359049,-0.7733487817928983,0.1828289926052093,0.2563633233308792,0.4441490024328232,0.655627366900444,0.8084120154380798,0.1940662637352944,0.3992640435695648,0.5054074384272099,0.9250785035429762,15.979194441284552,0.460781252575874,15,6
c_bb_s3_r012_b3,contact,0.7671983461240827,0.18355746623150762,-0.681954135847928,-0.5238255527012043,0.2606867849826813,0.4172739937901497,0.8102438747882843,0.9885143578052521,0.9998899102211,0.28028689324855804,0.5712403640151025,0.6850663611292838,0.9250036633190243,15.975612287106056,0.5905718106996919,20,9
c_bb_s2_r012_b3,contact,0.8189263741528322,0.14277037528497347,-0.6819667207921424,-0.5237791502062232,0.4249216318130493,0.5467317044734955,0.8524027168750763,0.9910663217306137,0.999914050102234,0.21800664067268372,0.4443346172571182,0.5328525519371032,0.9250036633190243,15.975612287106056,0.5905676833417939,15,7
cresb_sch_s4_r010_b6,contact resbal,0.26133283035502725,0.16395738868162785,0.33349241684985276,-0.5522478844575067,0.0,0.008832820748651531,0.254507168076622,0.5436806967541988,0.7534086795606546,0.24691959671520933,0.5348478760055473,0.6543238551054562,0.9249942483593325,15.975161706130782,0.4531274026545214,19,8
c_sca_s2_r012_b6,contact,0.5700658123051454,0.13006309851884118,-0.06524071461641585,-0.5394957256959452,0.2547405660152435,0.34687648415565486,0.5719632208347321,0.7794711381196976,0.9179728627204896,0.18403391540050507,0.43259465396404273,0.5529184386134146,0.9234775240077392,15.902740018257987,0.407392915779101,16,7
c_sca_s2_r012_b1.5,contact,0.5661116081899797,0.12488562980354906,-0.10167782828722866,-0.5283818190635228,0.2682006359100342,0.3509289622306824,0.5695242583751678,0.7645842105150222,0.9005107283592224,0.17503334581851965,0.41365524828433986,0.5302511820197106,0.9233790834676755,15.898050967764458,0.40802061409732654,15,7
c_sca_s2_r012_b3,contact,0.5692496533775088,0.12891264807509015,-0.07342033057261958,-0.5368944140460559,0.2578431963920593,0.3490279227495193,0.5715327858924866,0.776800787448883,0.9146659970283508,0.18215619772672653,0.4277728646993637,0.5481743997335434,0.923184052513343,15.888765077125523,0.40742308099656366,16,7
cresb_ca_s4_r012_b6,contact resbal,0.6864944466148162,0.2534105672593652,-0.6676239507667244,-0.4889260450901278,0.0002056984674362,0.1994679375773384,0.7344421439227604,0.9995013561986742,0.9999999744551522,0.38200061271588015,0.8000334186213358,0.945116474514916,0.9225096503633018,15.856696960576146,0.5746910778541472,28,12
c_ca_s4_r012_b6,contact,0.6864944498569466,0.2534105706787699,-0.6676239324828029,-0.48892608271972016,0.0002056984667433,0.19946794882416718,0.7344422042369843,0.9995013445615767,1.0,0.38200056552886974,0.8000333957374095,0.9451164864748718,0.9225096503633018,15.856696960576146,0.5746910767458149,28,12
c_ca_s2_r012_b6,contact,0.8171198508461115,0.14782469934067613,-0.66763712882618,-0.48889602388767406,0.4167528748512268,0.5329858273267746,0.8450837433338165,0.9997090935707091,1.0,0.22283755242824566,0.46672326624393456,0.5513197311758995,0.9225083858307647,15.85663689233571,0.5746912142914784,16,7
c_bb_s2_r08_b6,contact,0.4481682550180987,0.1283663474790653,0.18199749509552535,-0.7679753266998457,0.1819105595350265,0.2554309815168381,0.44410546123981476,0.6609057426452637,0.8222520351409912,0.19812601804733276,0.4054747611284256,0.5136430384218693,0.922314943781835,15.847450623897457,0.46191659312783334,15,7
c_bb_s2_r012_b6,contact,0.8211146687795668,0.1439629068664098,-0.6814344847352467,-0.5305127531406062,0.4246643185615539,0.5464756786823273,0.8557601869106293,0.9943516433238984,0.999999701976776,0.2206699401140213,0.4478759646415711,0.5338748881220817,0.9215840379344087,15.812789035290178,0.5918817146837069,15,7
c_ca_s4_r08_b1.5,contact,0.21991415105948903,0.1570308090025774,0.47789364248642685,-0.6544397888429065,0.0001054505482898,0.00937380827963347,0.2049899101257324,0.4988677650690078,0.680341899394989,0.2499875109642744,0.48949395678937435,0.6136571144027403,0.9212166199503472,15.795393696316443,0.5226855304074249,18,8
cresb_ca_s4_r08_b1.5,contact resbal,0.2199141499498831,0.15703080786290888,0.4778936392417371,-0.6544397924466723,0.0001054505507151,0.009373808545725617,0.2049899136736279,0.49886777876388455,0.6803418766884577,0.2499875067954972,0.48949397021815894,0.6136571117100261,0.9212166199503472,15.795393696316443,0.5226855298893286,18,8
strand_cross_far_r08_b3,strand packing,0.183338425924108,0.10635065794144664,0.3591328209874251,-0.48027797280369855,0.0032059652730822,0.021753413416445218,0.17750313878059384,0.37245574593544006,0.5163650512695312,0.1528874933719635,0.35070233251899485,0.43118864485062625,0.9206500890371627,15.768608885642244,0.44724364948020656,12,5
cresb_sca_s4_r010_b1.5,contact resbal,0.27322424591543076,0.15029216362131526,0.21905500817278806,-0.6000245960217843,0.000270929135796,0.0329546665926291,0.27162706133116177,0.5264211308824784,0.739969680585933,0.22702106626008722,0.49346646428984936,0.6147892570065875,0.9205479069871763,15.76378269446306,0.435833884402925,18,8
strand_cross_all_r08_b3,strand packing,0.24167837901466388,0.09731497579372185,0.33260090289245076,-0.48162553817597065,0.0693013295531272,0.09207685068249698,0.23628597706556315,0.41130823642015457,0.5468369722366333,0.13974922522902491,0.3192313857376576,0.39811587609350674,0.920187794620665,15.746785891659064,0.44020810486098183,11,5
c_sch_s3_r012_b1.5,contact,0.46670280968023437,0.16006117473977155,0.06680256126643778,-0.561728940455537,0.0933097451925277,0.20616608560085292,0.4654562771320343,0.7336966931819915,0.9158595204353333,0.23630515486001968,0.5275306075811386,0.6820820170640943,0.9201613259099798,15.745537328577107,0.4111851648572983,20,9
c_sch_s3_r012_b3,contact,0.4656570898056938,0.16538673670181095,0.0943387844651703,-0.5541887966310202,0.0817755535244941,0.19905563294887538,0.46589283645153046,0.743890357017517,0.930872678756714,0.24531742930412292,0.5448347240686416,0.7016249878704546,0.9199625057486519,15.736161890347152,0.4117307229762677,20,9
c_heavy_s4_r08_b1.5,contact,0.1684063526367719,0.10461656310940079,0.43687816978543065,-0.48648121813537637,0.0004310676595196,0.01705087991431348,0.1602804958820343,0.3528037533164024,0.5003066062927246,0.15756749734282488,0.3357528734020889,0.426052670306526,0.9187847309641298,15.680737856625631,0.47292199475974145,12,5
cresb_sca_s4_r010_b3,contact resbal,0.2665599549193105,0.15455706026012533,0.26405225773646485,-0.5908608353176139,1.9447941241073024e-06,0.02240686172251529,0.26241330968526505,0.5310438829227812,0.7538737906068335,0.23633374399218116,0.5086370212002659,0.6292035512841239,0.9181488850969782,15.650897240633432,0.4431854638504758,18,8
c_sch_s2_r012_b1.5,contact,0.5313721432752415,0.13780211013510565,0.056303831824361994,-0.532878872443292,0.2049230635166168,0.3061583206057548,0.5320669710636139,0.758836168050766,0.9229621291160583,0.20151204615831375,0.4526778474450112,0.5934207633137702,0.9170250007323589,15.598291520632586,0.40586283830757786,17,8
cresb_sca_s4_r010_b6,contact resbal,0.264777362091729,0.15582643791951314,0.27683150964520103,-0.5879498789974171,9.313225746154787e-10,0.02006810562115989,0.2605850160875025,0.5315046013633284,0.7581432251340169,0.23947722233047156,0.5114364957421685,0.6330403294586118,0.9167720466107656,15.586475880616605,0.44551184595450943,18,8
c_sch_s2_r012_b6,contact,0.5335477091863676,0.14372152742831945,0.09114388110021494,-0.5253671799668664,0.1917201578617096,0.3015737503767013,0.5342828929424286,0.773197054862976,0.9417521953582764,0.211384154856205,0.47162330448627465,0.6151483374834057,0.9161531542894062,15.55760477018691,0.4067051911219358,18,8
c_heavy_s2_r06_b1.5,contact,0.12801830884882334,0.038686832553085984,0.18426611679493626,-0.5217714405656024,0.0445937477052211,0.06646166369318958,0.12680951505899424,0.19423229172825807,0.2448284327983856,0.057722842320799814,0.1277706280350685,0.16490254294127224,0.9159809501196282,15.54958102036106,0.41644594422629067,4,2
c_sch_s2_r012_b3,contact,0.5331696159116508,0.14233188436462235,0.0839772490849753,-0.5274686206263985,0.1947436779737472,0.30157007128000257,0.5337612330913544,0.7685834556818008,0.9383540153503418,0.2073416784405709,0.4670133844017982,0.6107772240042683,0.9151154910592354,15.509318093131887,0.40654356638469114,18,8
restorpca_pc1,res-torsion PCA,-1.80340795878198e-17,1.039151858613503,-0.1763324772270349,-0.6460603998551546,-2.8694469575780146,-1.789425219624926,0.05468129291024865,1.5802404330380582,2.5355321223715936,1.5500675539683524,3.3696656526629845,4.3313616389703515,0.914928321892609,15.500624320907871,0.4371788018423262,129,59
c_sca_s4_r010_b1.5,contact,0.24939187318489942,0.14881954275575557,0.47288087868397183,-0.39772153314516157,0.0001878904295153,0.02704541040584439,0.23387195169925684,0.5251418858766556,0.7293540239334106,0.21390446275472644,0.49809647547081115,0.6043259783834216,0.9146069891458406,15.485710182805903,0.46938416161651486,18,8
shape_anisotropy,geometry,0.2888708353647726,0.16759720908422956,0.7857164731048073,-0.22305226619211727,0.0208982825279235,0.08643604218959801,0.2447452247142791,0.6233139991760254,0.7892891764640808,0.24141635000705725,0.5368779569864274,0.6569604706764222,0.9126667241211112,15.395960355765341,0.5814619516170831,19,8
c_heavy_s2_r06_b6,contact,0.11411715223250653,0.037930382238437435,0.25845995865298155,-0.46556414011912306,0.0346038751304149,0.055894125625491065,0.11190192028880115,0.18017270937561983,0.2331072092056274,0.05634262412786489,0.12427858375012876,0.16011033631861207,0.911406559998939,15.337948414941327,0.4201640226111135,4,2
c_heavy_s2_r06_b3,contact,0.11694524446076848,0.0378383700086386,0.24290110511749566,-0.4798703991568565,0.0371531173586845,0.05823313891887663,0.11505088210105895,0.1826551310718059,0.2350572943687439,0.05604824237525462,0.12442199215292926,0.15932987116277225,0.9113589381749135,15.335760425013182,0.41945517647026653,4,2
c_bb_s4_r08_b3,contact,0.2324630621762822,0.16980888672799924,0.5188055327028035,-0.6133758580476742,1.338381480309181e-05,0.0097816307563334,0.2116968855261802,0.5366076707839966,0.75154709815979,0.26580949313938623,0.5268260400276632,0.6511732181336263,0.9110554433704402,15.32182365409893,0.5307623627314323,19,8
cresb_bb_s4_r08_b3,contact resbal,0.23246306207581202,0.16980888625701698,0.5188055263429439,-0.613375848181057,1.3383814976328897e-05,0.009781630150973756,0.2116968820669821,0.5366076668014839,0.751547101352896,0.26580951458197977,0.5268260366505101,0.651173250750594,0.9110554433704402,15.32182365409893,0.5307623577816631,19,8
d_y2_w9_ca,geometry,11.9341015013942,3.649593266811944,0.5758760958605891,-0.05762556779861416,4.779511475332032,6.725712172066847,11.438510529008855,18.924819081960532,23.421838386704646,5.125707622536844,12.199106909893686,16.038286289929477,0.9110355898698588,15.32091240390092,0.45186818920662647,479,218
c_sch_s4_r010_b1.5,contact,0.23148350095092757,0.16025882428605925,0.7084734599626366,-0.15314338096322322,6.044132533133961e-05,0.016409598384052457,0.20254395902156824,0.5494524508714675,0.7471191883087158,0.2286605741828681,0.5330428524874151,0.6475381362379985,0.9106381198579173,15.302680439632605,0.5267297886960279,19,8
d_d3_t8_ca,geometry,10.245475443209662,2.4548360685770807,0.35834471710594606,-0.27329055094459287,4.279946939069571,6.603346927672603,10.10658490036835,14.772554871571066,17.185375994977644,3.4261367481788927,8.169207943898463,10.799803782635989,0.9100222227303297,15.274472062764863,0.4131427657429019,323,147
e2e_nc_ca,geometry,13.09229459810983,5.212031226630383,0.49206366995791484,-0.27581820133639434,4.028280258178711,5.367131447792053,12.517013549804688,22.853863143920893,30.34827423095703,7.537665843963625,17.486731696128842,21.785291600227346,0.9099077358584404,15.269234244536513,0.4551985275850699,651,297
e2e_n_c,geometry,13.808851337795936,5.615032471658968,0.4180731938167905,-0.30024279745610194,3.2786262035369877,5.473727655410767,13.245980262756348,24.020605182647703,32.21725082397461,8.156079530715942,18.546877527236937,24.008440930843346,0.9098198321210802,15.265213833888687,0.43440840673984055,718,327
d_y2_w9_ring,geometry,14.53300452159746,4.579926392578329,0.25987684030907615,-0.22688099767348735,4.187110424041748,7.086302089691162,14.285934448242188,22.744568824768066,28.55538558959961,6.092832565307617,15.658266735076904,20.461200985908498,0.9089566251578407,15.225789949065316,0.3843243650628545,611,279
c_heavy_s4_r08_b3,contact,0.15914981910749665,0.10528331040288297,0.5136442675841978,-0.4062025050853584,4.910692041448783e-06,0.010420285118743709,0.14936878532171244,0.3478431493043899,0.5051640272140503,0.15933059528470037,0.3374228641856462,0.4256496905186213,0.9088676958495878,15.221734211009881,0.486392854779345,12,5
torpca_pc3,torsion PCA,3.7224517772559004e-08,0.9147564989227106,-0.06599275810359032,-0.3344837690832385,-2.4450257,-1.5358778100000001,0.00264985115,1.4980487249999996,2.4667287,1.2679047225,3.033926535,4.021695145999999,0.9083024988273469,15.195982897845267,0.37614990624056405,120,54
c_sca_s4_r010_b3,contact,0.24269672036504344,0.15214045636491416,0.5223325345131072,-0.3580873250480545,1.134761305365828e-06,0.019041265640407756,0.22506523132324213,0.5262436926364898,0.7482845783233643,0.21921072714030737,0.5072024269960821,0.6142668461485298,0.9077655633431542,15.171559579942231,0.4809509137458633,18,8
restorpca_pc3,res-torsion PCA,2.3444303464165742e-17,0.9147305426407998,-0.07547764824751138,-0.3251074158247622,-2.458846575374898,-1.5309540413842249,0.009448074936521049,1.4939277960477055,2.4645688937641337,1.267591576501486,3.0248818374319306,4.018725609050112,0.9070121897012661,15.137357410201195,0.3753344150911692,120,54
torpca_pc4,torsion PCA,-5.909256852371233e-08,0.9043889120212069,0.2628315215626583,-0.4163166533680407,-2.3304036,-1.37388495,-0.095576265,1.58438734,2.5175443,1.3048074325,2.95827229,3.9968849299999993,0.90589376453882,15.086724528715267,0.4130499126069405,119,54
c_sca_s4_r010_b6,contact,0.2409197316234563,0.1530938237316923,0.5353675051484764,-0.34748235655536686,5.051241092068891e-10,0.017109455447643918,0.22182819992303845,0.5273515343666076,0.7533908486366272,0.22032380849123007,0.5102420789189637,0.6189155790372751,0.9055866916245029,15.07285250798174,0.48422013190375335,18,8
c_heavy_s3_r06_b6,contact,0.06591117371338895,0.04210247270422596,0.4884139881608701,-0.35817397406812024,3.3003598218783736e-06,0.00517860641703008,0.060826193541288306,0.14102472439408295,0.2068894803524017,0.06302832253277305,0.13584611797705287,0.17069593163847452,0.9055311063329975,15.070342805866776,0.46801207262620903,5,2
cresb_bb_s4_r08_b6,contact resbal,0.22989591437754153,0.17181398493291125,0.5419781447226744,-0.5859454768854953,1.3127213432675316e-08,0.00706646590981448,0.20852946512223705,0.540671885328456,0.7645366576810678,0.2692938407306515,0.5336054194186415,0.6549082308191627,0.9048479521333936,15.039532178202984,0.5349060768954638,19,8
c_bb_s4_r08_b6,contact,0.2298959141381182,0.17181398470210762,0.5419781406203755,-0.5859454778675999,1.3127213094321633e-08,0.007066465495154235,0.20852945744991302,0.5406718671321868,0.7645367383956909,0.2692938391119242,0.5336054016370326,0.654908247872281,0.9048479521333936,15.039532178202984,0.5349060752741419,19,8
c_heavy_s4_r08_b6,contact,0.1567019766826883,0.10548964400275185,0.5336833366498168,-0.3839241216156726,4.0574819060168466e-09,0.009038364281877796,0.14624232798814768,0.3467280149459839,0.507570743560791,0.15935679152607918,0.33768965066410606,0.42522263336344623,0.9048169294607815,15.038134534878527,0.4902664797713468,12,5
c_ca_s4_r08_b3,contact,0.20750776569202603,0.16126947737046055,0.5519725787890346,-0.5659855247763912,4.3993903631189823e-08,0.0008637999475467302,0.18893363326787943,0.49378341138362875,0.6968964338302612,0.26077005639672274,0.49291961143608204,0.6233771644746502,0.9029965186530887,14.956347831565301,0.5350113502795754,18,8
cresb_ca_s4_r08_b3,contact resbal,0.20750776681097224,0.16126947816273976,0.5519725751470795,-0.5659855287732372,4.399390447707404e-08,0.0008637999494869902,0.1889336435567765,0.49378339030912943,0.6968964480218434,0.2607700477043787,0.49291959035964245,0.6233772201339404,0.9029965186530887,14.956347831565301,0.5350113495077523,18,8
c_heavy_s4_r014_b3,contact,0.7280183033478744,0.1933802587326451,-0.9155651127671957,0.02737365917062995,0.1218838915228843,0.32747132480144503,0.7832881212234497,0.9546759665012359,0.9939242601394652,0.27161315083503723,0.6272046416997908,0.760875642746687,0.9026292186705009,14.939899928022557,0.6062961190848136,22,10
c_sch_s4_r010_b3,contact,0.22410381091058915,0.16437335347897838,0.7631258135050074,-0.08944510245169557,5.085228949042176e-08,0.00831793588586146,0.1890408396720886,0.5511621743440628,0.7588062286376953,0.2362558729946614,0.5428442384582013,0.6626823109101673,0.900803842947612,14.85842648614129,0.542809539582286,19,9
c_sca_s3_r010_b3,contact,0.29029893930623224,0.12840045977638526,0.2696913203330102,-0.38804539473310173,0.018196515738964,0.08945751488208768,0.282448872923851,0.5084805518388748,0.7124287486076355,0.18742031976580625,0.41902303695678705,0.5531603948399422,0.9006095378292281,14.849780119116165,0.40998308796280797,16,7
c_sca_s2_r010_b1.5,contact,0.3751885411703042,0.10612347439740871,0.18604224242787185,-0.376542708174572,0.1436374932527542,0.2037788301706314,0.37036770582199097,0.5534761369228363,0.7218057513237,0.1520534679293633,0.3496973067522049,0.4632910451292991,0.9003184342725475,14.836835741331099,0.3936828397993196,13,6
c_heavy_s2_r014_b3,contact,0.8252932995103942,0.11806080587557882,-0.9289821693338305,0.048978577778795884,0.4516127109527588,0.5782090902328492,0.8599893450737,0.9638345599174499,0.9948819875717164,0.1621934473514557,0.38562546968460076,0.47120733082294464,0.899779646046064,14.81290743603365,0.610111153527198,14,6
c_sca_s2_r010_b3,contact,0.37353258247907994,0.10955037577130418,0.20907313840160924,-0.35822746910469183,0.135009691119194,0.19704466983675956,0.36890543997287745,0.5587356954813003,0.7341044545173645,0.15699227154254908,0.36169102564454075,0.47675617128610615,0.8995325728292736,14.801947493882704,0.3943968295438924,14,6
c_sca_s2_r010_b6,contact,0.37322374691212845,0.11060251600895993,0.2139162013433984,-0.35306497299135886,0.132501870393753,0.19581749588251113,0.3684374541044235,0.5600278466939925,0.7384656667709351,0.15863718837499619,0.3642103508114814,0.48151362001895903,0.8984554800863338,14.754263296095141,0.39440154078026185,14,6
c_sch_s4_r010_b6,contact,0.2220968161707397,0.16563495009619386,0.7774963031757125,-0.07405251722844586,0.0,0.006669562426395655,0.18635661154985422,0.5523721694946289,0.7657047510147095,0.23580412752926352,0.5457026070682333,0.6674901516009998,0.8980279574294395,14.735378966020031,0.5475132216800886,19,9
c_ca_s4_r08_b6,contact,0.2036877687584226,0.16268785888986512,0.5747819422338513,-0.5226646939277506,0.0,9.057990200744826e-06,0.18328251689672465,0.49168766140937803,0.7101283669471741,0.2694052001461387,0.4916786034191773,0.6259889930486677,0.8921272790932465,14.477192529826718,0.5360280735179023,18,8
cresb_ca_s4_r08_b6,contact resbal,0.2036877697256702,0.162687859650497,0.5747819475376192,-0.5226646676722799,0.0,9.05799014227731e-06,0.18328252150898883,0.49168769915898636,0.7101283442406428,0.2694052113663583,0.4916786411688441,0.6259890304576781,0.8921272790932465,14.477192529826718,0.5360280703039888,18,8
c_sch_s3_r010_b3,contact,0.2713097900093112,0.13690375309551878,0.4510775457099786,-0.17693497541136827,0.0076400856487452,0.06912818923592562,0.25934043526649475,0.5119238793849945,0.7557935118675232,0.1962580904364586,0.4427956901490689,0.5921241947636009,0.8915747082078902,14.453247469219617,0.4256094838710721,17,8
c_sch_s2_r010_b1.5,contact,0.34101234032266636,0.11621959672874324,0.38647965685494373,-0.18631313640808767,0.1018034145236015,0.16301422938704485,0.33262391388416285,0.5409588932991027,0.7479183673858643,0.1661499068140983,0.3779446639120579,0.509457689076662,0.8915241115615252,14.45105689861548,0.40782796723038656,15,6
c_sca_s3_r08_b3,contact,0.1421466682605897,0.08439082775801825,0.5258125478433676,-0.10910642809374371,0.0002747218240983,0.01969361109659074,0.1351917162537574,0.29462953954935067,0.4472783207893371,0.12274268455803403,0.27493592845275994,0.35739055773243306,0.8910439250887305,14.430283851811758,0.44085378362557437,10,4
c_sca_s3_r08_b6,contact,0.14012525826690828,0.08474046949491248,0.5355576819543159,-0.09487419364711469,1.9921944840461947e-05,0.01666827294975517,0.1330659240484237,0.2936552330851554,0.4487925469875335,0.1228131912648678,0.27698696013540025,0.3568992494791747,0.8892885661907849,14.354600142267646,0.4422521607507264,10,4
c_sch_s2_r010_b3,contact,0.33747347999118305,0.12009242980310084,0.40891018032172205,-0.16035657952903826,0.0948336347937583,0.15599201470613475,0.3271711021661758,0.5424247622489929,0.7651101350784302,0.17174794152379036,0.38643274754285817,0.5306440542638302,0.8877132149848538,14.287015642951696,0.41037882523983166,15,7
c_sch_s2_r010_b6,contact,0.3366266666746079,0.12132741228835373,0.41248978938307646,-0.15674817461935575,0.0934321135282516,0.1543771296739578,0.32644556462764734,0.5436137557029723,0.7706462740898132,0.17490762472152707,0.38923662602901454,0.5356845346838235,0.8875415917765966,14.279672044933335,0.41089131326842965,16,7
turn3537_mean_ca,geometry,7.775595751147585,0.894265592885734,-0.018073747008643427,-0.12293560978377283,5.235928535461426,6.329187750816345,7.78041410446167,9.328872060775758,10.36221694946289,1.2264304161071777,2.999684309959413,4.2361753988265995,0.8875106015554187,14.27834640448222,0.34713789054683997,126,57
c_ca_s2_r06_b1.5,contact,0.17962375979889467,0.0659109377121487,0.4063186447095405,-0.38501361254606037,0.0505931042134761,0.08165040761232376,0.17534410953521723,0.29572020918130876,0.4178408682346344,0.09520883858203888,0.214069801568985,0.2716607394814491,0.8832154605624313,14.095802523681355,0.4447669298649254,8,3
c_ca_s2_r06_b3,contact,0.16843085737265456,0.07445812682791106,0.4354157880415731,-0.29301165867596524,0.0211628656834363,0.0579129511490464,0.1639617457985878,0.2998246848583221,0.4415236115455627,0.10690404474735259,0.24191173370927568,0.31290209900587795,0.8813146370844898,14.015764074518954,0.4387086714503917,9,4
c_ca_s2_r06_b6,contact,0.1725938188098844,0.08239557182574272,0.3933746095449371,-0.314604388289085,0.0035376986488699,0.05035817977041005,0.16850773990154266,0.3199069857597351,0.4684307277202606,0.12008693441748619,0.269548805989325,0.34764924008399245,0.8811546742875744,14.009049249318158,0.42927719468071557,10,4
c_sca_s2_r08_b1.5,contact,0.1982925674296575,0.07263649214698424,0.4038819229633187,-0.1271120471379863,0.0478334315121173,0.08953676931560034,0.19349007308483118,0.32370361983776086,0.4642044305801391,0.10124170780181885,0.23416685052216052,0.32229814231395715,0.8795243343744479,13.940795000366343,0.4042172264691005,9,4
c_heavy_s4_r06_b1.5,contact,0.057108946332521185,0.04476053460258476,0.8104752471638023,0.06709312393480804,2.168961327697616e-05,0.001711883500683965,0.04822371341288085,0.14303430542349807,0.2117393612861633,0.0651026675477624,0.1413224219228141,0.18092453994628152,0.8794836493691456,13.939095980527078,0.5394037942951323,5,2
c_sch_s2_r08_b1.5,contact,0.17585233491254487,0.0801771819333423,0.665011204936226,0.25032680938470575,0.0254425387829542,0.06215770374983544,0.16676609218120575,0.32448749393224713,0.475154310464859,0.10956817306578157,0.2623297901824117,0.3556520863249898,0.8770310226729342,13.837055013836828,0.4430976490613252,10,4
c_bb_s2_r06_b1.5,contact,0.2123811217318029,0.06762646029298433,0.3619973566345843,-0.5032871409411137,0.0744697228074073,0.11441238075494763,0.20532036572694776,0.32965578436851495,0.4617289006710052,0.10311101749539381,0.2152434036135673,0.27436446160078043,0.8760332772851638,13.79575810851767,0.45218366512354224,8,3
c_sca_s2_r08_b3,contact,0.19003493969853458,0.07392448840210111,0.42945424008893224,-0.08583461751344457,0.0335980206727981,0.07805698998272417,0.18587287515401835,0.3181371942162513,0.4659680128097534,0.10332377254962927,0.24008020423352713,0.33067633252590883,0.8744776930335842,13.731617870236441,0.40580191229088963,9,4
c_sch_s2_r08_b3,contact,0.16829919031901558,0.08236090627062559,0.691605231207202,0.302347066636357,0.0141812833026051,0.05398401524871584,0.15956936776638025,0.32306101024150846,0.4804240465164184,0.11273133382201192,0.26907699499279264,0.3621491512283682,0.8721697558064542,13.637005435864758,0.4470372140653664,10,4
c_sca_s2_r08_b6,contact,0.18765725861516247,0.0743510479353235,0.43592654532424013,-0.07390399878108056,0.0292557086795568,0.0757254004478454,0.18347206711769098,0.3170926317572593,0.4673831760883331,0.10363152250647537,0.24136723130941393,0.33315289381891483,0.8714763357132915,13.608706674185909,0.4060610817309002,9,4
acylindricity,geometry,0.05799753399764368,0.032245435101144325,0.6685118194348892,-0.055291895656963685,0.0010149180889129,0.01520060040056698,0.05353697575628755,0.1197033647447824,0.1817030310630798,0.04671255778521297,0.10450276434421542,0.13315653502941133,0.871043461438561,13.591070675102587,0.4905963171903868,3,1
c_sch_s2_r08_b6,contact,0.16645081220005598,0.0831493902717286,0.6955012889451829,0.31515907820038125,0.0104432860389351,0.0516650663688778,0.1578813716769218,0.32299910634756085,0.4882716834545135,0.11335420422255997,0.27133403997868305,0.3636116589605808,0.8678484839094982,13.461607052836774,0.4469398572489497,10,4
c_sca_s4_r08_b1.5,contact,0.12050795942942767,0.09543558420499478,0.9249242732301445,0.3161453831595282,9.407487596035937e-06,0.0030067689600400457,0.1004784405231475,0.31313211619853965,0.4691822230815887,0.12963416613638404,0.3101253472384996,0.3888982675925943,0.8673285860485931,13.440657257696717,0.5587595422445414,11,5
c_heavy_s2_r04.5_b6,contact,0.02903517975831201,0.010869993385634524,0.47486380112583304,-0.012480540281748276,0.0062964404933154,0.012926805811002785,0.0281279683113098,0.04846801105886692,0.070885844528675,0.015759054105728903,0.03554120524786413,0.04719474970363082,0.8670015615264465,13.427496190471148,0.4095776806794647,1,0
mean_ca_ca,geometry,8.129996784985432,1.1281698838243623,0.980829872565128,0.7439136509295832,6.118163219014978,6.726947778952367,7.91163086223826,10.351599176731789,12.318498940586508,1.3837386928084738,3.624651397779422,5.163048859594088,0.865912355519944,13.383754082177019,0.5234180376516979,154,70
c_bb_s2_r06_b3,contact,0.20133361796739743,0.06881862787461111,0.46483923299666763,-0.3533517985315697,0.0658654123544693,0.10458088777959343,0.19372636079788205,0.32180010676383974,0.472548633813858,0.10439882799983025,0.21721921898424632,0.28654126115143286,0.8627323793808743,13.256861034684519,0.4586844778013762,8,3
rg_ca,geometry,0.5910754240753033,0.0960101913603009,1.0437392089755575,0.8953301165539997,0.4297199583798789,0.4733050212712295,0.5719631408931906,0.7839794763310067,0.957093435330208,0.1181994107889599,0.31067445505977725,0.4391712188011149,0.8626172514571319,13.25228963194514,0.5357542794366874,13,5
c_sch_s3_r08_b3,contact,0.1328774919712713,0.09235372053107353,0.8083027680399948,0.41399889123336564,2.71444605459692e-05,0.00910917995497577,0.1203670687973499,0.31042511910200116,0.5004377365112305,0.12802735902369022,0.30131593914702537,0.3906953635765239,0.86054236653953,13.170171533094695,0.4836381493817782,11,5
cresb_sca_s4_r08_b1.5,contact resbal,0.13277957517746383,0.09894220200605307,0.7457190470281386,0.08200965301876906,1.3579112006190382e-05,0.0039989550199566095,0.12152020414331116,0.3248152597614759,0.5128120030995091,0.14336528974774954,0.3208163047415193,0.39553439421034803,0.8600548442960171,13.150950719668328,0.5041482516856007,11,5
c_bb_s2_r06_b6,contact,0.19848826600210315,0.06989944686974923,0.49791039310517077,-0.29483426598623863,0.0633155405521392,0.1013884663581848,0.19027447700500483,0.32220060825347896,0.478253573179245,0.10543521493673327,0.22081214189529416,0.2902032811194657,0.859977340153194,13.147897664518924,0.46052899405525294,8,3
c_sch_s3_r08_b6,contact,0.13116283832392195,0.093065480964896,0.8202536184591706,0.4404719301873312,3.362939793305486e-08,0.0065987636102362805,0.11859945952892295,0.31043071597814553,0.507841944694519,0.12860729917883873,0.3038319523679093,0.3930982627393677,0.8546257426720743,12.938791849380097,0.4855711447472414,11,5
c_sca_s3_r06_b6,contact,0.050195003408719414,0.03930525001403381,0.8356195821259633,0.3806332021449461,2.0398577271762972e-10,0.0004046999805722801,0.04458226449787615,0.12656829580664627,0.1994664818048477,0.054510107263922705,0.126163595826074,0.16416885022743988,0.8521256237297177,12.842246347335685,0.5016706055193372,4,2
c_sca_s4_r08_b3,contact,0.11294903084941431,0.09588249967089299,0.9951775326892102,0.46782933048924713,3.507806267677438e-09,0.0006119204161222451,0.0906022675335407,0.30838537812232963,0.4709749817848205,0.13072375860065227,0.3077734577062074,0.3875075800745389,0.8500733522926165,12.763533713242477,0.5731986841946249,11,5
c_sca_s2_r06_b1.5,contact,0.07610301485847736,0.03672989766231768,0.685118114241704,0.4570487205790039,0.0056890756823122,0.023349106684327093,0.0719459168612957,0.14282817170023915,0.2312181293964386,0.050352484919130795,0.11947906501591206,0.1691099874395877,0.8493998353659268,12.737806995387846,0.4244789179014278,5,2
max_ca_ca,geometry,15.65913014985816,3.6090999142929667,0.9958157963886397,0.7871640208331159,9.534363225133866,11.203080253894475,14.872601950858229,23.00286094908098,30.34827668664771,4.766238245728875,11.799780695186504,16.037833202427784,0.8484330820532963,12.700969966434979,0.5252598931432423,479,218
c_sca_s4_r08_b6,contact,0.11096686648010533,0.09605887343248555,1.0139997941879768,0.5145932027103495,0.0,0.000176512703183065,0.08783266320824615,0.30648466944694513,0.4722443521022796,0.13091067597270012,0.30630815674376205,0.388908709669854,0.8429691832896976,12.494767891355853,0.5763279086045946,11,5
c_heavy_s4_r06_b3,contact,0.04775585490574152,0.04146120495928882,0.9487379193523096,0.3567825666201383,1.3074108018429342e-08,0.00027018956316163,0.038198372349143,0.12969181388616557,0.2019988149404525,0.05885370331816375,0.12942162432300394,0.16647881830709588,0.8424741421728607,12.476251750708604,0.565278428040086,4,2
c_sch_s2_r06_b1.5,contact,0.06395174529885651,0.03945485769316487,1.087239208828928,1.4034048200230016,0.0021863342262804,0.014192453166469915,0.055987708270549746,0.14051237255334853,0.2322573810815811,0.050294407643377795,0.12631991938687862,0.1842411555163562,0.842101869000953,12.462345606761843,0.4950314105989817,5,2
cresb_sch_s4_r08_b1.5,contact resbal,0.12868158249680403,0.10316551820258008,0.8144224257586634,0.15514980953448942,5.219311763842901e-06,0.0018903358247027151,0.1170208892350395,0.33137657596165715,0.5377071592646341,0.14934097009917935,0.32948624013695443,0.40585767174833964,0.8388606376829262,12.341923546754478,0.5264012909232006,12,5
c_sca_s2_r06_b3,contact,0.06695212830870934,0.03593724426439896,0.7753373978980368,0.7105772849979348,0.0012692925520241,0.01660123607143757,0.06245453469455235,0.1331389516592025,0.2273085266351699,0.0483472356572747,0.11653771558776493,0.16569859264418477,0.838197725384067,12.3174379460277,0.4309776316352824,4,2
rg_heavy,geometry,0.6831049428207949,0.08717283192189704,1.1363605554846234,1.071110834115463,0.5298483815239643,0.579220503874388,0.6593590612216538,0.867078142305143,1.0342015308238224,0.10592842740417918,0.28785763843075507,0.3961530346830836,0.8380853775992587,12.313293038813812,0.5621911724715128,11,5
cresb_sca_s4_r08_b3,contact resbal,0.12461551628185147,0.100117906958876,0.827720298254033,0.22267745226820246,5.686241719457839e-09,0.000770409958678475,0.10973952825894046,0.32138614869843246,0.5227588215106984,0.14463105526922368,0.32061573873975396,0.39558797579115534,0.8377563314109362,12.301161383970157,0.522153210381066,11,5
c_heavy_s3_r04.5_b6,contact,0.015212551742320174,0.011668921308886445,0.821382317203804,0.379984454638743,4.676284914850726e-10,3.3742377854650844e-05,0.0130267031490802,0.03634538948535915,0.0638147294521331,0.0166617127833888,0.036311647107504494,0.05002883099534462,0.8377137212420082,12.29959125743911,0.49479653252986455,1,0
c_sca_s2_r06_b6,contact,0.06458192318946776,0.035815943441858136,0.8026313288974454,0.7950373340397596,0.0004943431122228,0.01457120305858545,0.06011210009455675,0.1311251677572727,0.2267570048570633,0.047688356600701816,0.11655396469868726,0.16412902785930772,0.8347879808637851,12.192259654622402,0.4327326989495706,4,2
cresb_sca_s4_r08_b6,contact resbal,0.12246512282429568,0.10054529926515722,0.8495747016666719,0.2595919779578475,0.0,0.00019893197940632507,0.10636240292058821,0.32121334982590377,0.5276350430051947,0.1447287663320126,0.3210144178464974,0.39507039481251394,0.830102946170651,12.022335197252467,0.5274780717692867,11,5
c_heavy_s4_r06_b6,contact,0.04529184140836502,0.0405780309859943,0.9930107149093674,0.4637150859117969,0.0,2.26691509851662e-05,0.035835426300764,0.12614594995975492,0.1997993141412735,0.056981722591444864,0.12612328080876975,0.1633557973398712,0.8300809968759213,12.021544704081373,0.5726365162952567,4,2
burial_d3,SASA/burial,0.20440052888375634,0.15241548078999168,1.0410758396115336,0.6361693016163614,0.0,0.0302012358,0.15528693999999998,0.4958684749999999,0.84124696,0.22369407500000002,0.4656672391999999,0.6455784251799999,0.8296031491804048,12.004348129014346,0.5723659790154902,19,8
c_bb_s3_r06_b6,contact,0.09767891415511182,0.07316559056820923,0.777646082650113,0.07022098820271738,1.203940610139398e-05,0.006405705050565216,0.0817204043269157,0.23708842024207114,0.4240322709083557,0.10791810415685177,0.2306827151915059,0.2969551020432845,0.8240154126142318,11.805075492471328,0.5218989399171235,8,4
c_bb_s2_r04.5_b6,contact,0.06133422226772691,0.02238418171929143,0.6184725474029464,0.1674834251119215,0.0160349812358617,0.03066341252997511,0.058154689148068345,0.10066900625824923,0.1648569852113723,0.03210001625120636,0.07000559372827413,0.09662289803847662,0.823353043627924,11.781674140608118,0.4358393045797354,2,1
c_sch_s2_r06_b3,contact,0.05542509129634631,0.038919427185332964,1.234488709450041,1.9341795147070533,0.0001459451013943,0.0076363583328202195,0.0464581083506345,0.13119237720966329,0.2343723028898239,0.048798693809658275,0.12355601887684306,0.18411665156716478,0.8191665986900042,11.634837348012026,0.5110522737806358,5,2
chirality_ca,geometry,26.47481024365891,232.96273078388103,-0.012687818586198264,-0.11622999624072827,-707.1967163085938,-353.0650268554688,23.035274505615234,398.7672637939453,950.9114379882812,326.63675689697266,751.8322906494141,1093.450463256836,0.8186412375686498,11.616540362916433,0.34627461035336266,32705,14927
c_sch_s4_r08_b1.5,contact,0.1101147590355808,0.10406329656875064,1.2436624950905817,1.0549854052552972,3.011917897310923e-06,0.0013098950556013152,0.0785588882863521,0.33229751735925667,0.5121811628341675,0.13637571781873703,0.33098762230365536,0.42581617622396134,0.8176863353420277,11.583357207598453,0.6273328514266482,12,5
c_sch_s2_r06_b6,contact,0.05327559642585933,0.03893911056345064,1.2720656564155803,2.077943878404586,2.9651221211679517e-06,0.005346433911472511,0.0441723261028528,0.13034666627645483,0.2358065396547317,0.04853509040549393,0.1250002323649823,0.18291534152405808,0.8109082444136783,11.350525003595815,0.5151285105506822,5,2
asphericity,geometry,0.2512615605999673,0.1559559723761075,1.3802858744056787,1.8246923118377127,0.0337983965873718,0.08131375089287754,0.2063386738300323,0.5889009773731231,0.9487000107765198,0.18519740179181093,0.5075872264802456,0.6985666099935769,0.8095691404688528,11.305082482100623,0.60157952399091,20,9
burial_w9,SASA/burial,0.16238907425644672,0.10524255683488024,0.8301837327789855,0.43914936889509715,0.0,0.02551293655,0.139917405,0.3609715265,0.6918405,0.1518279025,0.33545858995,0.431610171585,0.80664967192181,11.206639953541378,0.49051672722353623,12,5
cresb_sch_s4_r08_b3,contact resbal,0.12035965932600586,0.1053328178107789,0.8948387981458473,0.2961360129958699,7.926589912838404e-10,6.442748631040256e-05,0.10568889258015485,0.3293929144186485,0.5564015089544571,0.15337786795778413,0.32932848693233807,0.40837291204138754,0.8043428658357461,11.129462622065775,0.5455599640063287,12,5
burial_y2,SASA/burial,0.15896590608111674,0.11295871763811989,1.2148355825580832,1.4075951841053325,0.0,0.03980653865,0.12768975,0.378688852,0.6605916,0.15768542849999997,0.33888231335,0.5006308739499996,0.8043315658904553,11.12908587820544,0.5611353769977963,14,6
c_bb_s4_r06_b1.5,contact,0.07969473847678718,0.07312508852569596,0.9955433069098588,0.371009972807018,3.817996912403032e-05,0.00161178070120509,0.0590799134224653,0.22554271221160882,0.3810827136039734,0.10916056483983994,0.22393093151040372,0.2894473056036804,0.800737937684144,11.009917775919005,0.5898550154912862,8,3
strand_mindist,strand packing,1.33772828215875,0.0018672389233875448,0.38590493880377974,0.47047039768894594,1.331441879272461,1.3350308179855346,1.3375394344329834,1.3409860551357269,1.3453775644302368,0.002383291721343994,0.005955237150192305,0.008853362798690867,0.7983288436066767,10.930745227482635,0.3306207747531292,0,0
cresb_sch_s4_r08_b6,contact resbal,0.11820777484898656,0.1062874228465638,0.9150796786507961,0.3303262934243256,0.0,3.232360920972294e-07,0.10270627701241106,0.32821971705209246,0.5624369944093957,0.15611080879966419,0.32821939381600035,0.41010826399494965,0.793861188907886,10.785423907278794,0.5509518742966842,12,5
c_ca_s3_r06_b6,contact,0.08150766540479674,0.07540548135506944,0.9615321196368215,0.38792909613515336,0.0,6.061260160095117e-06,0.06406908109784126,0.22680528685450546,0.4029940664768219,0.11090818885713816,0.22679922559434537,0.29394852685076833,0.7930738613996785,10.760015141197117,0.5672928437872397,8,4
c_sca_s2_r04.5_b6,contact,0.018491364116021224,0.013389031758662073,1.1667829069112272,2.1595756939209565,9.574788606414587e-08,0.0011528877075760902,0.0161275397986173,0.04339487329125398,0.08850958943367,0.0169501781929284,0.042241985583677887,0.059822743959848566,0.7845788840893029,10.48964189646896,0.45726430361763315,1,0
c_sch_s4_r08_b3,contact,0.1030296435885787,0.10546952615437154,1.3238023322004429,1.2836009962298576,5.539464997816879e-10,5.0979397383343904e-05,0.069360751658678,0.32764448225498194,0.5298849940299988,0.13579393085092303,0.3275935028575986,0.43326560615828896,0.7811221607872292,10.381577764896148,0.6418700635328395,12,5
c_ca_s4_r06_b1.5,contact,0.06990424002514241,0.07074257791647236,1.1191651269256568,0.6695139563613242,5.249466084933374e-06,0.000519456839538115,0.04734891653060905,0.2117996826767921,0.3449262082576751,0.10128532676026225,0.211280225837254,0.2787193601614671,0.7793521029204603,10.326673904220742,0.6130852652336938,8,3
c_sch_s3_r06_b6,contact,0.04466216073426835,0.042841246598276185,1.3083195785543928,1.7043339199232523,0.0,6.009361527503644e-07,0.0342095643281936,0.13306128308176993,0.2352176308631897,0.05498281400650735,0.13306068214561717,0.1862399550971112,0.7780483099184765,10.286418494980618,0.5758657544692473,5,2
sasa_hydrophobic_frac,SASA/burial,0.11770308198934011,0.008236930943565902,-0.5638019618452451,1.1352327622797587,0.078326,0.10327107725000001,0.118297685,0.129770295,0.14329009,0.01021377875,0.026499217749999998,0.04130597865999998,0.7761644121697416,10.228529023146818,0.31834141181250886,1,0
c_sch_s4_r08_b6,contact,0.10122247299416973,0.10597312821944012,1.3416678352648839,1.3397267842900105,0.0,2.24209847488055e-07,0.0668677203357219,0.32633749544620505,0.5378666520118713,0.13497723080217838,0.3263372712363576,0.434055999815464,0.7687027453806183,10.00242559525034,0.6445389616622674,12,5
rmsd_ca_to_survivor000,reference,3.5184565322842642,0.902998416026134,0.6364954882172589,0.6377237960608633,0.0,2.28755604,3.36037695,5.190243335,7.209202,1.1587517500000004,2.902687295,4.306487059999998,0.765151494247114,9.896577848109825,0.38577999637068755,128,58
c_ca_s4_r014_b3,contact,0.8404698382703786,0.1908849989872199,-1.231818462060061,0.5695208040397235,0.2417002022266388,0.4273176923394203,0.9226531088352203,0.9999830931425094,0.9999998807907104,0.2591800391674042,0.5726654008030891,0.7176545780897141,0.7631655412584231,9.837874110206045,0.7043392137531087,21,9
c_ca_s2_r014_b3,contact,0.9069403821139166,0.11134988427900745,-1.2318205327103315,0.5695290161514461,0.5576558113098145,0.6659351170063019,0.9548809826374054,0.999990102648735,0.9999998807907104,0.15118880569934834,0.3340549856424331,0.41863264918327336,0.7631655412584231,9.837874110206045,0.7043390227185677,12,5
hairpin_closure_ratio,geometry,0.9824204399463591,0.28832742896285735,1.4417732493073572,2.5032501422080795,0.4690906507903034,0.6664791534578506,0.9039339554615766,1.5873840248445528,2.4935029334862397,0.3281381163827277,0.9209048713867022,1.344559027762474,0.7584976316929514,9.701260588829264,0.558970067615938,40,18
c_bb_s4_r014_b3,contact,0.8397075451721395,0.1895491674925305,-1.2853254449699296,0.7756475992528462,0.20010706782341,0.42578816562891003,0.9251955151557922,0.9999020248651506,0.9999998211860656,0.24553430080413807,0.5741138592362405,0.7287837284803391,0.7533972589840016,9.554158297502894,0.7015620213909631,21,9
c_bb_s2_r014_b3,contact,0.9064206063747406,0.11065279338026182,-1.2861336113953754,0.7794472518832256,0.5317901968955994,0.6647134631872177,0.9563527405261993,0.9999397188425063,0.9999997615814208,0.14331845939159404,0.33522625565528863,0.4258374154567719,0.7529294350889312,9.540777760592675,0.7014067567361085,12,5
c_sca_s4_r06_b1.5,contact,0.044636642793425475,0.046921004113072276,1.4009860779805052,1.7133266112751242,4.72038465204605e-07,0.00017564089066577,0.02948200237005945,0.14289148747920985,0.2529354691505432,0.05922280647791922,0.14271584658854408,0.20065780828457705,0.7472713868995683,9.380424434157213,0.6279828272936656,6,2
c_sca_s3_r04.5_b6,contact,0.014516177823771077,0.014138421507477178,1.2167276194926606,1.4912103175981075,0.0,7.238741375203974e-08,0.011300002224743349,0.04219185188412661,0.0867728143930435,0.019837782368995277,0.04219177949671286,0.05867701757622751,0.7356378174677957,9.059137813331885,0.5517223852471054,1,0
c_bb_s4_r06_b3,contact,0.06493532783180245,0.0688375873455672,1.2083914016347357,0.9589657284326769,3.397109793468189e-08,6.475478039646987e-05,0.040952211245894404,0.20587344467639918,0.3799640238285064,0.09782896935939786,0.2058086898960027,0.27201573254360856,0.731113230892196,8.93717462180998,0.6207099054601432,8,3
pack_p4,strand packing,9.109137055837563,2.214241702435643,1.4540210478376019,3.7497955824888605,5.333333333333333,6.333333333333333,8.666666666666666,13.0,23.666666666666668,2.666666666666667,6.666666666666667,10.666666666666668,0.7162829318940588,8.548808325248979,0.4610609654401048,319,145
pack_w9,strand packing,2.730406091370558,1.4564383012833495,1.3550820474949807,3.3092936794494747,0.7,1.0,2.5,5.6,13.0,1.9,4.6,6.530999999999994,0.7056319779518273,8.280343802713732,0.4492090236026401,195,89
c_bb_s4_r06_b6,contact,0.060822879713976485,0.06764926304612894,1.2810506652475113,1.1811147740399583,0.0,3.810794638070548e-07,0.03540437109768385,0.20066454336047165,0.3807030618190765,0.09334945830050856,0.20066416228100784,0.2674635298266296,0.7049973226374585,8.264615694048745,0.6309808293841148,7,3
c_sca_s4_r06_b3,contact,0.03889736019916481,0.04548684514280457,1.5436604123543975,2.242461014552121,2.8062449933252687e-11,1.757060192630888e-06,0.0224185260012745,0.1357682362198829,0.2471947968006134,0.05698672763537615,0.13576647915969028,0.19555431351037494,0.7026033168394226,8.205555556546532,0.6447233523961372,5,2
c_bb_s3_r04.5_b6,contact,0.022716590343785023,0.02132479087078937,1.1576908682914653,1.4825186305072862,1.6630760102387399e-09,6.558483346452704e-06,0.0170973828062415,0.06311741657555099,0.1510290801525116,0.030527268769219476,0.06311085809220454,0.08527714856966567,0.6971429468204441,8.072422515836795,0.5215508470561011,2,1
c_ca_s4_r06_b3,contact,0.05730149015040715,0.06933556115311822,1.3635616213249298,1.4145731706397582,0.0,2.1674803406313007e-06,0.02937819901853795,0.20217864513397205,0.3516412377357483,0.09392765015945771,0.20217647765363142,0.28207515610115824,0.6938883414160416,7.99409943265842,0.6470250289405531,8,3
c_sca_s4_r06_b6,contact,0.03746148024973731,0.04518504975322775,1.5871971863003307,2.4151443536962534,0.0,1.3469976245517046e-09,0.0203922316431999,0.1327608399093151,0.245324894785881,0.05608309953822755,0.13276083856231746,0.19371256187558164,0.6893587420414353,7.886356424772478,0.6493314235393866,5,2
c_sch_s4_r06_b1.5,contact,0.039365503363965236,0.050443341957358875,1.8760606820303354,3.5714688188221464,1.5377554518636316e-07,6.676655684714206e-05,0.018680510111153098,0.1484328188002109,0.2665327787399292,0.05277621408458798,0.14836605224336374,0.22629736620352553,0.6755262269937526,7.566236014659205,0.6872829521634762,6,3
c_heavy_s4_r04.5_b6,contact,0.009373562758800606,0.010398142317527576,1.389237630585195,1.7807913623397544,0.0,2.9873506668387505e-09,0.00563086057081815,0.030675094109028533,0.0687783136963844,0.0139791880501434,0.030675091121677867,0.0421163533255457,0.6653582115671489,7.33923833277915,0.6122792267888202,1,0
c_ca_s4_r06_b6,contact,0.05443164506255958,0.07053229623072177,1.4501169046457756,1.714288100919858,0.0,0.0,0.02388671413064,0.2045876808464526,0.3592858910560608,0.09304337132539323,0.2045876808464526,0.28349558502435657,0.6533073600897069,7.079009120441109,0.6575393554063835,8,3
cresb_heavy_s4_r04.5_b6,contact resbal,0.010924749221367148,0.012462803422075409,1.5141574460907865,2.546437560543901,0.0,3.2863649381261297e-09,0.0065344141089568,0.03648751382117542,0.0828298227094824,0.016208257130198925,0.03648751053481048,0.048442685002588505,0.6527705379842886,7.067633981840187,0.5931660182582268,1,0
pack_y2,strand packing,2.5371192893401013,1.4457053987528896,2.4719758407427093,8.504233760550353,0.875,1.375,2.0,5.25,13.25,1.375,3.875,6.827499999999986,0.6095468140905123,6.209243464817949,0.6178453322221688,204,93
c_sch_s4_r06_b3,contact,0.034008270342828634,0.049361004130762304,2.085873898522809,4.60377056091971,0.0,1.282773951061245e-07,0.0117607484571635,0.13964133188128464,0.2777915894985199,0.047667357437603676,0.13964120360388954,0.22565278937049943,0.6072223721970961,6.16615617535623,0.7032894318550703,6,3
c_sch_s2_r04.5_b6,contact,0.011102277521300215,0.012044148551211687,2.2468183820366683,8.052204930721025,3.4815797467224735e-10,8.201254377127044e-06,0.00747230509296055,0.03494505081325768,0.1012289747595787,0.012318045017309523,0.03493684955888055,0.0536055961658587,0.5997877543663747,6.030340839093744,0.547012076272421,1,0
c_sch_s4_r06_b6,contact,0.03264426882591051,0.04914920274361769,2.145149811024303,4.9166684974694315,0.0,0.0,0.009829954244196349,0.13758694529533375,0.2838304340839386,0.04616252068808526,0.13758694529533375,0.22616379216313356,0.5862861310220812,5.79129706273357,0.7071701324361026,6,3
rama_alpha,torsion bins,2.148730964467005,1.4565486337722264,0.7066395473895798,0.2133565694400903,0.0,0.0,2.0,5.0,8.0,2.0,5.0,6.0,0.5774786174102194,5.64049220145175,0.4659324866108254,179,81
c_sch_s3_r04.5_b6,contact,0.009476625497515751,0.012889211062622061,2.2471383127916424,6.744277730549239,0.0,1.6285421622352914e-10,0.0045447426382452,0.03596911709755651,0.0970920845866203,0.01372687220100486,0.0359691169347023,0.05623513098806136,0.558485848775867,5.328522959608476,0.6205478711718361,1,0
rama_ppii,torsion bins,2.5619289340101523,1.3003210595440602,0.44517527306872895,-0.05760345083596308,0.0,1.0,2.0,5.0,7.0,1.0,4.0,6.0,0.5532223210417209,5.245161127547218,0.40658027644209566,179,81
c_sca_s4_r04.5_b6,contact,0.010873070825355827,0.01653933680145594,2.035398981284946,4.533191203506743,0.0,0.0,0.00197935488540675,0.046140667609870366,0.1076376885175705,0.017259605520067056,0.046140667609870366,0.07465200610458841,0.5429981336797376,5.08694286162782,0.6822774821113204,2,1
chi1_w9_cos,torsion bins,0.4615958915926396,0.12367162541834491,-1.3264132443886736,15.989748203887899,-0.8747754,0.30071602449999996,0.45274640499999996,0.6787332975,0.9924236,0.10826153749999995,0.37801727300000004,0.6265904102999998,0.5252693933165515,4.8238215849755,0.14527350517714138,18,8
cresb_sca_s4_r04.5_b6,contact resbal,0.011992718607006663,0.01866792363883842,2.197730926071247,5.528329403886021,0.0,0.0,0.0022779719303303997,0.05213441445055288,0.1311351707676586,0.01815032250130036,0.05213441445055288,0.08408025539913609,0.5214290063535684,4.768642640670432,0.683239853547245,2,1
chi1_y2_cos,torsion bins,0.4874061374040609,0.14718411304779475,-4.516731286804477,37.42231976503754,-0.99397314,0.3181661375,0.496208475,0.656985997,0.99370474,0.10615862499999995,0.33881985950000004,0.77228378504,0.496879868442077,4.4305293010578755,0.5293718691215029,23,10
c_bb_s4_r04.5_b6,contact,0.011780054858016286,0.017618199256267737,2.1984229532400135,6.97911340108846,0.0,1.2861121508056542e-10,0.0028723118593916,0.04798257965594526,0.1639893352985382,0.018139205074817165,0.04798257952733405,0.07293335236608972,0.46731356403428603,4.054982312451654,0.5842592942204691,2,0
cresb_bb_s4_r04.5_b6,contact resbal,0.011780054920891226,0.017618199306423107,2.198422916224051,6.979113078065575,0.0,1.286112126849949e-10,0.0028723116431917,0.04798258087996918,0.1639893376933676,0.01813920525213081,0.047982580751357966,0.07293335028790993,0.46731356403428603,4.054982312451654,0.5842592968222771,2,0
cresb_sch_s4_r04.5_b6,contact resbal,0.008426040071319058,0.016630276517523496,2.899784029413711,10.188593961276863,0.0,0.0,3.170111320084995e-05,0.04307786913169544,0.1318086657010846,0.009594089436965601,0.04307786913169544,0.0756544110248071,0.40955417990398135,3.4106901965922187,0.7131528853062336,2,1
rama_beta,torsion bins,0.7624365482233503,0.9853805223834362,1.4312292289023314,1.9606797487521144,0.0,0.0,0.0,3.0,6.0,1.0,3.0,4.0,0.3965042289207839,3.2799248651874295,0.6139496319516395,119,54
c_sch_s4_r04.5_b6,contact,0.007338606294795393,0.015224045693882525,3.286428483947355,13.983651926004931,0.0,0.0,2.6230973162455484e-05,0.039170762151479646,0.1321004331111908,0.007745870856436573,0.039170762151479646,0.07032817892730221,0.37547628489959,3.0796822455305253,0.6946346636912052,2,0
chi1_w9_sin,torsion bins,-0.8704178051421321,0.11835288478333689,9.07058499452436,112.76036890837322,-0.9999994,-0.953115288,-0.8915225,-0.7321446075,0.8396223,0.05641754499999996,0.22097068050000002,0.3761883155999999,0.36689169039284736,3.0014913379802595,0.7193499898790794,11,5
c_ca_s2_r04.5_b6,contact,0.004853905701981164,0.009907732474151878,2.7880824226676215,8.544507731290741,4.51174059890036e-07,5.618809791485547e-05,0.0005206308269407,0.0278827695176005,0.0804018378257751,0.0026473272955627,0.027826581419685643,0.0451730639239394,0.34531354912533874,2.8136060251412514,0.7596622895898469,1,0
chi1_y2_sin,torsion bins,-0.8413443795147209,0.1814158975384024,7.7439088530721705,65.78627338720185,-0.99946845,-0.942774968,-0.867534625,-0.741416423,0.9577633,0.0618610275,0.20135854500000006,1.4149940483999903,0.33978483013286076,2.767389291400166,0.8862824725660415,42,19
c_ca_s3_r04.5_b6,contact,0.00581811996408753,0.012616019510347314,2.77431574654194,8.303058547032077,0.0,1.0643687042843908e-09,0.00017940092948260001,0.035310425609350146,0.1028796583414077,0.0031791748894533637,0.03531042454498144,0.0574579505994915,0.33243550479282974,2.7071265821466275,0.7691111361239396,1,0
hbond_crossstrand,H-bond,0.20144106161775927,0.41666513916203146,2.0660227658985684,3.752365478320841,0.0,0.0,2.384185791015625e-07,0.9903461724519729,2.201768398284912,0.026198573410511,0.9903461724519729,1.9437787711620325,0.3085329047216226,2.520058158754679,0.779709262700839,58,26
c_ca_s4_r04.5_b6,contact,0.006445810900284667,0.015978734577638112,3.0140631705532996,9.907684193128228,0.0,0.0,4.682512326326105e-06,0.04558535031974313,0.13649483025074,0.0011364161757573543,0.04558535031974313,0.07559553399682037,0.28401892609249,2.34162390036457,0.7810078509775019,2,1
cresb_ca_s4_r04.5_b6,contact resbal,0.006445810963112212,0.015978734735654372,3.0140631639862234,9.907684196922093,0.0,0.0,4.682512510390508e-06,0.045585349060240185,0.1364948352177938,0.0011364161258651823,0.045585349060240185,0.0755955396237827,0.28401892609249,2.34162390036457,0.7810078476821685,2,1
rama_left,torsion bins,0.19847715736040608,0.4365272690048273,2.099678356819686,3.934486330085086,0.0,0.0,0.0,1.0,3.0,0.0,1.0,2.0,0.17682652273675784,1.6984650322607713,0.7794495471932272,59,27
hbond_bb_ge3,H-bond,0.07736581323413075,0.30933359759461915,5.095544231154823,33.35847946628622,0.0,0.0,0.0,0.9741423219442366,3.9385602474212646,4.604458808898925e-06,0.9741423219442366,1.4738743269443455,0.12648444822025873,1.4606967437549085,0.7415375431239521,44,20
hbond_i_i3,H-bond,0.010763086976133623,0.09629948870708252,9.512469256385504,90.49631715075472,0.0,0.0,0.0,0.00034919679164881884,0.9948435425758362,2.9802322387695312e-08,0.00034919679164881884,0.5235474753379799,0.03239101978055656,1.101898744736449,0.9784620018692236,15,7
hbond_i_i4,H-bond,0.004094161887459344,0.05624819965694026,15.452221465429268,247.17337602577015,0.0,0.0,0.0,1.7583370208740234e-06,0.9869259595870972,0.0,1.7583370208740234e-06,0.0038455668091771805,0.01749604010626038,1.0538113528726658,0.9584023932395637,0,0
cis_omega_any,torsion bins,0.003553299492385787,0.05950355918012969,16.686285907865333,276.4321373990249,0.0,0.0,0.0,0.0,1.0,0.0,0.0,0.0,0.007873586457009772,1.023867534139849,0.9999836232304602,0,0
