cv,family,mean,std,median,IQR,p05,p95,span_01_99,entropy,BC,nw_k1200
c_ca_s4_r010_b6,contact,0.4890309042985479,0.24879847596128452,0.506180465221405,0.3913547098636628,0.06539460271596902,0.8753870189189914,0.9522186827659604,0.9819091770086241,0.49125133586645126,28
cresb_ca_s4_r010_b6,contact resbal,0.4890309040682138,0.2487984746629839,0.5061804552872976,0.3913546992199762,0.06539460448991682,0.875387029562678,0.95221865988913,0.9819091770086241,0.4912513391537506,28
cresb_bb_s4_r010_b6,contact resbal,0.5143075735514684,0.24602569581475411,0.5357267915138176,0.39254430379895944,0.09407602822674165,0.8854354845803409,0.9115588214833822,0.9793683179010786,0.512982010568378,27
c_bb_s4_r010_b6,contact,0.5143075750652816,0.24602569770781232,0.53572678565979,0.39254432916641235,0.09407602846622463,0.8854354619979858,0.9115588422119618,0.9793683179010786,0.5129820098079998,27
c_ca_s4_r010_b3,contact,0.4878714701343725,0.24387935126351393,0.5048996806144714,0.383942723274231,0.07396349906921383,0.8643280982971192,0.9320353736355902,0.9788777149469378,0.49394476521866415,27
cresb_ca_s4_r010_b3,contact resbal,0.4878714700478148,0.24387935075547745,0.5048996948060536,0.38394274881907875,0.07396349552131828,0.8643279888800213,0.9320353833834328,0.9788777149469378,0.49394476497687545,27
cresb_bb_s4_r010_b3,contact resbal,0.5127619917644202,0.24213068355480472,0.5347694826445409,0.3860831712594345,0.0973359020959053,0.8760083998509108,0.8978141683251374,0.9781394291994483,0.5133357302503503,26
c_bb_s4_r010_b3,contact,0.5127619922821831,0.24213068421171424,0.5347695350646973,0.3860832154750824,0.0973359033465385,0.8760084033012392,0.8978141743689775,0.9781394291994483,0.513335728964512,26
c_ca_s4_r010_b1.5,contact,0.48441147444542837,0.22973185393610313,0.5053093433380127,0.360907256603241,0.08774206563830375,0.8322518646717072,0.8740768341720103,0.9742772533322224,0.49830636236178866,26
cresb_ca_s4_r010_b1.5,contact resbal,0.4844114745129086,0.22973185378054672,0.5053093561104366,0.3609072523457664,0.08774206907976236,0.8322519217218672,0.8740768099682672,0.9742772533322224,0.4983063636909616,26
cresb_bb_s4_r010_b1.5,contact resbal,0.5076926072109265,0.2292576358929391,0.5296171797173364,0.3633527757954739,0.10882289545344455,0.8459964056721047,0.8575740484112786,0.9719029492957866,0.5137975765910564,25
c_bb_s4_r010_b1.5,contact,0.5076926074245275,0.2292576362707342,0.529617190361023,0.36335277557373047,0.10882289186120028,0.8459964394569398,0.8575740619003773,0.9719029492957866,0.5137975773536589,25
contact_order_ca8,geometry,0.23593741777035473,0.052190904332897255,0.2333333333333333,0.084695652173913,0.1555555555555555,0.325,0.1973856209150327,0.9607794778350507,0.5070551346614863,5
cresb_heavy_s4_r010_b6,contact resbal,0.394173713011173,0.18214334324725742,0.4098192461310647,0.28659020889240305,0.08105537559616463,0.6727377258239727,0.7022824767058048,0.9597812987993722,0.49236874752477505,21
cresb_heavy_s4_r010_b3,contact resbal,0.3945702618711328,0.18030402168279472,0.4104436384549171,0.2835900732439569,0.08374946433771427,0.6692926150684636,0.6952468808490206,0.9597093039206145,0.4929279363018772,20
c_sch_s4_r012_b6,contact,0.41599831714837465,0.22447072038963703,0.4031335115432739,0.35392850637435913,0.0761920824646949,0.802186119556427,0.8798380269110202,0.9577682756920491,0.4853110201850115,26
cresb_heavy_s4_r010_b1.5,contact resbal,0.39617159907308236,0.17387982546401037,0.4126256720364156,0.2723340535331258,0.0926895730685164,0.6573604021436767,0.6733488515210304,0.9576763457127953,0.49437345730784377,20
c_sch_s4_r014_b3,contact,0.6145560082544282,0.2332030296995187,0.6423399448394775,0.3702122420072556,0.20254351645708082,0.9455899953842163,0.8839032389223576,0.9563380049496457,0.5188795560762567,26
c_sch_s4_r012_b3,contact,0.4165651512154317,0.22219488765181206,0.4043133556842804,0.34981262683868414,0.07918477132916447,0.7975010633468629,0.8710870011895895,0.9562243295841023,0.4836814787869097,26
c_bb_s2_r010_b6,contact,0.6959885579435063,0.15572021664183353,0.7130837440490723,0.24088725447654724,0.4213853120803833,0.9263243675231934,0.5965603494644165,0.9517877773146706,0.5001164292597232,17
crat_bb_s4_n8m14_r08,contact rational,0.34617821003991467,0.1650015602801508,0.3493277728557586,0.25774755328893667,0.07928523123264304,0.6115764856338501,0.6390782722830773,0.9515366753372428,0.47435283264121536,19
c_sch_s4_r012_b1.5,contact,0.4187171142926187,0.2144739297366873,0.409332811832428,0.3374473527073861,0.08823177367448802,0.7838777303695679,0.8447821260243654,0.9514786768303156,0.47812875403534905,25
d_p4_g7_ca,geometry,7.5503570332421495,1.5914033043805438,7.693110243951931,2.7952528627364064,5.1323516766171835,10.076414086190974,5.9311177399655435,0.9511001476626876,0.5234054001156196,177
c_bb_s3_r010_b3,contact,0.6066146752884353,0.19685027041067987,0.6283467411994934,0.303656667470932,0.2581275165081024,0.8955346941947937,0.7529129162430764,0.950342844391682,0.501340213183505,22
c_heavy_s4_r010_b6,contact,0.3615003048996709,0.17676902979490303,0.3667739629745483,0.27908887714147573,0.07048163563013073,0.6414367377758027,0.6859970327466727,0.9503227483237345,0.47521586529983223,20
c_heavy_s4_r010_b3,contact,0.3622678207951433,0.17516408892812688,0.3680521845817566,0.2764035612344742,0.07250066176056856,0.6389967203140259,0.6807172960415483,0.9502735676818178,0.47509935693458294,20
c_heavy_s4_r010_b1.5,contact,0.3651684671116591,0.1694538180660752,0.3730859160423279,0.26645967364311224,0.07980740144848822,0.6300966024398804,0.6625085348263383,0.9495576702354972,0.47454118507492354,19
c_bb_s2_r010_b3,contact,0.6929735683231181,0.15367102689233791,0.7101906538009644,0.2372218668460846,0.42115935087203976,0.9182260751724243,0.589301490187645,0.9488750114373851,0.5008323987584573,17
crat_bb_s4_n8m14_r010,contact rational,0.5595783673859676,0.1930440147305922,0.5881892442703247,0.29463659226894384,0.20295984596014016,0.8289188146591188,0.7482577624917031,0.9482154517704627,0.5207111022136334,22
crat_bb_s4_n6m12_r010,contact rational,0.513170076894634,0.18137802615865029,0.5372439622879028,0.27706795930862427,0.18323166668415064,0.7726548612117767,0.7054195772111415,0.9477957785479855,0.5056765258064991,21
crat_ca_s4_n8m14_r010,contact rational,0.5425622314553065,0.19274137314666626,0.5710147023200989,0.28983245790004736,0.1900709077715873,0.8158349692821503,0.7531352217495441,0.9455294389236901,0.5103115896711949,22
crat_bb_s4_n6m12_r08,contact rational,0.31435266489852587,0.15035824311208773,0.3158272206783294,0.23480278253555303,0.07328445315361021,0.5581310570240021,0.5861988241225482,0.9444818593653436,0.47095692978853804,17
crat_bb_s4_n6m10_r08,contact rational,0.40252355533041384,0.15117818786894807,0.4126094281673431,0.23085720837116241,0.1429392024874687,0.6348749279975892,0.5968777544796465,0.9439348283876245,0.46994116372867273,17
c_bb_s2_r010_b1.5,contact,0.6819369011515926,0.14648621932695913,0.6999394297599792,0.2243688702583313,0.41955289542675017,0.8935735940933229,0.565007256269455,0.9429265616342252,0.5031133875164872,16
c_ca_s2_r010_b1.5,contact,0.6729031229925817,0.14477393257343596,0.6891793012619019,0.21858584880828857,0.41515697538852686,0.8871729671955109,0.5692808413505555,0.9418310169927165,0.48753144964132383,17
cresb_sch_s4_r012_b6,contact resbal,0.4774027328782104,0.20644127903011072,0.4898300152779039,0.30088482452763465,0.11624631583276716,0.7958073824277768,0.8682031442138675,0.9413057492339905,0.43398095985223567,25
c_sca_s4_r012_b6,contact,0.435867131057992,0.20424915371618732,0.4327744841575622,0.3140382170677185,0.10689474269747737,0.7700369834899903,0.833134871199727,0.9411270991988194,0.4512650206204734,24
crat_ca_s4_n6m12_r010,contact rational,0.4962053489565034,0.18029170723390256,0.5193871855735779,0.2724584937095642,0.17144167572259894,0.7570713460445404,0.7072191120684147,0.9408455117152095,0.4969288692112871,21
c_sch_s2_r014_b3,contact,0.7234769269417998,0.15043081232454375,0.7405093312263489,0.23376688361167908,0.4576535582542419,0.9429559528827667,0.5888163065910339,0.9407336899232702,0.4970661484111215,17
crat_heavy_s4_n8m14_r010,contact rational,0.438396105488307,0.155450406086789,0.4551974833011627,0.23759689927101135,0.15932014286518092,0.6667593955993654,0.6215411026775837,0.9400765945255007,0.479744037388377,18
c_sca_s4_r012_b3,contact,0.4363032727334118,0.2024032434675904,0.4337098002433777,0.3107391446828842,0.1089727602899074,0.7661650121212006,0.8254489936679602,0.9399876402201887,0.4503675091619595,24
c_ca_s3_r010_b3,contact,0.5948919998289451,0.19663155020558545,0.6120767593383789,0.3002333343029022,0.25237096250057217,0.8916939437389374,0.7761105030775068,0.9395489973273268,0.4787835607719747,23
c_ca_s2_r010_b3,contact,0.6849066701843444,0.15293685429686268,0.6982810497283936,0.23351502418518066,0.4184905797243118,0.9157581746578217,0.6036544466018675,0.9395468354168136,0.4787828695711625,18
crat_heavy_s4_n6m12_r010,contact rational,0.40124917759738804,0.14417654110650913,0.415629893541336,0.22047507762908936,0.14508683383464807,0.6154176950454712,0.5781830292940138,0.9393797723639217,0.47305442187783897,17
c_heavy_s4_r012_b3,contact,0.5725170818395182,0.2050428127439929,0.6058570146560669,0.31305739283561707,0.19241499602794646,0.8532524824142456,0.8005345720052719,0.9392137343982786,0.5216359816549144,23
c_heavy_s4_r012_b6,contact,0.5737498349631255,0.2070123682430797,0.6072832942008972,0.31620450317859655,0.18997788280248634,0.8572578310966492,0.8076781389117241,0.9390404410455973,0.5214906788116733,24
strand_cross_far_r012_b3,strand packing,0.5978543960968705,0.1940647842584643,0.6302182078361511,0.2957586646080017,0.23759867250919342,0.8625605165958404,0.7595198252797126,0.9389863491095881,0.5216695711468857,22
strand_cross_all_r012_b3,strand packing,0.6374130060435031,0.17457963133549043,0.666530191898346,0.2659483850002289,0.3131289392709732,0.8759302437305451,0.6834108421206474,0.9387515909485187,0.521594312610129,20
cresb_sch_s4_r012_b3,contact resbal,0.4774133025854008,0.20396526461859651,0.48957524914191,0.29589972183574,0.12030958500783887,0.7915365207788224,0.8601483742216599,0.9386697765800415,0.43374249420187283,25
c_heavy_s4_r012_b1.5,contact,0.5680436080228528,0.19794970801684766,0.6004916429519653,0.30062171816825867,0.199305148422718,0.8384375751018525,0.7750333432853221,0.9376286516884652,0.5217993252910555,23
c_bb_s4_r08_b1.5,contact,0.268234294438672,0.16787127201482296,0.2566787600517273,0.26761160790920263,0.02305381763726467,0.5575212836265564,0.6389479825645685,0.9372910667917432,0.4967892113391024,19
cresb_bb_s4_r08_b1.5,contact resbal,0.26823429471357596,0.16787127238815416,0.2566787381434724,0.2676116146945528,0.02305381740665144,0.5575213144311593,0.6389479544244352,0.9372910667917432,0.4967892084509073,19
c_sca_s4_r012_b1.5,contact,0.4378703699108577,0.19590257758836294,0.4364225268363952,0.29906028509140015,0.11681475415825844,0.7547648906707765,0.7988692899793386,0.9358979287523314,0.4473685046186754,23
crat_heavy_s4_n8m14_r08,contact rational,0.253732663158475,0.11770621987035394,0.2556490004062652,0.18392233550548556,0.062068998068571,0.44324327111244194,0.4689188668131826,0.9358385738071658,0.45853202546929045,14
c_ca_s2_r010_b6,contact,0.6887224922340566,0.1557041000644698,0.7017713189125061,0.23745933175086975,0.4188866227865219,0.9246483027935029,0.618683145046234,0.9353886296742658,0.4737623971986199,18
c_sca_s4_r014_b3,contact,0.6316652657336426,0.21018891030021186,0.6600927710533142,0.3205344080924988,0.24407451450824738,0.9241818845272065,0.8363344725966455,0.9349775284198247,0.502603683868952,25
crat_heavy_s4_n6m12_r08,contact rational,0.23133322442001938,0.10722950240795048,0.2325128614902496,0.1670292317867279,0.057481937855482036,0.4046828895807266,0.4278473352640866,0.934385823245336,0.45656644962004644,12
crat_heavy_s4_n6m10_r08,contact rational,0.31457866519155625,0.11495539697931563,0.3214918375015259,0.17638096213340762,0.11675745695829386,0.491495430469513,0.4645794504880905,0.9343342072289698,0.4546963030280361,13
cresb_heavy_s4_r012_b6,contact resbal,0.6087544372820952,0.20581005463097932,0.6498970430316587,0.30672414431673456,0.21039411907516406,0.8749785342999628,0.8013699699952244,0.9326317536497298,0.5521084811281777,23
cresb_heavy_s4_r08_b1.5,contact resbal,0.2027698074727187,0.11547005930234751,0.2028762366589701,0.18253999273101137,0.024490384464682612,0.3956397452946193,0.44706792115955185,0.9315015436402326,0.47712991380839564,13
cresb_heavy_s4_r012_b3,contact resbal,0.607191693488319,0.20380839800009462,0.6481434156332998,0.3035519371137238,0.21258977414613536,0.8708356633717543,0.7934480533965258,0.9313893051731105,0.5521938656604994,23
strand_cross_far_r010_b3,strand packing,0.3925591793144796,0.1691926621638435,0.4007319211959839,0.2623378336429596,0.10843131467699997,0.6564132988452911,0.6682601998746395,0.9312787868476876,0.4684817097671579,19
cresb_sch_s4_r012_b1.5,contact resbal,0.4776142190441453,0.19583533453385668,0.4907911879217458,0.2847502644406633,0.13112527617708677,0.7770251297241905,0.8297742661817413,0.9312153357428328,0.4330866346346156,24
torpca_pc1,torsion PCA,-6.006301427584587e-08,1.1124201834257534,-0.032608688,1.6974712749999998,-1.7192114600000001,1.9103564800000001,4.616989972,0.9309903876803489,0.4424083223132528,138
c_bb_s3_r08_b3,contact,0.3397303652540719,0.1555697998352764,0.3363038897514343,0.24035336077213287,0.09422332644462579,0.5978084087371827,0.6172547885775566,0.9309273296344318,0.4589499757756308,18
crat_bb_s4_n6m10_r010,contact rational,0.5881092127712618,0.1649050282314636,0.6156442761421204,0.24428375065326696,0.2766832768917084,0.8125496149063111,0.6554584732651708,0.9306707568467998,0.5200780321326571,19
crat_ca_s4_n8m14_r08,contact rational,0.32621513899761156,0.1611212157992247,0.3291961848735809,0.2531541287899018,0.06912499666213982,0.5876444637775421,0.6264257130771874,0.9301841282814156,0.47260793323905825,18
strand_cross_all_r010_b3,strand packing,0.4484311079130295,0.1522334072826018,0.4561990201473236,0.2356492131948471,0.19253143221139907,0.6861226081848145,0.6022960367798805,0.9292243201767245,0.4671954668977767,18
cresb_heavy_s4_r012_b1.5,contact resbal,0.6014761638707212,0.19665025197998098,0.6409862336908299,0.2932119251224041,0.2205918417702714,0.8554081960771731,0.7687683820633816,0.9290025924882916,0.5521186304697919,22
crat_heavy_s4_n6m10_r010,contact rational,0.48493915595421355,0.13820858152369053,0.5038549900054932,0.20622745156288147,0.22920254617929453,0.6813471376895904,0.5633720168471337,0.9285314933216853,0.48499837486341457,16
cresb_sca_s4_r012_b6,contact resbal,0.4747397016528446,0.1954932752787303,0.4864459762614174,0.28022266751741653,0.12479642732436819,0.7758090730974981,0.8280819615660305,0.9280084628286296,0.426688778527961,24
c_bb_s3_r08_b6,contact,0.3387655759139531,0.1580492658871477,0.3349363505840301,0.2440149858593941,0.09149432107806198,0.6015444099903107,0.6273988103121519,0.9276004608839717,0.45945425484253005,18
c_bb_s2_r08_b1.5,contact,0.46073192509869304,0.12043422731580128,0.4622904360294342,0.18230153620243073,0.2637906163930893,0.6550944507122041,0.48361741542816145,0.9275318192719149,0.4485756428326606,14
c_ca_s2_r08_b3,contact,0.4517494292628778,0.11813226797811854,0.4517797231674194,0.18039295077323914,0.26321001946926115,0.6489196121692657,0.4699771371483802,0.9272651847802824,0.4525739640821486,14
c_ca_s3_r08_b3,contact,0.29964609977552525,0.15123248681138082,0.2994391918182373,0.23097342997789388,0.0587160989642143,0.5523928999900819,0.6015105221793056,0.927207483050001,0.45337468261719016,17
crat_ca_s4_n6m10_r08,contact rational,0.3861414166748351,0.1485288730535882,0.3966191112995147,0.22777841985225672,0.13385343402624122,0.6161822438240051,0.5877654024958611,0.9268921888466803,0.46555702590057413,17
cresb_sca_s4_r012_b3,contact resbal,0.4749055514318974,0.1934926646364311,0.4876269305124879,0.27737096340315026,0.12785748231058,0.7726478867924395,0.8221020001834718,0.926563758122034,0.42672015874770663,24
restorpca_pc2,res-torsion PCA,5.904050579102539e-17,0.9963809745182136,0.0246076279678902,1.461066934860687,-1.6640292838200914,1.6112794646548645,4.143454919977278,0.9257533932626336,0.42832891243831944,123
torpca_pc2,torsion PCA,-9.768441960267875e-08,0.9964876734204863,0.022474915,1.4504573299999999,-1.65620788,1.6150698700000006,4.173204224,0.9250623994681766,0.42405916159344875,124
c_ca_s3_r08_b6,contact,0.2949485104104662,0.15372545709502844,0.2934585511684418,0.23455616086721426,0.049762155488133425,0.5541721820831299,0.6174117594212293,0.9247492357056516,0.4529465853646069,18
crat_ca_s4_n6m10_r010,contact rational,0.5743889874006319,0.16432991473038347,0.6020790934562683,0.2407713532447815,0.26690531969070436,0.8008315861225128,0.657617188692093,0.9243162947956868,0.5118791378924699,19
c_bb_s4_r08_b3,contact,0.25920619836461906,0.17516572929841387,0.2432517111301422,0.28035217896103864,0.01270936606451865,0.565378725528717,0.6640436461940408,0.9242673221156384,0.5077208004513547,19
cresb_bb_s4_r08_b3,contact resbal,0.2592061984591101,0.17516572933491603,0.2432516989786,0.28035217230873455,0.012709367488111733,0.5653787103259847,0.6640436261785883,0.9242673221156384,0.5077208013338976,19
c_bb_s2_r08_b3,contact,0.4645828214343977,0.12662146848010647,0.4640138447284698,0.19333039224147797,0.26201387345790855,0.6712509334087372,0.5087074208259581,0.9241446956563534,0.44962119598076894,15
d_e5_t8_ca,geometry,7.7284154601058095,1.432211491543853,7.88049197050424,2.3061634430578453,5.40094401766398,9.987042522580772,5.593872820945376,0.9239112127455543,0.48040285860467397,167
c_ca_s2_r08_b6,contact,0.45137316052047943,0.11957674042077164,0.4502331018447876,0.18253634870052338,0.2604720026254654,0.6531778931617737,0.4802419814467429,0.9238613408193408,0.4529607240282849,14
cresb_heavy_s4_r08_b3,contact resbal,0.1936718726618673,0.1172364787581657,0.1910760696101666,0.18585053928369002,0.01706142580054792,0.3916286873112148,0.45276655103407354,0.9238591111852122,0.4815117697033845,13
crat_ca_s4_n6m12_r08,contact rational,0.2960692668155733,0.14664476927910114,0.2976579070091247,0.23063704371452337,0.06391102299094195,0.536401891708374,0.5736509361863136,0.9227603960286169,0.47031986021643446,17
cresb_sca_s4_r012_b1.5,contact resbal,0.47544378614778793,0.18655520023259178,0.4885932327765557,0.266881446798769,0.14045521735512637,0.7603097617419805,0.7932835870927408,0.9223251269501652,0.4266585140868416,23
c_heavy_s2_r010_b6,contact,0.522591423753053,0.11777268159891764,0.5324311852455139,0.17835256457328796,0.3184868961572647,0.7006892323493957,0.48360906183719643,0.9221962483855081,0.456291771012601,14
c_heavy_s2_r010_b1.5,contact,0.5175315326384435,0.11289378460063286,0.5278990268707275,0.17018277943134308,0.31968926191329955,0.6861218810081482,0.46445986926555627,0.9221458359360402,0.45957412793073693,13
c_sch_s3_r012_b1.5,contact,0.475812504329966,0.17032331684085178,0.4741517007350921,0.25882659852504736,0.20619703531265254,0.7624375104904175,0.7085672760009765,0.9219971435267547,0.4354190538845908,21
c_heavy_s2_r010_b3,contact,0.5214897054334472,0.11671811621601741,0.5315861105918884,0.17651954293251038,0.318802472949028,0.6976604700088501,0.47926448464393606,0.9218808162178852,0.4571185207564682,14
c_sch_s2_r012_b3,contact,0.5411671844249429,0.1514822555435299,0.5389466881752014,0.23013308644294744,0.3018405675888061,0.7989666581153869,0.6304884526133536,0.921690042047478,0.436147005855102,18
cresb_heavy_s4_r08_b6,contact resbal,0.1912321468614111,0.1177888388610172,0.1880676574164742,0.18672844663647734,0.014770171238690124,0.3911092805794726,0.4536155900439202,0.9212644544072147,0.48288853757431605,13
c_heavy_s4_r08_b1.5,contact,0.18253464988223594,0.10905976111807245,0.1769758909940719,0.169453963637352,0.02119693867862222,0.3696240514516831,0.42670574611052864,0.9211138678104854,0.4771615104099294,12
c_bb_s2_r08_b6,contact,0.4659290242211787,0.1286761140794521,0.4646885097026825,0.1972101926803589,0.26158853769302365,0.676101976633072,0.5180826732516288,0.9210617399766606,0.449740379793237,15
c_sch_s2_r012_b1.5,contact,0.5388065018611273,0.14604267600651108,0.5373985171318054,0.2218242883682251,0.3061097294092178,0.7861721038818359,0.6085710626840591,0.9208912091705255,0.43340507977221426,18
c_sch_s2_r012_b6,contact,0.5416836903809502,0.15312428660234065,0.5392326712608337,0.2325316220521927,0.30053617954254147,0.8027984559535981,0.6369205978512763,0.920253046200117,0.4369676613764991,19
c_heavy_s3_r010_b3,contact,0.4302931241702267,0.14526487541574884,0.4414716064929962,0.2205678373575211,0.17824839651584623,0.6494166970252991,0.5922533056139945,0.9201158163452008,0.45863876105249457,17
c_ca_s2_r08_b1.5,contact,0.4469751900723623,0.11426544636065131,0.4488152861595154,0.1734044849872589,0.2599338561296463,0.634739375114441,0.45682493716478356,0.9198013553316216,0.4479418452625884,13
c_sch_s3_r012_b3,contact,0.4754670167321192,0.17662730400762547,0.472635269165039,0.26884573698043823,0.19735279083251944,0.7750992476940155,0.7323239782452584,0.9197881181552281,0.4380723050572142,21
c_heavy_s3_r08_b3,contact,0.21951539483336316,0.09787215216657125,0.2201965004205703,0.14706536382436758,0.061955564841627994,0.3783593356609344,0.40213288404047487,0.9197612783603748,0.4351764717939723,12
c_heavy_s3_r08_b6,contact,0.217240123104487,0.09842034915117903,0.2172541618347168,0.14775152504444125,0.059764892980456286,0.3778590053319931,0.4052843306958674,0.9191167688100974,0.4354894519525652,12
c_bb_s4_r08_b6,contact,0.25680138915080386,0.17755388255942903,0.2392984181642532,0.28351088240742683,0.009845010936260215,0.5678624272346496,0.6723158482377768,0.918742723838173,0.5110755178766114,20
cresb_bb_s4_r08_b6,contact resbal,0.2568013893194529,0.17755388221493462,0.2392984278322685,0.2835108628053041,0.009845011362007635,0.5678624281216236,0.6723158463197095,0.918742723838173,0.5110755189876398,20
c_heavy_s2_r012_b6,contact,0.7077532486949379,0.13049362625380906,0.7286280989646912,0.1947658360004425,0.46426889002323146,0.8849924802780151,0.5245891314744949,0.9161338597911229,0.5166819310336976,15
c_heavy_s2_r012_b3,contact,0.7059548947819217,0.12936397119103338,0.726593017578125,0.19290295243263245,0.4646380335092545,0.8813075006008149,0.5208368557691573,0.9161248195829307,0.5169826065790083,15
c_heavy_s2_r08_b3,contact,0.3072211647831771,0.08031935943203666,0.3087379336357116,0.1203666478395462,0.1752847135066986,0.4359366804361343,0.33479008167982094,0.915821769427103,0.4268001367603004,10
c_heavy_s2_r012_b1.5,contact,0.6988801000890219,0.12528585592923752,0.7195740938186646,0.18619737029075623,0.4637597531080246,0.8678554952144624,0.5068404084444045,0.9157626803897491,0.5177413837697012,15
c_heavy_s2_r08_b6,contact,0.3062078864711977,0.08084279130029333,0.3075721859931946,0.12152304500341418,0.17400687783956523,0.43645519614219663,0.3369879722595215,0.9154770202653161,0.4266240524013787,10
c_heavy_s3_r012_b3,contact,0.6386833584261626,0.16147056203883392,0.6646894812583923,0.2415890395641327,0.3373001843690872,0.8580283105373383,0.6490562671422958,0.9150047931574349,0.5175750858120275,19
c_heavy_s2_r08_b1.5,contact,0.31089406190431695,0.07866117092133333,0.3132480978965759,0.1174670159816742,0.1803371995687484,0.43602627217769624,0.32820831924676896,0.914753867241942,0.4276424592070969,9
c_heavy_s3_r012_b1.5,contact,0.6321096877347259,0.15635585212373646,0.657829999923706,0.23279812932014465,0.3387119174003601,0.8433398663997651,0.6316660270094872,0.9142205783168807,0.5183229505038023,18
c_sca_s2_r014_b3,contact,0.7485904693722499,0.13038955073941852,0.7655653953552246,0.195535808801651,0.5082309603691101,0.9342262268066407,0.5264593827724457,0.913143202211018,0.4886748299255324,15
c_sca_s3_r012_b1.5,contact,0.49636414034784954,0.15687026989046637,0.5002393126487732,0.23372147977352142,0.23755318969488137,0.7505049765110016,0.6659343963861465,0.9127518200213096,0.42135418795708024,19
c_sca_s3_r012_b3,contact,0.4969575187195643,0.16236107361487262,0.49980029463768,0.24389603734016418,0.23110484331846232,0.7616915047168732,0.6867675027251243,0.9122812550836017,0.42309131121861737,20
c_ca_s4_r012_b1.5,contact,0.7066053994970787,0.23005168296610204,0.7665168046951294,0.344026654958725,0.2525036752223968,0.9788066864013673,0.8599365976452829,0.9118381107428164,0.6007266967278858,25
cresb_ca_s4_r012_b1.5,contact resbal,0.7066053994594625,0.2300516827385694,0.7665168075334459,0.3440265676804952,0.252503704457056,0.9788067005929493,0.8599366020872479,0.9118381107428164,0.6007266964503348,25
c_heavy_s4_r08_b3,contact,0.17338057117431976,0.11013368241049191,0.1657739579677581,0.17054852470755574,0.01450256807729593,0.36549744904041287,0.43028113650158034,0.9108765141663371,0.48454679148084573,12
c_sca_s2_r012_b3,contact,0.5754704074161664,0.13415502749070124,0.5773409008979797,0.20058555901050573,0.3548009604215622,0.7948116481304168,0.5681104171276092,0.910150149580498,0.4213004069818593,16
c_sca_s2_r012_b6,contact,0.5764957980602037,0.13547098833576923,0.5782148241996765,0.20309111475944525,0.3544244319200516,0.7985653996467591,0.5729612898826599,0.9095100436619599,0.4219696348596463,17
c_bb_s4_r012_b1.5,contact,0.7170523507058567,0.22420754816907615,0.7808834314346313,0.33557602763175964,0.26839451789855956,0.9756540119647978,0.8331867381930351,0.9092061806113774,0.6162078923803475,24
cresb_bb_s4_r012_b1.5,contact resbal,0.7170523510095738,0.22420754822130656,0.7808833949800048,0.33557598833881686,0.2683945131532493,0.9756540342810608,0.8331867690969791,0.9092061806113774,0.6162078918036037,24
c_sca_s2_r012_b1.5,contact,0.5717756459769261,0.12959409772626787,0.574599027633667,0.19318817555904388,0.3565018713474274,0.7821613430976868,0.550244582891464,0.9087228315404292,0.4194246487513826,16
c_heavy_s4_r08_b6,contact,0.17094409421879378,0.11047902520013637,0.1621425598859787,0.17076817899942404,0.01277052015066144,0.3643377125263214,0.43178941666614257,0.9064941991020801,0.48671408805638117,12
restorpca_pc1,res-torsion PCA,-2.712671887695761e-16,1.0257388588401846,0.0168728098230561,1.5396099334964355,-1.7242672783291313,1.628751945511703,4.2177951786998396,0.9060360965830268,0.44056778103817695,126
c_ca_s3_r012_b1.5,contact,0.7771371107729553,0.17415958562144787,0.8225763440132141,0.259627103805542,0.43323963880538935,0.9830269575119018,0.6538958179950713,0.9041607263913171,0.5992165903197314,19
c_ca_s2_r012_b1.5,contact,0.8266106263131768,0.13546316148445273,0.8619520664215088,0.20194411277770996,0.5591215372085572,0.9867582321166993,0.5086262786388397,0.9041402240540549,0.5992152819596048,15
c_ca_s4_r08_b1.5,contact,0.24431297307966862,0.16150011823020932,0.2331362664699554,0.25864608585834503,0.01219590855762359,0.5246945202350617,0.6161227918951772,0.9024753117465422,0.4993016387827212,18
cresb_ca_s4_r08_b1.5,contact resbal,0.24431297286183926,0.16150011802156217,0.2331362863381703,0.2586460688284465,0.012195908313705732,0.5246945172548294,0.6161228192704064,0.9024753117465422,0.4993016405588224,18
sasa_total,SASA/burial,13.715105973450443,0.9255143644497229,13.649351,1.3712210000000002,12.2897459,15.3053736,3.8920400500000003,0.9004815426430804,0.42835151518930475,116
restorpca_pc3,res-torsion PCA,-6.808274541667793e-17,0.935569595598548,0.0198783952583989,1.3078367047874737,-1.5579426996128516,1.4974139700352942,4.247725396842679,0.8987292694088164,0.38122577382239886,127
cresb_sca_s4_r010_b1.5,contact resbal,0.2858784661896053,0.15530409755051755,0.2806392179192676,0.22953234527628005,0.040589813279378925,0.5511150864152422,0.6535748992630817,0.8981066971848334,0.42026349071746305,19
c_bb_s3_r012_b1.5,contact,0.7814388125138388,0.17260352228317324,0.8308777213096619,0.25618770718574535,0.43534530103206637,0.9800502002239229,0.6479832881689072,0.8966744712199733,0.6123052243005535,19
c_bb_s2_r012_b1.5,contact,0.829770558352051,0.13433133368696332,0.8681620359420776,0.199454665184021,0.5603871285915375,0.9843556106090545,0.5041754937171935,0.8965700417068849,0.6122194456555737,15
strand_cross_far_r08_b3,strand packing,0.19677233628602667,0.10968775842212503,0.1926082521677017,0.1692458055913448,0.02868377696722737,0.383060473203659,0.4395662941411137,0.8963152573170443,0.45664451269022754,13
cresb_bb_s4_r012_b3,contact resbal,0.7279047717098487,0.23262157265417852,0.7943141855122078,0.3527574489957519,0.26104073449082316,0.9910149407085209,0.8509866985164227,0.8961159327044579,0.6231569753543378,25
c_bb_s4_r012_b3,contact,0.7279047747044545,0.23262157467507,0.7943141460418701,0.35275742411613464,0.2610407412052154,0.9910149276256561,0.8509867724776268,0.8961159327044579,0.623156974487855,25
strand_cross_all_r08_b3,strand packing,0.2536537548840754,0.0998447827265142,0.249968409538269,0.1526415050029754,0.09867029041051859,0.42271391749382015,0.4024880833923816,0.895354064896692,0.4497911963001775,12
cresb_ca_s4_r012_b3,contact resbal,0.7181591926636629,0.24119870114739403,0.7808082955224174,0.36616897724923614,0.2385389570678983,0.9972443129335131,0.8864127826123012,0.8950953342287242,0.6040416358880689,26
c_ca_s4_r012_b3,contact,0.718159194659737,0.241198702638729,0.7808083295822144,0.3661690056324005,0.238538958132267,0.9972444474697112,0.8864127345383169,0.8950953342287242,0.6040416364383728,26
cresb_sch_s4_r010_b1.5,contact resbal,0.28349487791649775,0.16209465606003104,0.2771201051802685,0.24153168410994114,0.030812848856465614,0.5623344723679539,0.673103188871674,0.8949844097609139,0.42705946994681965,20
c_sca_s3_r010_b3,contact,0.29438837582452015,0.13548677166536982,0.2869044542312622,0.19351153075695043,0.08899769335985176,0.5341539442539216,0.5933630513399839,0.8947038964889105,0.41843356198635095,17
cresb_sca_s4_r010_b3,contact resbal,0.2794182239186274,0.1600180231597852,0.273275186151933,0.23780614415149176,0.030122375037452104,0.5554488184820449,0.6682114461753742,0.8943903811989153,0.42618379584477956,19
torpca_pc3,torsion PCA,2.545636623424999e-07,0.9358931438327248,0.024310112,1.30235351,-1.5533206199999998,1.4921165200000004,4.2474319959999995,0.8942468410411516,0.3811374903693301,127
c_heavy_s4_r014_b3,contact,0.7493051605713511,0.18988153188635207,0.806340217590332,0.2671852111816405,0.35885610282421115,0.9622297823429107,0.7569391390681267,0.8940254203353676,0.6124961898556975,22
c_ca_s3_r012_b3,contact,0.7884371247905161,0.18105325116482418,0.8353973627090454,0.2745141386985779,0.4284508526325226,0.997917515039444,0.6659742712974548,0.8939362043540918,0.6038370713118913,19
c_ca_s2_r012_b3,contact,0.8354510787671073,0.14081919607134147,0.8719757199287415,0.21351101994514454,0.5554617583751679,0.9983802497386932,0.5179799652099608,0.8939362043540918,0.6038370543241635,15
cresb_sca_s4_r010_b6,contact resbal,0.27765864651831806,0.16136783010134323,0.2711041956346621,0.23927095236147494,0.02679847635587465,0.5572457062728982,0.6715241055917222,0.8932898229465267,0.42786199108606715,20
c_sca_s2_r010_b1.5,contact,0.37703992102909784,0.11021686982431768,0.3720809817314148,0.15763196349143987,0.20625202506780618,0.5696888387203218,0.48360804617404934,0.8928564732264567,0.410482103799183,14
e2e_nc_ca,geometry,12.426906736302321,5.077272007625621,11.76357364654541,7.36738395690918,5.254513835906982,21.733069419860833,21.176876459121704,0.8919921849762295,0.4682633271603728,633
c_sca_s2_r010_b3,contact,0.3750603057742297,0.1139162513577904,0.3685681521892547,0.1626543253660202,0.1990376502275466,0.5757500052452087,0.5008764743804931,0.8917339365717719,0.4128671658697749,14
c_sch_s2_r010_b1.5,contact,0.34465323437805817,0.12195935260591617,0.3335073888301849,0.1708255261182785,0.16531221866607665,0.5688223958015443,0.5213545262813568,0.891671579293819,0.44281208356189056,15
cresb_bb_s4_r012_b6,contact resbal,0.7308677282815645,0.23495512321181913,0.7984127749999365,0.35745049134961193,0.2606321991110842,0.9949226481751319,0.8551575696663487,0.8914899359150931,0.6249325044285023,25
c_bb_s4_r012_b6,contact,0.7308677315361718,0.23495512573626967,0.7984127998352051,0.3574504554271698,0.26063218712806696,0.9949226200580596,0.8551575261354447,0.8914899359150931,0.6249325011672033,25
c_sca_s2_r010_b6,contact,0.3746450338901214,0.11502518923026904,0.3683600425720215,0.1640819013118744,0.1969814047217369,0.5776399612426758,0.506353481709957,0.8913453753301531,0.41355110508170617,15
e2e_n_c,geometry,13.136194447959918,5.465992045183454,12.577170372009276,7.599240303039551,5.071578741073608,23.002190399169923,23.45445151805878,0.8911390964619933,0.4360646810101417,701
c_sch_s3_r010_b3,contact,0.2759061851764368,0.14551115680023183,0.2597767114639282,0.2051167935132981,0.06637775227427478,0.5425818502902986,0.6245302833989262,0.890749198162074,0.45114790807172456,18
d_d3_t8_ca,geometry,9.907503815527436,2.4525743563979807,9.782639604944125,3.3719069869109557,6.17535480875121,14.390068261462005,11.05519051500837,0.8906697790459011,0.39762181590302903,330
c_sch_s2_r010_b6,contact,0.33999232007710206,0.12728407653304769,0.3269988298416137,0.17696744203567513,0.1549727439880371,0.5747955083847046,0.5474915093183518,0.8905686127173367,0.44642494214766704,16
c_heavy_s2_r06_b1.5,contact,0.13084728566665513,0.03785799642265372,0.1300037950277328,0.054995439946651445,0.07144550979137418,0.1955832406878471,0.16115787267684936,0.8903873643306196,0.4085072243329712,4
c_sch_s2_r010_b3,contact,0.340898698927376,0.12600071859400233,0.3285573124885559,0.17560409009456635,0.15704159587621688,0.5725813329219819,0.5403301648795604,0.8901547577132584,0.44608150796186113,16
c_ca_s4_r08_b3,contact,0.2322801827105498,0.1671434117362227,0.2149051427841186,0.26816255226731306,0.0016225466621107801,0.5277705848217011,0.6296692978761348,0.8900358714364568,0.5088338641503897,18
cresb_ca_s4_r08_b3,contact resbal,0.23228018306147677,0.16714341184849546,0.2149051442032768,0.2681625620240257,0.00162254671255745,0.5277705402601334,0.6296693043765567,0.8900358714364568,0.5088338612765702,18
cresb_ca_s4_r08_b6,contact resbal,0.22866670529289576,0.1694263175016218,0.2076151739983331,0.26791904228074215,3.823964368729366e-05,0.5289646398453486,0.6388467658417565,0.8897411930467973,0.5104626962487457,19
c_ca_s4_r08_b6,contact,0.2286667044335061,0.16942631717671278,0.2076151669025421,0.26791905984282494,3.823964289040306e-05,0.5289646267890931,0.6388468061174661,0.8897411930467973,0.5104626997862729,19
c_heavy_s2_r014_b3,contact,0.8378566858332747,0.11645041691420474,0.8721014261245728,0.16200357675552368,0.5979577481746674,0.9695711314678193,0.46933807015419005,0.8896069164461242,0.6104158272901872,14
cresb_sch_s4_r010_b3,contact resbal,0.2764941122478195,0.16740230448961893,0.2683186466246843,0.24888133780358151,0.017221899890547815,0.5674643815932795,0.6826279379978364,0.8885475082208583,0.43191438961086,20
cresb_ca_s4_r012_b6,contact resbal,0.7216050323360926,0.24498445783362616,0.7857463657855988,0.3687171112923395,0.23496873832884285,0.9999135627633049,0.8987006459349678,0.8881999548985975,0.6039499970407182,26
c_ca_s4_r012_b6,contact,0.7216050343998172,0.24498445957788817,0.7857463359832764,0.3687171936035156,0.2349687188863754,0.9999135494232176,0.8987006688117982,0.8881999548985975,0.6039499941635975,26
c_ca_s2_r012_b6,contact,0.8376008224934681,0.14290947674479987,0.8750187158584595,0.21508392691612244,0.5537251651287078,0.9999488234519959,0.5242703127861024,0.888192513007023,0.6039456417749568,15
c_sca_s4_r010_b1.5,contact,0.25928029711311856,0.15608934695216706,0.2369492202997207,0.23071242868900305,0.035070213302969847,0.5376826941967012,0.6422624260466543,0.8876847168079476,0.4725864470401158,19
shape_anisotropy,geometry,0.2668774770469601,0.1637286099314858,0.2215158343315124,0.23116770386695862,0.07337381839752197,0.5896786391735077,0.6630970740318298,0.8871407883122753,0.5924186516444586,19
cresb_sch_s4_r010_b6,contact resbal,0.2745950082190359,0.16899744880458872,0.2661632263619038,0.2505880608145769,0.01347529912615809,0.5683532128443735,0.6873639047354045,0.8862984679148955,0.4329747609295439,20
d_y2_w9_ring,geometry,14.310251776502689,4.655466839732977,14.09308910369873,6.538021087646484,6.584678602218628,22.246831893920902,20.072635698318482,0.8860415373715419,0.39782031480775465,600
torpca_pc4,torsion PCA,1.2907298233201145e-07,0.9222115650765218,-0.03849566,1.22434017,-1.48888568,1.5571955100000003,4.306305415999999,0.8858570563886723,0.3643017501920432,128
c_ca_s2_r06_b1.5,contact,0.18436312158679888,0.06372809962221343,0.179932489991188,0.09306929260492325,0.08917584568262092,0.29648170173168176,0.26752570524811736,0.8844297582201566,0.43666627546629955,8
c_heavy_s3_r06_b6,contact,0.06873344125147852,0.04209843095819039,0.0650094300508499,0.06176718883216374,0.0072570355609058905,0.14528986066579822,0.17420705495635042,0.8841623852241454,0.44823101187285475,5
c_bb_s3_r012_b3,contact,0.7924806192726989,0.1776728507828163,0.8444033861160278,0.2669830918312073,0.4373129427433014,0.9929857909679413,0.6552568978071214,0.8841603219221699,0.6196955690561892,19
c_bb_s2_r012_b3,contact,0.8385902201657001,0.1381937282633848,0.878980278968811,0.20765361189842224,0.5623276889324188,0.9945439398288726,0.5096516513824463,0.8841578150738428,0.6196906875248995,15
c_bb_s2_r06_b1.5,contact,0.2187917467155777,0.06637914269532601,0.2146168798208236,0.0987931340932846,0.11848098859190935,0.33528878390789035,0.27897515684366236,0.8841076162529736,0.43579678794123705,8
d_y2_w9_ca,geometry,11.48949503873654,3.610934298484407,10.92081557308182,5.004538988755623,6.354306094677285,18.187799356813542,15.752321531714617,0.8809293142548568,0.46154523337248743,471
c_heavy_s2_r06_b3,contact,0.11926634098591944,0.0366715155640798,0.1181285753846168,0.052724517881870325,0.0626057431101798,0.18294594585895538,0.15780361421406264,0.880336156507908,0.40803783245356706,4
c_sca_s4_r010_b3,contact,0.25262461358001836,0.15975136142816954,0.2283008694648742,0.23488016426563268,0.026109196059405784,0.5396220028400421,0.6546870632562787,0.8800713697527418,0.4809747096021631,19
c_bb_s2_r012_b6,contact,0.8408187680025992,0.13925242583737998,0.8813244700431824,0.20967766642570496,0.5631138443946838,0.9969786763191222,0.510305443406105,0.8794791447904994,0.6216653598673451,15
c_sca_s4_r010_b6,contact,0.25082001606037607,0.16076697650945118,0.2259536236524582,0.2363804318010807,0.023227420635521343,0.5397588312625886,0.6578493729303589,0.8778549581851423,0.4832658689138925,19
c_sch_s4_r010_b1.5,contact,0.24213618421261068,0.16935701378911752,0.2081467509269714,0.25103135034441953,0.021452173031866542,0.5635310113430024,0.682325837253593,0.8776291375317776,0.5312096652438599,20
c_ca_s2_r06_b3,contact,0.17190077352076427,0.0712465217560503,0.1668027937412262,0.10257986187934875,0.0660794705152511,0.29914438128471377,0.30416647680103787,0.8773475026122555,0.4350454456372668,9
c_ca_s2_r06_b6,contact,0.17557766764003277,0.07855874268523184,0.1697685718536377,0.11343995109200475,0.05722251646220676,0.31476049423217767,0.3392872216552495,0.8770859951734443,0.42848096583175377,10
c_heavy_s2_r06_b6,contact,0.11624278848460388,0.036616363024379206,0.1148947551846504,0.05245331302285197,0.06005073338747021,0.1797529116272926,0.15796652980148793,0.8749022329134301,0.4080970589343175,4
c_bb_s2_r06_b3,contact,0.2068238220406169,0.06733998710736894,0.2006283551454544,0.0992315337061882,0.1088418558239936,0.32693359255790716,0.2854224924743174,0.8692170203778284,0.4442640930153086,8
acylindricity,geometry,0.058968186005355014,0.03239738916528161,0.0546528622508049,0.04750920459628105,0.013749300315976059,0.11680962368845936,0.13922957353293894,0.8678270242748655,0.46334024618367936,4
c_sch_s4_r010_b3,contact,0.2346604553598259,0.17352060786751544,0.1968055069446563,0.25443798303604126,0.012685055937617986,0.5656953155994415,0.6917808722148767,0.8646981030317548,0.5428205574975205,20
torpca_pc5,torsion PCA,-1.4339013973461885e-07,0.8701655701629117,-0.0010793507,1.1932001700000001,-1.4244252999999998,1.46857874,3.921250197999999,0.8638805171273627,0.3623593043801902,117
c_bb_s2_r06_b6,contact,0.2036320206570981,0.06827413793402895,0.1963596940040588,0.10022348910570139,0.10574521943926808,0.32605217993259433,0.2885010616481304,0.8621744415910152,0.44763928583697143,8
c_sch_s4_r010_b6,contact,0.23259734969434953,0.17469821952211662,0.1938437074422836,0.2554746419191361,0.010103390738368,0.5663329184055329,0.6956727103406819,0.8611832099037686,0.5457905118703831,20
c_sca_s2_r08_b1.5,contact,0.19793544701390822,0.07436036190392327,0.1897940784692764,0.10270243138074875,0.09035494253039353,0.33649311065673826,0.33072991490364073,0.8589581750722405,0.42589499802863434,9
c_sca_s3_r08_b3,contact,0.14314988313348756,0.08862400305327013,0.1317757070064544,0.12024131789803505,0.017842899821698642,0.3091104179620743,0.3923508539516478,0.8550283276852465,0.45596165253220905,11
c_sca_s3_r08_b6,contact,0.1410447894459543,0.08898891527767945,0.1291851252317428,0.12042731046676636,0.015459340810775721,0.3082479745149612,0.39200511399423704,0.8535095234835046,0.45857355047208265,11
c_sca_s2_r08_b3,contact,0.18932213352466815,0.07557432343922083,0.1807408928871154,0.10351629555225375,0.08096248358488081,0.33127666413784024,0.3376057696342468,0.8506930600570374,0.4284189605087857,10
burial_d3,SASA/burial,0.2389853455904881,0.1547004799449217,0.19827563,0.22943207499999999,0.054211872,0.5378126740000001,0.6410394497999997,0.8505456044342262,0.5488194933746728,19
c_sca_s2_r08_b6,contact,0.18688162273848852,0.07597415038000654,0.1780462265014648,0.10425291210412979,0.07824627384543414,0.3292397022247314,0.33911364950239653,0.8476123249327406,0.4287634556342414,10
c_sch_s2_r08_b1.5,contact,0.1765848442972337,0.08188180525939241,0.1629584729671478,0.110027264803648,0.06741213649511336,0.33610938191413875,0.35929033659398546,0.8474082304317759,0.47976356873505116,10
c_bb_s3_r06_b6,contact,0.1037400609465102,0.07343035937287792,0.0915227383375167,0.10802234336733818,0.008952431473880952,0.24107790589332576,0.2973126494325697,0.8471166618950925,0.5101441759854748,8
turn3537_mean_ca,geometry,7.758181119491055,0.8384835989084918,7.788186073303223,1.1122300624847412,6.363980674743653,9.117003536224367,3.9670239257812474,0.8446960661051917,0.3340401884301386,118
c_heavy_s4_r06_b1.5,contact,0.06253959236883667,0.04681372805690718,0.0547743253409862,0.0700028603896499,0.00244588321074839,0.149854202568531,0.18696980493084994,0.8429866587505788,0.5106068046226399,5
c_sch_s2_r08_b3,contact,0.1686706841691,0.08376091634270559,0.1543391048908233,0.11252814531326297,0.05775675959885116,0.3324432164430619,0.3673922483623028,0.8383775167434239,0.4835120157318937,10
c_sch_s2_r08_b6,contact,0.1667135905655037,0.08448153191786763,0.1520851999521255,0.11330191418528555,0.05499724559485907,0.33273480832576746,0.3713410200178623,0.8346749895390151,0.48341038417593146,11
c_bb_s2_r04.5_b6,contact,0.06192260106962476,0.02147948356076881,0.0591295100748539,0.029586682096123758,0.03202095404267303,0.10158980190753936,0.09620759475976227,0.831626833140586,0.43653719055006973,2
c_sch_s3_r08_b3,contact,0.1335581121477258,0.09606322863916517,0.1149976775050163,0.128394640982151,0.008477949071675499,0.3211801826953889,0.4124453294952398,0.8295806473852559,0.5143680808196743,12
c_heavy_s2_r04.5_b6,contact,0.029437805098897037,0.01038904819808657,0.0285003893077373,0.014342330396175402,0.0143328689970076,0.04834573492407795,0.04697735507041215,0.8292339472631697,0.4094938703456181,1
chirality_ca,geometry,25.300984056520182,235.89622715696018,26.72099876403809,345.4104309082031,-355.9258697509765,405.1786529541016,1045.9374279785154,0.8287838123806893,0.377021222881554,31284
max_ca_ca,geometry,15.175272861545189,3.45410195821974,14.431729442888807,4.4909686221893566,10.911491663922122,22.062510360739086,15.381273806771073,0.8247072034215438,0.5200628204245547,460
c_sch_s3_r08_b6,contact,0.13172092057048532,0.09673958778906665,0.1122375950217247,0.1295568570494652,0.00613487758673721,0.3212929606437683,0.41347279682986465,0.8240936293059337,0.5178501164280874,12
rg_heavy,geometry,0.673857702083097,0.08520901268274786,0.6534570798854785,0.10795938562775098,0.5726738108678887,0.8465288608803313,0.38742223116842467,0.8233336101185429,0.5444306712530381,11
mean_ca_ca,geometry,7.981881038670022,1.074270578192659,7.721610640930413,1.3414975654634755,6.667278942440253,10.149182789467478,4.759511911388708,0.8201503092365957,0.5336116890267578,142
cresb_sca_s4_r08_b1.5,contact resbal,0.14004918804232172,0.10434836186938425,0.1237955053716346,0.1538243089046583,0.005290331118165211,0.33319834691248146,0.4261295029763937,0.8175750810899163,0.4931035218286958,12
rg_ca,geometry,0.5782854387397801,0.09144051803562643,0.5553146631459538,0.11403634492332604,0.46864207454453777,0.7637940799272792,0.4071039375422028,0.8149863322924423,0.5449315700214673,12
c_heavy_s3_r04.5_b6,contact,0.01570317029997002,0.01156117055509494,0.0140688857063651,0.016489475034177303,0.00020583568693831005,0.03731227591633789,0.04806562010007543,0.8120041904632964,0.484075891533672,1
burial_w9,SASA/burial,0.1668781632681505,0.10889303202390345,0.14308286,0.14764419,0.027300721700000002,0.37519696900000005,0.4592066792999999,0.8108119269388101,0.4992973732323647,13
c_ca_s3_r06_b6,contact,0.08516357992532343,0.07434878473596625,0.0699332132935524,0.10745574347674851,3.278670701547527e-05,0.2260186403989793,0.296292052077395,0.8104595627562152,0.5429773831394925,8
c_sca_s2_r06_b1.5,contact,0.07593256513297082,0.03676220930964781,0.0704024508595466,0.04826233349740511,0.02589105833321802,0.14541890323162074,0.16955833951011293,0.8088366424441843,0.44933280735764797,5
c_heavy_s4_r06_b3,contact,0.05249667912426164,0.04338724742132481,0.0435486584901809,0.06399580650031565,0.00046053056721567,0.1347510680556297,0.17288634928941973,0.8034323580584151,0.5304176833892399,5
c_bb_s4_r06_b1.5,contact,0.08957080316535886,0.07650365487984297,0.0704879984259605,0.1138376211747527,0.00193374311784273,0.23814028203487403,0.3018004506890429,0.802180807393477,0.5653598268902139,9
cresb_sch_s4_r08_b1.5,contact resbal,0.13618261159454628,0.10872299390348619,0.1179756146017462,0.16188549851946937,0.00262864803233075,0.34089788437117297,0.44131950437999834,0.7996489847472465,0.5080442318842029,13
c_sca_s2_r06_b3,contact,0.06683681919886893,0.03572009488695988,0.0611324943602085,0.04655988700687891,0.019136673025786862,0.13430266231298446,0.16621138544753186,0.7981359210252081,0.4566605066571091,4
c_sca_s2_r06_b6,contact,0.06451074896676864,0.0355251335617937,0.0588726922869682,0.046211052685976015,0.01732262372970579,0.1316540867090225,0.16563125711865728,0.7951431408593745,0.45863355743004186,4
cresb_sca_s4_r08_b3,contact resbal,0.13177617416230752,0.10611551545508177,0.1133302450507741,0.15669348573967545,0.0012703590941281202,0.3302514858852589,0.4297898616088946,0.7941987734021537,0.5090889336841263,12
c_sca_s4_r08_b1.5,contact,0.12589387240081995,0.10110456498212349,0.1036392003297805,0.13941197842359546,0.0046691663563251,0.321476611495018,0.41890633307513775,0.7898840937347958,0.5318674856456443,12
c_heavy_s4_r06_b6,contact,0.049819049329126286,0.042478097717274295,0.0405686981976032,0.06210641004145145,7.056488684611396e-05,0.13068148493766785,0.16924467555988756,0.7893423993456224,0.5370962959667988,5
cresb_sca_s4_r08_b6,contact resbal,0.12959647221191498,0.1067278179554282,0.1105404929556872,0.15702951794122294,0.0004547183381185907,0.3298796886665586,0.4307601952909458,0.7867495350029147,0.5135688586082933,12
c_sch_s2_r06_b1.5,contact,0.06407760915240283,0.039596676329190596,0.0550029799342155,0.04894317500293255,0.016037580557167513,0.142758198082447,0.18375254437327385,0.785072197191607,0.5263795059210908,5
hairpin_closure_ratio,geometry,1.002672872006865,0.3130699585569223,0.9245627120811832,0.3560877907834272,0.6447395413355503,1.6473602902103555,1.4698664700832076,0.7822522286598779,0.5611163587164848,43
asphericity,geometry,0.23323944096931,0.15013886489563033,0.1885867267847061,0.1815849021077156,0.07322904095053667,0.5414489090442658,0.6826321023702622,0.7812667209955798,0.5855682971999554,20
burial_y2,SASA/burial,0.15670851578023157,0.10846774905405909,0.12418944,0.15230593,0.0412851866,0.37080086100000004,0.47336952132,0.7762697003141739,0.5547832220673234,14
rmsd_ca_to_survivor000,reference,3.9231757400600658,0.7664029341388469,3.9560044,1.0846570500000001,2.59669983,5.104374539999999,3.3371985640000004,0.7749987063003665,0.38924756928472437,99
sasa_hydrophobic_frac,SASA/burial,0.11780653058898095,0.008486509900315383,0.11851182,0.010139250000000002,0.10291074,0.13041211,0.042870088479999985,0.7743016072252068,0.33429859975956205,1
c_sca_s2_r04.5_b6,contact,0.01854511906902074,0.013128467504940204,0.0159752797335386,0.016594722867012048,0.00169349104398856,0.04384526163339613,0.06003501604995108,0.7707248709994611,0.48746166856082446,1
cresb_sch_s4_r08_b3,contact resbal,0.12774403193160047,0.11145559800423979,0.1076413510822587,0.16704890448496576,0.0001515555830878901,0.33815047156314054,0.4470078218748168,0.7674377922809553,0.5254151937680932,13
c_sca_s4_r08_b3,contact,0.11818869215844947,0.1018708556124133,0.094174712896347,0.139326386153698,0.0011223025619983601,0.31775375306606296,0.4197548174986695,0.7649773513475238,0.5429108436898128,12
c_sch_s2_r06_b3,contact,0.055489937649211056,0.03889930575738371,0.0460571013391017,0.04677356500178575,0.00942507321014996,0.1330051839351654,0.1820537213468924,0.7626329807699671,0.5390258529156656,5
c_sca_s3_r06_b6,contact,0.050384197161619564,0.04059650471781635,0.0431832820177078,0.0529259201139212,0.00019504709489410002,0.1281796142458915,0.17764877691834352,0.7582389565544649,0.4952110318744391,5
c_sca_s4_r08_b6,contact,0.11617074449322995,0.10214633256823394,0.0917764455080032,0.14006743766367435,0.0004241662070853601,0.3167065978050232,0.4194222015148055,0.7576504649807064,0.5456106767764602,12
cresb_sch_s4_r08_b6,contact resbal,0.1255579595673811,0.11255306369358432,0.1053286884652657,0.16978626785230722,1.225049917896589e-06,0.33883586400571375,0.44986695521494546,0.7564150016878621,0.53067644465621,13
c_sch_s2_r06_b6,contact,0.053316813444509864,0.03890876973185596,0.0439493171870708,0.04606210626661775,0.00750436736270782,0.13040047287940976,0.18203224139520893,0.7544222116472795,0.5414659593694874,5
c_ca_s4_r06_b1.5,contact,0.07903033373977875,0.0733279139352736,0.0594606846570968,0.11021690303459765,0.0006959761783946101,0.2223495453596115,0.28598000100711934,0.7542411272325895,0.5824779716526377,8
c_bb_s3_r04.5_b6,contact,0.0235756727441417,0.021279735188434526,0.0182844009250402,0.028820273466408253,1.8281755910720686e-05,0.06555637791752816,0.08992322766622117,0.7538774163778446,0.5424139706501565,2
c_sch_s4_r08_b1.5,contact,0.11547498259593256,0.11007545510295591,0.0817111507058143,0.14309529215097427,0.0019217940047383203,0.34183130860328687,0.4524985524712247,0.7509334370448094,0.6083936169516905,13
pack_w9,strand packing,2.7614332767741288,1.506499801750558,2.5,1.9,1.0,5.6,6.981999999999999,0.7452073784294242,0.4888830453398624,208
c_bb_s4_r06_b3,contact,0.07341678565955577,0.0727374255121857,0.0505254380404949,0.10340868774801495,0.00010694212978703,0.21947518438100816,0.289572520564834,0.738798491946248,0.5983874150090608,8
c_sch_s4_r08_b3,contact,0.10816255180589085,0.11175248015133203,0.0716872885823249,0.1419692933559418,0.00011137684195999002,0.3390559136867523,0.45664813130983734,0.7162230519889436,0.622334360140537,13
c_bb_s4_r06_b6,contact,0.06882212527173978,0.07177337028076315,0.0445077791810035,0.10000770352780815,1.0994662034136129e-06,0.21431742906570428,0.28662548526589343,0.7151914703465819,0.6090551967815904,8
c_sch_s4_r08_b6,contact,0.1063057266813442,0.11239370224990701,0.0692323297262191,0.1429147273302078,9.767073834154871e-07,0.338394930958748,0.4592062544623271,0.7058019388263392,0.6257638497049185,13
pack_p4,strand packing,9.16026216854643,2.290995732802601,8.666666666666666,2.666666666666667,6.333333333333333,13.333333333333334,11.333333333333332,0.7050589912641284,0.46922070222981654,338
c_sca_s3_r04.5_b6,contact,0.014613075501881947,0.014457439551387827,0.0115393260493874,0.0199979996541515,3.054483208586592e-08,0.04293475002050398,0.06178850246048959,0.6962174299091697,0.537980048429461,1
c_sch_s3_r06_b6,contact,0.044445644126471555,0.04383390151777448,0.0327796749770641,0.05423429189249869,3.566018847322997e-07,0.1326107308268547,0.19661107813725665,0.6958502312713796,0.5693009104775866,5
c_bb_s4_r014_b3,contact,0.8621560583863981,0.1774849621914291,0.9457041621208192,0.2117028832435608,0.46212540268898006,0.9999583959579468,0.6837305802106858,0.6873365001488551,0.7221148556409949,20
c_bb_s2_r014_b3,contact,0.9195205999927043,0.10361804112291044,0.9682407379150392,0.12367042899131775,0.686091047525406,0.9999752163887023,0.3989872276782991,0.6869591262303191,0.7218398733565369,11
c_ca_s4_r06_b3,contact,0.0650348924263617,0.07172902320856474,0.0413812324404716,0.1052773075643927,4.150186123297318e-06,0.20947929024696355,0.28000931254455125,0.6854077978186681,0.6151207652300428,8
c_ca_s4_r014_b3,contact,0.862295600544646,0.17889401251800496,0.9473851323127748,0.22119790315628052,0.46248016059398644,0.9999929070472716,0.6785331422090533,0.6849631426548823,0.7216015555511496,20
c_ca_s2_r014_b3,contact,0.9196720781565688,0.10435513930016117,0.9693078994750975,0.12903213500976562,0.6864456951618194,0.9999957799911499,0.3958126795291901,0.6849590654286336,0.7216004510333228,11
c_heavy_s4_r04.5_b6,contact,0.010135801600493183,0.010760869714915553,0.00685611134395,0.014569540449883803,9.34881745351391e-09,0.0315308522433042,0.04506201133131973,0.6804027275864817,0.5783954383808266,1
c_ca_s4_r06_b6,contact,0.06167870026590082,0.0728477416331325,0.0394888222217559,0.10136516605052742,1.4191582353717536e-09,0.20876090526580818,0.2827437597513198,0.6618046876468151,0.6240498291718154,8
c_sca_s4_r06_b1.5,contact,0.046559444300306625,0.04906579769677269,0.0309305824339389,0.06353903631679715,0.00028429896046866,0.14411034286022184,0.2087853757835181,0.6480035251553509,0.5831619046570441,6
cresb_heavy_s4_r04.5_b6,contact resbal,0.01214305847332844,0.013242454050336448,0.0080476632261894,0.017303466751410052,1.2249475343607632e-08,0.03884278074387588,0.055573123358738714,0.6408060185589123,0.5813903778321151,1
strand_mindist,strand packing,1.337815119520801,0.0018616574217381755,1.3376487493515017,0.0023804306983947754,1.335027027130127,1.341136860847473,0.008853189945220885,0.640702502271225,0.3035301373839494,0
c_sch_s2_r04.5_b6,contact,0.011140593010875574,0.01164519537413829,0.0075342888012528,0.0128331977175549,2.5875428036670204e-05,0.03376827836036676,0.05448644686595392,0.6156985548931865,0.5716650269520297,1
c_sca_s4_r06_b3,contact,0.040531943901127965,0.04730535871118476,0.0236121825873851,0.0599747266387567,3.833100481642761e-06,0.13588095456361768,0.20103650307082868,0.5992599236354689,0.5958187399375522,6
pack_y2,strand packing,2.5034434574308815,1.356513683772032,2.0,1.375,1.375,5.125,6.5,0.5968637008433657,0.5780893685904621,194
c_sca_s4_r06_b6,contact,0.03901177010096487,0.046900193069023474,0.0215859375894069,0.05921314511215315,3.586381103204419e-09,0.13388697355985646,0.19920302003622042,0.584659615154369,0.5991293164201826,5
c_sch_s4_r06_b1.5,contact,0.04117575069760904,0.05256758822419246,0.0200284048914909,0.0564788528718054,0.0001023693846946,0.15392338186502455,0.23017697187392505,0.5767073253421592,0.6598826434317743,6
rama_alpha,torsion bins,2.084738995907775,1.4121320183526194,2.0,2.0,0.0,5.0,6.0,0.571450596593373,0.43924205155675655,179
rama_ppii,torsion bins,2.434374688092624,1.2525889491364046,2.0,1.0,1.0,5.0,5.0,0.5438738800510972,0.3869192034827214,149
cresb_sca_s4_r04.5_b6,contact resbal,0.012419046195420141,0.018767198549033942,0.0025807149696773,0.01888638083006675,0.0,0.05241390038546131,0.08455086590701505,0.5298137629001277,0.6779414777099848,2
c_sch_s4_r06_b3,contact,0.0355497230365087,0.05121411582195537,0.0128896404057741,0.05032993262284435,2.7949924401582394e-07,0.1460454851388931,0.22865072747477808,0.5216393073958433,0.6746765698863834,6
c_sch_s3_r04.5_b6,contact,0.00941297619355167,0.012735895178288137,0.0044660815037786,0.014006506356963613,1.6285421622352914e-10,0.0342927139252424,0.05730149850249278,0.5156589747084913,0.5996803588735827,1
c_bb_s4_r04.5_b6,contact,0.012853263661939463,0.018779161933698548,0.0040863403119146,0.01926519974585968,2.660921760710977e-10,0.05164190046489231,0.08126487687230098,0.5132013700385009,0.6370730557004904,2
cresb_bb_s4_r04.5_b6,contact resbal,0.012853263730670306,0.018779162036452725,0.0040863404671351,0.01926520058796517,2.66092164175851e-10,0.051641899347305294,0.08126487282237825,0.5132013700385009,0.6370730528451616,2
c_sch_s4_r06_b6,contact,0.03412658764288116,0.05101178423081118,0.0108086140826344,0.048293685879798355,0.0,0.1438769474625588,0.22995361119508734,0.5044769481512259,0.6785136757676195,6
chi1_w9_cos,torsion bins,0.45882643993784805,0.1336149452080892,0.45131972,0.10519625500000002,0.302029473,0.673057745,0.6882468329999999,0.5027148081941555,0.2521906398187624,20
c_sca_s4_r04.5_b6,contact,0.011136564265701934,0.01665285767320233,0.0021900632418692,0.017739374821985593,0.0,0.04542388208210465,0.07131420522928235,0.4977671865364267,0.6433056900712744,2
chi1_y2_cos,torsion bins,0.4942272609118076,0.13407014833079545,0.4966949,0.10526319999999995,0.34121594699999996,0.664304953,0.6082936881999997,0.47967495741673,0.46020882109231337,18
cresb_sch_s4_r04.5_b6,contact resbal,0.008595888681783983,0.016409852759680207,6.105341017246246e-05,0.010670928657054875,0.0,0.04394214817084783,0.07624295945113713,0.41171860046469405,0.7044231109906675,2
rama_beta,torsion bins,0.7832118973949496,0.991687994514958,0.0,1.0,0.0,3.0,4.0,0.4014499131876832,0.5738227486301718,119
chi1_w9_sin,torsion bins,-0.8691758746596767,0.12711664794344987,-0.8922081,0.05466367999999999,-0.951349091,-0.7312699919999999,0.40800261699999973,0.36049579267191245,0.7499633876325246,12
c_sch_s4_r04.5_b6,contact,0.007356486609268083,0.014822048768289606,4.4816046283813193e-05,0.008198688407411163,0.0,0.037163352593779474,0.07044710651040073,0.3559540179727886,0.6787078438028245,2
c_ca_s2_r04.5_b6,contact,0.005578229330604204,0.010816571811235978,0.0006145719089545,0.0037390460856841,7.489563868148253e-05,0.028449781984090778,0.04848874943909314,0.3431386901693233,0.7298353646365842,1
c_ca_s3_r04.5_b6,contact,0.006736768212212741,0.013823319312386308,0.00028971262509,0.004460181009790162,5.3218434103996515e-09,0.036107074469327934,0.06182799316942689,0.3356133897471248,0.7319403683905196,1
chi1_y2_sin,torsion bins,-0.8457961215654257,0.14964467889232996,-0.8674786,0.06160823000000004,-0.937224112,-0.739212282,0.4692957713999998,0.3312514503751671,0.8405386392281438,14
hbond_crossstrand,H-bond,0.20765199447323052,0.39906731176674193,4.470348358154297e-07,0.06220184266567225,0.0,0.9909842610359192,1.1604741883277867,0.30886545341553096,0.8100184250999153,34
c_ca_s4_r04.5_b6,contact,0.007743462350331663,0.017724170609916934,1.6709169358364306e-05,0.0024243315759421916,0.0,0.04702107645571228,0.07990500152111052,0.29731519786501354,0.7491760834485431,2
cresb_ca_s4_r04.5_b6,contact resbal,0.007743462422371584,0.01772417078601993,1.6709168752034504e-05,0.0024243316480091377,0.0,0.04702107764425727,0.07990500623271575,0.29731519786501354,0.749176088397819,2
hbond_bb_ge3,H-bond,0.11381182562972939,0.36404857206780444,2.9802322387695312e-08,4.875659942626953e-05,0.0,0.9918957829475403,1.93249273777008,0.17605408504724984,0.7800422888187122,57
rama_left,torsion bins,0.1779618724423595,0.4336037073307912,0.0,0.0,0.0,1.0,2.0,0.16623847245684115,0.759819760219977,59
hbond_i_i3,H-bond,0.014041385142933356,0.107509353448705,0.0,5.960464477539065e-08,0.0,0.0014135360717773303,0.8566740882396624,0.046395280466260694,0.9551261222535036,25
hbond_i_i4,H-bond,0.005972206985204444,0.07046686658438098,0.0,0.0,0.0,2.4551153182983594e-05,0.031198110580444072,0.024625925887368304,0.9742016349608384,0
cis_omega_any,torsion bins,0.0038926040523006287,0.06226918729189134,0.0,0.0,0.0,0.0,0.0,0.00850670819968072,0.9999964747575634,0
