method,cv_bin,rg_bin,cv_A,rg_A,probability,pmf_kcal_mol,counts
gamd_cumulant3,0,0,2.9615304072697954,2.915632470448812,0.0,,0
gamd_cumulant3,0,1,2.9615304072697954,3.412108135223389,1.3975412826954951e-12,14.420050275648496,11
gamd_cumulant3,0,2,2.9615304072697954,3.908583799997966,0.0,,0
gamd_cumulant3,0,3,2.9615304072697954,4.405059464772543,1.8642631610982067e-09,10.130129343866757,20
gamd_cumulant3,0,4,2.9615304072697954,4.90153512954712,4.111739921680224e-09,9.658577463782056,79
gamd_cumulant3,0,5,2.9615304072697954,5.398010794321696,7.649967578256163e-09,9.28844767499441,167
gamd_cumulant3,0,6,2.9615304072697954,5.894486459096273,2.2020490849481778e-08,8.65814304130248,164
gamd_cumulant3,0,7,2.9615304072697954,6.39096212387085,1.4727210658432924e-07,7.525252686946972,352
gamd_cumulant3,0,8,2.9615304072697954,6.8874377886454266,3.2575875797146915e-07,7.05197505711223,744
gamd_cumulant3,0,9,2.9615304072697954,7.3839134534200035,9.89440448996882e-08,7.762362393791616,71
gamd_cumulant3,0,10,2.9615304072697954,7.88038911819458,2.899135653859841e-09,9.866896266272299,11
gamd_cumulant3,0,11,2.9615304072697954,8.376864782969157,0.0,,0
gamd_cumulant3,0,12,2.9615304072697954,8.873340447743733,0.0,,0
gamd_cumulant3,0,13,2.9615304072697954,9.369816112518311,0.0,,0
gamd_cumulant3,0,14,2.9615304072697954,9.866291777292886,0.0,,0
gamd_cumulant3,0,15,2.9615304072697954,10.362767442067465,0.0,,0
gamd_cumulant3,0,16,2.9615304072697954,10.85924310684204,0.0,,0
gamd_cumulant3,0,17,2.9615304072697954,11.355718771616619,0.0,,0
gamd_cumulant3,0,18,2.9615304072697954,11.852194436391194,0.0,,0
gamd_cumulant3,0,19,2.9615304072697954,12.348670101165773,0.0,,0
gamd_cumulant3,0,20,2.9615304072697954,12.845145765940348,0.0,,0
gamd_cumulant3,0,21,2.9615304072697954,13.341621430714927,0.0,,0
gamd_cumulant3,0,22,2.9615304072697954,13.838097095489502,0.0,,0
gamd_cumulant3,0,23,2.9615304072697954,14.334572760264079,0.0,,0
gamd_cumulant3,0,24,2.9615304072697954,14.831048425038656,0.0,,0
gamd_cumulant3,0,25,2.9615304072697954,15.327524089813231,0.0,,0
gamd_cumulant3,0,26,2.9615304072697954,15.82399975458781,0.0,,0
gamd_cumulant3,0,27,2.9615304072697954,16.32047541936239,0.0,,0
gamd_cumulant3,0,28,2.9615304072697954,16.81695108413696,0.0,,0
gamd_cumulant3,0,29,2.9615304072697954,17.31342674891154,0.0,,0
gamd_cumulant3,1,0,3.567827343940735,2.915632470448812,0.0,,0
gamd_cumulant3,1,1,3.567827343940735,3.412108135223389,3.923175588857232e-12,13.804700379429427,20
gamd_cumulant3,1,2,3.567827343940735,3.908583799997966,7.130114039430973e-13,14.821250319916125,19
gamd_cumulant3,1,3,3.567827343940735,4.405059464772543,2.7083839315164415e-13,15.398319596280878,20
gamd_cumulant3,1,4,3.567827343940735,4.90153512954712,1.2905558985573675e-07,7.603969047159184,49
gamd_cumulant3,1,5,3.567827343940735,5.398010794321696,1.8608991469107044e-08,8.758494002276052,137
gamd_cumulant3,1,6,3.567827343940735,5.894486459096273,2.4462467779154975e-07,7.222734719788782,380
gamd_cumulant3,1,7,3.567827343940735,6.39096212387085,3.1041964997082953e-06,5.708017042760504,301
gamd_cumulant3,1,8,3.567827343940735,6.8874377886454266,5.408566375068011e-08,8.122435060930977,112
gamd_cumulant3,1,9,3.567827343940735,7.3839134534200035,1.7132828550643265e-08,8.807765810738095,49
gamd_cumulant3,1,10,3.567827343940735,7.88038911819458,1.1239271134675844e-09,10.431808998426543,11
gamd_cumulant3,1,11,3.567827343940735,8.376864782969157,4.969236501934361e-09,9.545652636650182,9
gamd_cumulant3,1,12,3.567827343940735,8.873340447743733,0.0,,0
gamd_cumulant3,1,13,3.567827343940735,9.369816112518311,0.0,,0
gamd_cumulant3,1,14,3.567827343940735,9.866291777292886,0.0,,0
gamd_cumulant3,1,15,3.567827343940735,10.362767442067465,0.0,,0
gamd_cumulant3,1,16,3.567827343940735,10.85924310684204,0.0,,0
gamd_cumulant3,1,17,3.567827343940735,11.355718771616619,0.0,,0
gamd_cumulant3,1,18,3.567827343940735,11.852194436391194,0.0,,0
gamd_cumulant3,1,19,3.567827343940735,12.348670101165773,0.0,,0
gamd_cumulant3,1,20,3.567827343940735,12.845145765940348,0.0,,0
gamd_cumulant3,1,21,3.567827343940735,13.341621430714927,0.0,,0
gamd_cumulant3,1,22,3.567827343940735,13.838097095489502,0.0,,0
gamd_cumulant3,1,23,3.567827343940735,14.334572760264079,0.0,,0
gamd_cumulant3,1,24,3.567827343940735,14.831048425038656,0.0,,0
gamd_cumulant3,1,25,3.567827343940735,15.327524089813231,0.0,,0
gamd_cumulant3,1,26,3.567827343940735,15.82399975458781,0.0,,0
gamd_cumulant3,1,27,3.567827343940735,16.32047541936239,0.0,,0
gamd_cumulant3,1,28,3.567827343940735,16.81695108413696,0.0,,0
gamd_cumulant3,1,29,3.567827343940735,17.31342674891154,0.0,,0
gamd_cumulant3,2,0,4.174124280611673,2.915632470448812,1.1473043914697972e-09,10.41953625557669,18
gamd_cumulant3,2,1,4.174124280611673,3.412108135223389,1.1030271006843244e-07,7.697575157971258,161
gamd_cumulant3,2,2,4.174124280611673,3.908583799997966,8.696338225387591e-10,10.584731492204012,71
gamd_cumulant3,2,3,4.174124280611673,4.405059464772543,1.0128081913138782e-08,9.121158534895708,116
gamd_cumulant3,2,4,4.174124280611673,4.90153512954712,1.3503331478602245e-07,7.576975887800176,85
gamd_cumulant3,2,5,4.174124280611673,5.398010794321696,2.8544987107251625e-07,7.130722399970653,454
gamd_cumulant3,2,6,4.174124280611673,5.894486459096273,1.167719975891256e-05,4.91817292414658,1315
gamd_cumulant3,2,7,4.174124280611673,6.39096212387085,2.0664303939269597e-06,5.950614283458794,1500
gamd_cumulant3,2,8,4.174124280611673,6.8874377886454266,0.0009195381998193112,2.3151936508914424,628
gamd_cumulant3,2,9,4.174124280611673,7.3839134534200035,1.7998322761876053e-05,4.660249487433173,680
gamd_cumulant3,2,10,4.174124280611673,7.88038911819458,4.0927229269820297e-07,6.915916992719259,779
gamd_cumulant3,2,11,4.174124280611673,8.376864782969157,1.5039221917064012e-07,7.512754323702431,314
gamd_cumulant3,2,12,4.174124280611673,8.873340447743733,7.73420652627343e-09,9.281918822621966,9
gamd_cumulant3,2,13,4.174124280611673,9.369816112518311,0.0,,0
gamd_cumulant3,2,14,4.174124280611673,9.866291777292886,0.0,,0
gamd_cumulant3,2,15,4.174124280611673,10.362767442067465,0.0,,0
gamd_cumulant3,2,16,4.174124280611673,10.85924310684204,0.0,,0
gamd_cumulant3,2,17,4.174124280611673,11.355718771616619,0.0,,0
gamd_cumulant3,2,18,4.174124280611673,11.852194436391194,0.0,,0
gamd_cumulant3,2,19,4.174124280611673,12.348670101165773,0.0,,0
gamd_cumulant3,2,20,4.174124280611673,12.845145765940348,0.0,,0
gamd_cumulant3,2,21,4.174124280611673,13.341621430714927,0.0,,0
gamd_cumulant3,2,22,4.174124280611673,13.838097095489502,0.0,,0
gamd_cumulant3,2,23,4.174124280611673,14.334572760264079,0.0,,0
gamd_cumulant3,2,24,4.174124280611673,14.831048425038656,0.0,,0
gamd_cumulant3,2,25,4.174124280611673,15.327524089813231,0.0,,0
gamd_cumulant3,2,26,4.174124280611673,15.82399975458781,0.0,,0
gamd_cumulant3,2,27,4.174124280611673,16.32047541936239,0.0,,0
gamd_cumulant3,2,28,4.174124280611673,16.81695108413696,0.0,,0
gamd_cumulant3,2,29,4.174124280611673,17.31342674891154,0.0,,0
gamd_cumulant3,3,0,4.780421217282613,2.915632470448812,1.1681723219451061e-07,7.663366172228768,238
gamd_cumulant3,3,1,4.780421217282613,3.412108135223389,6.537749939187844e-08,8.009397518499089,601
gamd_cumulant3,3,2,4.780421217282613,3.908583799997966,3.279229506131075e-07,7.048027531742102,644
gamd_cumulant3,3,3,4.780421217282613,4.405059464772543,2.178287495689936e-07,7.291898911077746,741
gamd_cumulant3,3,4,4.780421217282613,4.90153512954712,7.304561342886889e-06,5.197855553443059,871
gamd_cumulant3,3,5,4.780421217282613,5.398010794321696,3.734992407726157e-06,5.597732643271751,1306
gamd_cumulant3,3,6,4.780421217282613,5.894486459096273,2.53686276957387e-06,5.828338316872916,2029
gamd_cumulant3,3,7,4.780421217282613,6.39096212387085,3.972174055520584e-06,5.561028316887276,2745
gamd_cumulant3,3,8,4.780421217282613,6.8874377886454266,6.7827681495527085e-06,5.242039268088593,2953
gamd_cumulant3,3,9,4.780421217282613,7.3839134534200035,4.4220841150316073e-05,4.124349608537887,2697
gamd_cumulant3,3,10,4.780421217282613,7.88038911819458,2.8080221067649913e-05,4.395084773840994,4216
gamd_cumulant3,3,11,4.780421217282613,8.376864782969157,3.7488026555943585e-05,4.222820313297214,5190
gamd_cumulant3,3,12,4.780421217282613,8.873340447743733,8.438420932379946e-06,5.111831744549738,572
gamd_cumulant3,3,13,4.780421217282613,9.369816112518311,4.461731272245968e-08,8.237164625993188,95
gamd_cumulant3,3,14,4.780421217282613,9.866291777292886,1.8260508314389697e-09,10.142476003559729,37
gamd_cumulant3,3,15,4.780421217282613,10.362767442067465,5.627576674169493e-10,10.8441946663299,11
gamd_cumulant3,3,16,4.780421217282613,10.85924310684204,0.0,,0
gamd_cumulant3,3,17,4.780421217282613,11.355718771616619,0.0,,0
gamd_cumulant3,3,18,4.780421217282613,11.852194436391194,0.0,,0
gamd_cumulant3,3,19,4.780421217282613,12.348670101165773,0.0,,0
gamd_cumulant3,3,20,4.780421217282613,12.845145765940348,0.0,,0
gamd_cumulant3,3,21,4.780421217282613,13.341621430714927,0.0,,0
gamd_cumulant3,3,22,4.780421217282613,13.838097095489502,0.0,,0
gamd_cumulant3,3,23,4.780421217282613,14.334572760264079,0.0,,0
gamd_cumulant3,3,24,4.780421217282613,14.831048425038656,0.0,,0
gamd_cumulant3,3,25,4.780421217282613,15.327524089813231,0.0,,0
gamd_cumulant3,3,26,4.780421217282613,15.82399975458781,0.0,,0
gamd_cumulant3,3,27,4.780421217282613,16.32047541936239,0.0,,0
gamd_cumulant3,3,28,4.780421217282613,16.81695108413696,0.0,,0
gamd_cumulant3,3,29,4.780421217282613,17.31342674891154,0.0,,0
gamd_cumulant3,4,0,5.386718153953552,2.915632470448812,5.38758014471914e-06,5.3793286340056845,621
gamd_cumulant3,4,1,5.386718153953552,3.412108135223389,6.214595479078628e-07,6.666906308708649,1491
gamd_cumulant3,4,2,5.386718153953552,3.908583799997966,9.663227069720103e-07,6.403744610939503,1835
gamd_cumulant3,4,3,5.386718153953552,4.405059464772543,1.7612420950720913e-06,6.045882867874592,1591
gamd_cumulant3,4,4,5.386718153953552,4.90153512954712,4.044362594222616e-06,5.550291217651337,1924
gamd_cumulant3,4,5,5.386718153953552,5.398010794321696,7.198867677532596e-06,5.206544751833652,2523
gamd_cumulant3,4,6,5.386718153953552,5.894486459096273,1.1413922948738763e-05,4.931767953137143,3562
gamd_cumulant3,4,7,5.386718153953552,6.39096212387085,8.291170709212571e-06,5.122326579103225,4129
gamd_cumulant3,4,8,5.386718153953552,6.8874377886454266,2.3518840138149626e-05,4.500762494286439,6456
gamd_cumulant3,4,9,5.386718153953552,7.3839134534200035,2.543927457393843e-05,4.4539683559206455,7297
gamd_cumulant3,4,10,5.386718153953552,7.88038911819458,0.00015186092745565944,3.388824332737793,14098
gamd_cumulant3,4,11,5.386718153953552,8.376864782969157,0.00013399597081052535,3.4634371479137314,14146
gamd_cumulant3,4,12,5.386718153953552,8.873340447743733,1.2790596446761804e-05,4.86387929664069,2322
gamd_cumulant3,4,13,5.386718153953552,9.369816112518311,1.9933020824187813e-06,5.972094015945936,670
gamd_cumulant3,4,14,5.386718153953552,9.866291777292886,3.6356046024850717e-07,6.986523398728929,531
gamd_cumulant3,4,15,5.386718153953552,10.362767442067465,1.2269948797589377e-06,6.261366138594129,614
gamd_cumulant3,4,16,5.386718153953552,10.85924310684204,5.016489739074046e-09,9.54001043100249,47
gamd_cumulant3,4,17,5.386718153953552,11.355718771616619,0.0,,0
gamd_cumulant3,4,18,5.386718153953552,11.852194436391194,0.0,,0
gamd_cumulant3,4,19,5.386718153953552,12.348670101165773,0.0,,0
gamd_cumulant3,4,20,5.386718153953552,12.845145765940348,0.0,,0
gamd_cumulant3,4,21,5.386718153953552,13.341621430714927,0.0,,0
gamd_cumulant3,4,22,5.386718153953552,13.838097095489502,0.0,,0
gamd_cumulant3,4,23,5.386718153953552,14.334572760264079,0.0,,0
gamd_cumulant3,4,24,5.386718153953552,14.831048425038656,0.0,,0
gamd_cumulant3,4,25,5.386718153953552,15.327524089813231,0.0,,0
gamd_cumulant3,4,26,5.386718153953552,15.82399975458781,0.0,,0
gamd_cumulant3,4,27,5.386718153953552,16.32047541936239,0.0,,0
gamd_cumulant3,4,28,5.386718153953552,16.81695108413696,0.0,,0
gamd_cumulant3,4,29,5.386718153953552,17.31342674891154,0.0,,0
gamd_cumulant3,5,0,5.993015090624491,2.915632470448812,0.01851328500045727,0.5252955601084666,1646
gamd_cumulant3,5,1,5.993015090624491,3.412108135223389,2.62705793516608e-06,5.8075106019304865,2641
gamd_cumulant3,5,2,5.993015090624491,3.908583799997966,1.4195436458892272e-06,6.17446522872573,6116
gamd_cumulant3,5,3,5.993015090624491,4.405059464772543,1.0015504637036003e-06,6.382398043908223,8710
gamd_cumulant3,5,4,5.993015090624491,4.90153512954712,1.572015415305487e-06,6.113643033134204,4585
gamd_cumulant3,5,5,5.993015090624491,5.398010794321696,5.51538831469672e-06,5.365351197952476,2412
gamd_cumulant3,5,6,5.993015090624491,5.894486459096273,2.2235639972181707e-05,4.534210362549807,4000
gamd_cumulant3,5,7,5.993015090624491,6.39096212387085,2.9387527106880928e-05,4.3679565238475195,6016
gamd_cumulant3,5,8,5.993015090624491,6.8874377886454266,5.6270064358701435e-05,3.980694723963435,9167
gamd_cumulant3,5,9,5.993015090624491,7.3839134534200035,6.806242699021475e-05,3.8672674989768736,11634
gamd_cumulant3,5,10,5.993015090624491,7.88038911819458,0.0002985087089587312,2.985918297447951,24590
gamd_cumulant3,5,11,5.993015090624491,8.376864782969157,0.00043900454603033754,2.755972537425212,26798
gamd_cumulant3,5,12,5.993015090624491,8.873340447743733,9.805484234141528e-05,3.6496080567872213,4527
gamd_cumulant3,5,13,5.993015090624491,9.369816112518311,4.76786178646111e-05,4.079466511363586,1493
gamd_cumulant3,5,14,5.993015090624491,9.866291777292886,6.764918001732357e-06,5.243610248249919,749
gamd_cumulant3,5,15,5.993015090624491,10.362767442067465,1.0505521403295068e-06,6.35392144011769,1167
gamd_cumulant3,5,16,5.993015090624491,10.85924310684204,1.4762147322926793e-06,6.151128045798103,1146
gamd_cumulant3,5,17,5.993015090624491,11.355718771616619,7.155707052527227e-09,9.328265991510245,58
gamd_cumulant3,5,18,5.993015090624491,11.852194436391194,0.0,,0
gamd_cumulant3,5,19,5.993015090624491,12.348670101165773,0.0,,0
gamd_cumulant3,5,20,5.993015090624491,12.845145765940348,0.0,,0
gamd_cumulant3,5,21,5.993015090624491,13.341621430714927,0.0,,0
gamd_cumulant3,5,22,5.993015090624491,13.838097095489502,0.0,,0
gamd_cumulant3,5,23,5.993015090624491,14.334572760264079,0.0,,0
gamd_cumulant3,5,24,5.993015090624491,14.831048425038656,0.0,,0
gamd_cumulant3,5,25,5.993015090624491,15.327524089813231,0.0,,0
gamd_cumulant3,5,26,5.993015090624491,15.82399975458781,0.0,,0
gamd_cumulant3,5,27,5.993015090624491,16.32047541936239,0.0,,0
gamd_cumulant3,5,28,5.993015090624491,16.81695108413696,0.0,,0
gamd_cumulant3,5,29,5.993015090624491,17.31342674891154,0.0,,0
gamd_cumulant3,6,0,6.59931202729543,2.915632470448812,0.0002816786475830717,3.0205148685482714,5109
gamd_cumulant3,6,1,6.59931202729543,3.412108135223389,8.260216124088448e-06,5.124556476418322,3339
gamd_cumulant3,6,2,6.59931202729543,3.908583799997966,3.861826128157278e-06,5.577824209437644,6516
gamd_cumulant3,6,3,6.59931202729543,4.405059464772543,5.298695644081564e-06,5.389246161972743,15698
gamd_cumulant3,6,4,6.59931202729543,4.90153512954712,1.6354536430830036e-05,4.717345794838508,13485
gamd_cumulant3,6,5,6.59931202729543,5.398010794321696,1.0259121380109198e-05,4.995358521739865,4667
gamd_cumulant3,6,6,6.59931202729543,5.894486459096273,2.675814729147923e-05,4.423835517849655,4439
gamd_cumulant3,6,7,6.59931202729543,6.39096212387085,4.728058839251637e-05,4.084464260558185,4939
gamd_cumulant3,6,8,6.59931202729543,6.8874377886454266,0.0001972134150046109,3.233034683017086,6900
gamd_cumulant3,6,9,6.59931202729543,7.3839134534200035,4.8020413649087006e-05,4.075208029856501,7280
gamd_cumulant3,6,10,6.59931202729543,7.88038911819458,0.00032763236450483073,2.9304198367342518,17744
gamd_cumulant3,6,11,6.59931202729543,8.376864782969157,0.0004292592302385647,2.769355622277646,30574
gamd_cumulant3,6,12,6.59931202729543,8.873340447743733,6.714706713419801e-05,3.8753395717535075,7914
gamd_cumulant3,6,13,6.59931202729543,9.369816112518311,1.5205072507311286e-05,4.7607917792153245,3325
gamd_cumulant3,6,14,6.59931202729543,9.866291777292886,3.0790531482857055e-05,4.340153417670102,1678
gamd_cumulant3,6,15,6.59931202729543,10.362767442067465,6.864272938248405e-06,5.2349182260436375,1056
gamd_cumulant3,6,16,6.59931202729543,10.85924310684204,3.877113687471687e-06,5.575468883523735,1204
gamd_cumulant3,6,17,6.59931202729543,11.355718771616619,4.203233328685743e-06,5.527321058126557,995
gamd_cumulant3,6,18,6.59931202729543,11.852194436391194,3.0703539744445725e-07,7.087264263036147,116
gamd_cumulant3,6,19,6.59931202729543,12.348670101165773,0.0,,0
gamd_cumulant3,6,20,6.59931202729543,12.845145765940348,0.0,,0
gamd_cumulant3,6,21,6.59931202729543,13.341621430714927,0.0,,0
gamd_cumulant3,6,22,6.59931202729543,13.838097095489502,0.0,,0
gamd_cumulant3,6,23,6.59931202729543,14.334572760264079,0.0,,0
gamd_cumulant3,6,24,6.59931202729543,14.831048425038656,0.0,,0
gamd_cumulant3,6,25,6.59931202729543,15.327524089813231,0.0,,0
gamd_cumulant3,6,26,6.59931202729543,15.82399975458781,0.0,,0
gamd_cumulant3,6,27,6.59931202729543,16.32047541936239,0.0,,0
gamd_cumulant3,6,28,6.59931202729543,16.81695108413696,0.0,,0
gamd_cumulant3,6,29,6.59931202729543,17.31342674891154,0.0,,0
gamd_cumulant3,7,0,7.20560896396637,2.915632470448812,2.6653828293800952e-06,5.798876318319053,3909
gamd_cumulant3,7,1,7.20560896396637,3.412108135223389,0.0003848821879590598,2.834410958945624,4250
gamd_cumulant3,7,2,7.20560896396637,3.908583799997966,3.34167430996828e-06,5.664069782419075,5274
gamd_cumulant3,7,3,7.20560896396637,4.405059464772543,6.894346991897501e-06,5.232312003197009,11567
gamd_cumulant3,7,4,7.20560896396637,4.90153512954712,3.587029841157011e-05,4.249118167286737,12080
gamd_cumulant3,7,5,7.20560896396637,5.398010794321696,2.793119987963522e-05,4.398257015142994,8119
gamd_cumulant3,7,6,7.20560896396637,5.894486459096273,9.859096101913435e-05,3.646357400202993,6970
gamd_cumulant3,7,7,7.20560896396637,6.39096212387085,0.00012743229855773073,3.493379049435173,6659
gamd_cumulant3,7,8,7.20560896396637,6.8874377886454266,4.3916327574097294e-05,4.128469094734681,5125
gamd_cumulant3,7,9,7.20560896396637,7.3839134534200035,0.00012883403716234154,3.4868571579872705,6111
gamd_cumulant3,7,10,7.20560896396637,7.88038911819458,0.00024124588662001597,3.11289016807867,20151
gamd_cumulant3,7,11,7.20560896396637,8.376864782969157,0.0007669387202930022,2.4233758690065907,41708
gamd_cumulant3,7,12,7.20560896396637,8.873340447743733,0.00020513724041855367,3.2095502488573158,13234
gamd_cumulant3,7,13,7.20560896396637,9.369816112518311,9.496880167919039e-05,3.668672402340188,5412
gamd_cumulant3,7,14,7.20560896396637,9.866291777292886,0.0001365299460436381,3.452268516731348,4090
gamd_cumulant3,7,15,7.20560896396637,10.362767442067465,4.790403375299904e-05,4.0766546104406824,2210
gamd_cumulant3,7,16,7.20560896396637,10.85924310684204,0.00011902317325258376,3.5340772059784666,1812
gamd_cumulant3,7,17,7.20560896396637,11.355718771616619,0.0001307147089059042,3.4782175223967067,1227
gamd_cumulant3,7,18,7.20560896396637,11.852194436391194,6.322817059128543e-05,3.9111899129862775,791
gamd_cumulant3,7,19,7.20560896396637,12.348670101165773,1.9914492688842085e-06,5.972648417295549,237
gamd_cumulant3,7,20,7.20560896396637,12.845145765940348,0.0,,0
gamd_cumulant3,7,21,7.20560896396637,13.341621430714927,0.0,,0
gamd_cumulant3,7,22,7.20560896396637,13.838097095489502,0.0,,0
gamd_cumulant3,7,23,7.20560896396637,14.334572760264079,0.0,,0
gamd_cumulant3,7,24,7.20560896396637,14.831048425038656,0.0,,0
gamd_cumulant3,7,25,7.20560896396637,15.327524089813231,0.0,,0
gamd_cumulant3,7,26,7.20560896396637,15.82399975458781,0.0,,0
gamd_cumulant3,7,27,7.20560896396637,16.32047541936239,0.0,,0
gamd_cumulant3,7,28,7.20560896396637,16.81695108413696,0.0,,0
gamd_cumulant3,7,29,7.20560896396637,17.31342674891154,0.0,,0
gamd_cumulant3,8,0,7.811905900637308,2.915632470448812,2.8487338289388073e-08,8.504639682183479,194
gamd_cumulant3,8,1,7.811905900637308,3.412108135223389,3.9666712763717177e-07,6.934566841473083,1058
gamd_cumulant3,8,2,7.811905900637308,3.908583799997966,1.5421188071326116e-06,6.125090033451832,2829
gamd_cumulant3,8,3,7.811905900637308,4.405059464772543,6.781421591183281e-06,5.242157633575342,10256
gamd_cumulant3,8,4,7.811905900637308,4.90153512954712,2.792891287623039e-05,4.3983058307577565,13939
gamd_cumulant3,8,5,7.811905900637308,5.398010794321696,3.836602816542528e-05,4.209018705958661,13441
gamd_cumulant3,8,6,7.811905900637308,5.894486459096273,8.893673416210291e-05,3.7077943948741594,11898
gamd_cumulant3,8,7,7.811905900637308,6.39096212387085,0.00040568198163693967,2.80303363520744,10851
gamd_cumulant3,8,8,7.811905900637308,6.8874377886454266,0.0001781183203294678,3.293746803712263,8144
gamd_cumulant3,8,9,7.811905900637308,7.3839134534200035,0.00032987036341662493,2.9263614096388513,6405
gamd_cumulant3,8,10,7.811905900637308,7.88038911819458,0.0002754133651526661,3.0339247763530106,16099
gamd_cumulant3,8,11,7.811905900637308,8.376864782969157,0.0005592941184774838,2.61160271391229,37399
gamd_cumulant3,8,12,7.811905900637308,8.873340447743733,0.00043393853419125355,2.7628921042671517,12782
gamd_cumulant3,8,13,7.811905900637308,9.369816112518311,0.00031430034313687937,2.9551862268668363,7896
gamd_cumulant3,8,14,7.811905900637308,9.866291777292886,0.000199896533712367,3.2249784969471738,6321
gamd_cumulant3,8,15,7.811905900637308,10.362767442067465,0.0002505274493229525,3.0903840050523326,4258
gamd_cumulant3,8,16,7.811905900637308,10.85924310684204,0.00015572443167455804,3.373847074001422,2914
gamd_cumulant3,8,17,7.811905900637308,11.355718771616619,0.0004656855686531973,2.720798489937923,1288
gamd_cumulant3,8,18,7.811905900637308,11.852194436391194,0.0008273846720341993,2.378149390013571,1050
gamd_cumulant3,8,19,7.811905900637308,12.348670101165773,0.0002697865496367525,3.0462307527309798,714
gamd_cumulant3,8,20,7.811905900637308,12.845145765940348,6.179280426752841e-06,5.2975916454388,162
gamd_cumulant3,8,21,7.811905900637308,13.341621430714927,0.0,,0
gamd_cumulant3,8,22,7.811905900637308,13.838097095489502,0.0,,0
gamd_cumulant3,8,23,7.811905900637308,14.334572760264079,0.0,,0
gamd_cumulant3,8,24,7.811905900637308,14.831048425038656,0.0,,0
gamd_cumulant3,8,25,7.811905900637308,15.327524089813231,0.0,,0
gamd_cumulant3,8,26,7.811905900637308,15.82399975458781,0.0,,0
gamd_cumulant3,8,27,7.811905900637308,16.32047541936239,0.0,,0
gamd_cumulant3,8,28,7.811905900637308,16.81695108413696,0.0,,0
gamd_cumulant3,8,29,7.811905900637308,17.31342674891154,0.0,,0
gamd_cumulant3,9,0,8.418202837308247,2.915632470448812,0.0,,0
gamd_cumulant3,9,1,8.418202837308247,3.412108135223389,1.7748577677004845e-10,11.532140117342257,52
gamd_cumulant3,9,2,8.418202837308247,3.908583799997966,2.1830894580645e-06,5.917874069003691,977
gamd_cumulant3,9,3,8.418202837308247,4.405059464772543,1.1360163088496031e-05,4.9345825211020795,6166
gamd_cumulant3,9,4,8.418202837308247,4.90153512954712,4.052801038942712e-05,4.176336569560975,18765
gamd_cumulant3,9,5,8.418202837308247,5.398010794321696,6.79134665512222e-05,3.8685736787537794,20889
gamd_cumulant3,9,6,8.418202837308247,5.894486459096273,0.0003282128300868104,2.929364553578521,18941
gamd_cumulant3,9,7,8.418202837308247,6.39096212387085,0.0007085325692975973,2.4705983256945374,18017
gamd_cumulant3,9,8,8.418202837308247,6.8874377886454266,0.0005429486213267121,2.629285328656819,16069
gamd_cumulant3,9,9,8.418202837308247,7.3839134534200035,0.0006027503095064788,2.5669934292987455,13036
gamd_cumulant3,9,10,8.418202837308247,7.88038911819458,0.0003029553411798697,2.977103279348247,12261
gamd_cumulant3,9,11,8.418202837308247,8.376864782969157,0.00030277673542363544,2.977454846792073,18722
gamd_cumulant3,9,12,8.418202837308247,8.873340447743733,0.00037646474449520357,2.8475938013924957,11535
gamd_cumulant3,9,13,8.418202837308247,9.369816112518311,0.00032798792411435726,2.929773209729151,8791
gamd_cumulant3,9,14,8.418202837308247,9.866291777292886,0.0003718703621564141,2.854914124159652,7452
gamd_cumulant3,9,15,8.418202837308247,10.362767442067465,0.000465762837138578,2.720699580586033,6719
gamd_cumulant3,9,16,8.418202837308247,10.85924310684204,5.752876453321203e-05,3.9675062067428777,3823
gamd_cumulant3,9,17,8.418202837308247,11.355718771616619,0.00010288487667936871,3.620942402980664,2026
gamd_cumulant3,9,18,8.418202837308247,11.852194436391194,0.00016077853058319358,3.3548057722378837,1091
gamd_cumulant3,9,19,8.418202837308247,12.348670101165773,0.0001899494982704158,3.255407559968569,1132
gamd_cumulant3,9,20,8.418202837308247,12.845145765940348,7.538139212626348e-05,3.8063784907154905,752
gamd_cumulant3,9,21,8.418202837308247,13.341621430714927,1.5234520357081372e-05,4.759638302997933,268
gamd_cumulant3,9,22,8.418202837308247,13.838097095489502,2.8360191009895103e-10,11.252730620816047,18
gamd_cumulant3,9,23,8.418202837308247,14.334572760264079,0.0,,0
gamd_cumulant3,9,24,8.418202837308247,14.831048425038656,0.0,,0
gamd_cumulant3,9,25,8.418202837308247,15.327524089813231,0.0,,0
gamd_cumulant3,9,26,8.418202837308247,15.82399975458781,0.0,,0
gamd_cumulant3,9,27,8.418202837308247,16.32047541936239,0.0,,0
gamd_cumulant3,9,28,8.418202837308247,16.81695108413696,0.0,,0
gamd_cumulant3,9,29,8.418202837308247,17.31342674891154,0.0,,0
gamd_cumulant3,10,0,9.024499773979187,2.915632470448812,0.0,,0
gamd_cumulant3,10,1,9.024499773979187,3.412108135223389,0.0,,0
gamd_cumulant3,10,2,9.024499773979187,3.908583799997966,2.066925495478917e-08,8.695895606310202,157
gamd_cumulant3,10,3,9.024499773979187,4.405059464772543,1.481434347010105e-05,4.776311779854106,1691
gamd_cumulant3,10,4,9.024499773979187,4.90153512954712,1.2554159706911026e-05,4.875002585198056,12098
gamd_cumulant3,10,5,9.024499773979187,5.398010794321696,0.00010037157974865832,3.6356864037953183,27391
gamd_cumulant3,10,6,9.024499773979187,5.894486459096273,0.00014878720327393091,3.40101465754517,26790
gamd_cumulant3,10,7,9.024499773979187,6.39096212387085,0.00047828534341474164,2.7048828640393405,24218
gamd_cumulant3,10,8,9.024499773979187,6.8874377886454266,0.0007109004870616938,2.468609274949697,24153
gamd_cumulant3,10,9,9.024499773979187,7.3839134534200035,0.0007067566118160759,2.4720944971497762,19090
gamd_cumulant3,10,10,9.024499773979187,7.88038911819458,0.0012703690184627694,2.122519622471436,14915
gamd_cumulant3,10,11,9.024499773979187,8.376864782969157,0.000711355425325982,2.4682278856599758,16182
gamd_cumulant3,10,12,9.024499773979187,8.873340447743733,0.00038737316442226226,2.830565006032582,17159
gamd_cumulant3,10,13,9.024499773979187,9.369816112518311,0.001113447498374061,2.201121321348332,15563
gamd_cumulant3,10,14,9.024499773979187,9.866291777292886,0.0005398799906253839,2.632664263562115,11992
gamd_cumulant3,10,15,9.024499773979187,10.362767442067465,0.0003695521623608611,2.858642161573665,10139
gamd_cumulant3,10,16,9.024499773979187,10.85924310684204,0.00043824458441747466,2.7570054476525523,6734
gamd_cumulant3,10,17,9.024499773979187,11.355718771616619,0.0002558509461712357,3.077848795664216,3273
gamd_cumulant3,10,18,9.024499773979187,11.852194436391194,0.0004613061423911463,2.7264314718704017,1879
gamd_cumulant3,10,19,9.024499773979187,12.348670101165773,0.0004973636464910952,2.6815646508814113,1557
gamd_cumulant3,10,20,9.024499773979187,12.845145765940348,0.00030929972667670115,2.964747604244495,2287
gamd_cumulant3,10,21,9.024499773979187,13.341621430714927,0.00013541213808146495,3.4571695424635274,1653
gamd_cumulant3,10,22,9.024499773979187,13.838097095489502,0.008352665352112341,0.9997850250900191,419
gamd_cumulant3,10,23,9.024499773979187,14.334572760264079,1.0976086801443505e-09,10.445935050300033,20
gamd_cumulant3,10,24,9.024499773979187,14.831048425038656,0.0,,0
gamd_cumulant3,10,25,9.024499773979187,15.327524089813231,0.0,,0
gamd_cumulant3,10,26,9.024499773979187,15.82399975458781,0.0,,0
gamd_cumulant3,10,27,9.024499773979187,16.32047541936239,0.0,,0
gamd_cumulant3,10,28,9.024499773979187,16.81695108413696,0.0,,0
gamd_cumulant3,10,29,9.024499773979187,17.31342674891154,0.0,,0
gamd_cumulant3,11,0,9.630796710650126,2.915632470448812,0.0,,0
gamd_cumulant3,11,1,9.630796710650126,3.412108135223389,0.0,,0
gamd_cumulant3,11,2,9.630796710650126,3.908583799997966,0.0,,0
gamd_cumulant3,11,3,9.630796710650126,4.405059464772543,1.5305668091022094e-07,7.502284753776475,193
gamd_cumulant3,11,4,9.630796710650126,4.90153512954712,4.083518252706821e-05,4.171835148279788,2554
gamd_cumulant3,11,5,9.630796710650126,5.398010794321696,3.547322304099811e-05,4.255754324284142,19787
gamd_cumulant3,11,6,9.630796710650126,5.894486459096273,0.00019660006550985195,3.2348916814803386,35342
gamd_cumulant3,11,7,9.630796710650126,6.39096212387085,0.0005910778353651225,2.5786515542662714,25252
gamd_cumulant3,11,8,9.630796710650126,6.8874377886454266,0.0008438245046811792,2.366420029111906,27590
gamd_cumulant3,11,9,9.630796710650126,7.3839134534200035,0.0005809048858934642,2.589001315854231,24634
gamd_cumulant3,11,10,9.630796710650126,7.88038911819458,0.0007889549078460255,2.406503154346456,17697
gamd_cumulant3,11,11,9.630796710650126,8.376864782969157,0.0007728978320144851,2.4187616008398805,17911
gamd_cumulant3,11,12,9.630796710650126,8.873340447743733,0.0010371187593722709,2.2434574830268272,20729
gamd_cumulant3,11,13,9.630796710650126,9.369816112518311,0.0017582710117461028,1.9287531840348087,20040
gamd_cumulant3,11,14,9.630796710650126,9.866291777292886,0.0007530308343379688,2.434286053940301,14138
gamd_cumulant3,11,15,9.630796710650126,10.362767442067465,0.0008150785123041656,2.3870830370689906,10627
gamd_cumulant3,11,16,9.630796710650126,10.85924310684204,0.0008656318219823594,2.351208896492524,8727
gamd_cumulant3,11,17,9.630796710650126,11.355718771616619,0.0008437316007635349,2.3664856692623144,5131
gamd_cumulant3,11,18,9.630796710650126,11.852194436391194,0.00021956867007243066,3.1690197410944987,2849
gamd_cumulant3,11,19,9.630796710650126,12.348670101165773,6.622167319596749e-05,3.883612768079255,2354
gamd_cumulant3,11,20,9.630796710650126,12.845145765940348,0.0001925771442072567,3.2472171479851064,3981
gamd_cumulant3,11,21,9.630796710650126,13.341621430714927,0.00020310861909490047,3.2154750875598874,3708
gamd_cumulant3,11,22,9.630796710650126,13.838097095489502,8.318601677651172e-05,3.7476453908810865,1181
gamd_cumulant3,11,23,9.630796710650126,14.334572760264079,1.5696950096334672e-05,4.741811588533183,243
gamd_cumulant3,11,24,9.630796710650126,14.831048425038656,1.395353179445021e-08,8.93013612203372,9
gamd_cumulant3,11,25,9.630796710650126,15.327524089813231,0.0,,0
gamd_cumulant3,11,26,9.630796710650126,15.82399975458781,0.0,,0
gamd_cumulant3,11,27,9.630796710650126,16.32047541936239,0.0,,0
gamd_cumulant3,11,28,9.630796710650126,16.81695108413696,0.0,,0
gamd_cumulant3,11,29,9.630796710650126,17.31342674891154,0.0,,0
gamd_cumulant3,12,0,10.237093647321064,2.915632470448812,0.0,,0
gamd_cumulant3,12,1,10.237093647321064,3.412108135223389,0.0,,0
gamd_cumulant3,12,2,10.237093647321064,3.908583799997966,0.0,,0
gamd_cumulant3,12,3,10.237093647321064,4.405059464772543,0.0,,0
gamd_cumulant3,12,4,10.237093647321064,4.90153512954712,2.8307418663137007e-05,4.39028063086162,62
gamd_cumulant3,12,5,10.237093647321064,5.398010794321696,2.1012823911337174e-05,4.567931326180128,3463
gamd_cumulant3,12,6,10.237093647321064,5.894486459096273,0.00010116605620813918,3.630986154610563,19000
gamd_cumulant3,12,7,10.237093647321064,6.39096212387085,0.00021306385004720858,3.1869481856570343,25301
gamd_cumulant3,12,8,10.237093647321064,6.8874377886454266,0.0005807572788188678,2.5891528188046062,20010
gamd_cumulant3,12,9,10.237093647321064,7.3839134534200035,0.0010634238225150853,2.228525264995899,23203
gamd_cumulant3,12,10,10.237093647321064,7.88038911819458,0.0010046546946725738,2.262416931666125,21847
gamd_cumulant3,12,11,10.237093647321064,8.376864782969157,0.0010450082564878046,2.2389395692258423,22198
gamd_cumulant3,12,12,10.237093647321064,8.873340447743733,0.0010261115335739677,2.2498185219027014,37632
gamd_cumulant3,12,13,10.237093647321064,9.369816112518311,0.0012854266601164705,2.1154948928921056,30308
gamd_cumulant3,12,14,10.237093647321064,9.866291777292886,0.0011084057905147245,2.203826879066719,14933
gamd_cumulant3,12,15,10.237093647321064,10.362767442067465,0.0005934600220735026,2.5762537087652757,12728
gamd_cumulant3,12,16,10.237093647321064,10.85924310684204,0.000868575734416345,2.349184861621812,12136
gamd_cumulant3,12,17,10.237093647321064,11.355718771616619,0.0017418510441360503,1.9343467150742577,8833
gamd_cumulant3,12,18,10.237093647321064,11.852194436391194,0.0016113579315192156,1.980770453717458,5318
gamd_cumulant3,12,19,10.237093647321064,12.348670101165773,0.0012264094069896472,2.1435144583335677,3630
gamd_cumulant3,12,20,10.237093647321064,12.845145765940348,3.3404778237159504e-05,4.291571205341498,5758
gamd_cumulant3,12,21,10.237093647321064,13.341621430714927,1.867619453008293e-05,4.63820873763262,6463
gamd_cumulant3,12,22,10.237093647321064,13.838097095489502,4.704802657629807e-05,4.087403869719944,2930
gamd_cumulant3,12,23,10.237093647321064,14.334572760264079,0.00019519895152792654,3.2391555689630915,1326
gamd_cumulant3,12,24,10.237093647321064,14.831048425038656,0.007405942284899215,1.071502035852101,142
gamd_cumulant3,12,25,10.237093647321064,15.327524089813231,7.696924588699478e-08,7.912087433812548,19
gamd_cumulant3,12,26,10.237093647321064,15.82399975458781,0.0,,0
gamd_cumulant3,12,27,10.237093647321064,16.32047541936239,0.0,,0
gamd_cumulant3,12,28,10.237093647321064,16.81695108413696,0.0,,0
gamd_cumulant3,12,29,10.237093647321064,17.31342674891154,0.0,,0
gamd_cumulant3,13,0,10.843390583992004,2.915632470448812,0.0,,0
gamd_cumulant3,13,1,10.843390583992004,3.412108135223389,0.0,,0
gamd_cumulant3,13,2,10.843390583992004,3.908583799997966,0.0,,0
gamd_cumulant3,13,3,10.843390583992004,4.405059464772543,0.0,,0
gamd_cumulant3,13,4,10.843390583992004,4.90153512954712,0.0,,0
gamd_cumulant3,13,5,10.843390583992004,5.398010794321696,8.099593177865716e-08,7.881687387477244,51
gamd_cumulant3,13,6,10.843390583992004,5.894486459096273,7.682431324194973e-06,5.16778691866682,1969
gamd_cumulant3,13,7,10.843390583992004,6.39096212387085,0.0001070135751699527,3.5974864159512427,9165
gamd_cumulant3,13,8,10.843390583992004,6.8874377886454266,0.0002480791134752203,3.0962387806094687,12604
gamd_cumulant3,13,9,10.843390583992004,7.3839134534200035,0.0007335058747557482,2.449947549832728,19918
gamd_cumulant3,13,10,10.843390583992004,7.88038911819458,0.0010406759769902945,2.2414162058644354,26576
gamd_cumulant3,13,11,10.843390583992004,8.376864782969157,0.0013945082412434276,2.0669368751626447,26665
gamd_cumulant3,13,12,10.843390583992004,8.873340447743733,0.0017154596985755517,1.9434484736757467,51094
gamd_cumulant3,13,13,10.843390583992004,9.369816112518311,0.0010722171702538493,2.2236159351369476,68279
gamd_cumulant3,13,14,10.843390583992004,9.866291777292886,0.0019441117877798684,1.8688543197086118,20197
gamd_cumulant3,13,15,10.843390583992004,10.362767442067465,0.0015530800845441422,2.002731335381541,15585
gamd_cumulant3,13,16,10.843390583992004,10.85924310684204,0.0009738490237777041,2.2809831160551286,16993
gamd_cumulant3,13,17,10.843390583992004,11.355718771616619,0.0006365128351058646,2.5345017142050934,14038
gamd_cumulant3,13,18,10.843390583992004,11.852194436391194,0.0020960189096785424,1.8240023764814102,9862
gamd_cumulant3,13,19,10.843390583992004,12.348670101165773,0.0010275805891531591,2.2489656246347693,6057
gamd_cumulant3,13,20,10.843390583992004,12.845145765940348,0.0004384662929480668,2.7567039251162613,6894
gamd_cumulant3,13,21,10.843390583992004,13.341621430714927,0.0002944745501762477,2.9940299812818654,11186
gamd_cumulant3,13,22,10.843390583992004,13.838097095489502,0.0009172690349132215,2.31666662956019,5768
gamd_cumulant3,13,23,10.843390583992004,14.334572760264079,0.0007283950219468428,2.4541159650247466,2461
gamd_cumulant3,13,24,10.843390583992004,14.831048425038656,4.056963585672208e-06,5.548436649879855,897
gamd_cumulant3,13,25,10.843390583992004,15.327524089813231,0.00017882732234289893,3.2913784873554133,116
gamd_cumulant3,13,26,10.843390583992004,15.82399975458781,0.0,,0
gamd_cumulant3,13,27,10.843390583992004,16.32047541936239,0.0,,0
gamd_cumulant3,13,28,10.843390583992004,16.81695108413696,0.0,,0
gamd_cumulant3,13,29,10.843390583992004,17.31342674891154,0.0,,0
gamd_cumulant3,14,0,11.449687520662943,2.915632470448812,0.0,,0
gamd_cumulant3,14,1,11.449687520662943,3.412108135223389,0.0,,0
gamd_cumulant3,14,2,11.449687520662943,3.908583799997966,0.0,,0
gamd_cumulant3,14,3,11.449687520662943,4.405059464772543,0.0,,0
gamd_cumulant3,14,4,11.449687520662943,4.90153512954712,0.0,,0
gamd_cumulant3,14,5,11.449687520662943,5.398010794321696,0.0,,0
gamd_cumulant3,14,6,11.449687520662943,5.894486459096273,3.1228529566232925e-10,11.195293075412536,19
gamd_cumulant3,14,7,11.449687520662943,6.39096212387085,9.264555372820357e-06,5.056149881305512,1655
gamd_cumulant3,14,8,11.449687520662943,6.8874377886454266,0.00011558982903829944,3.551526989115023,6087
gamd_cumulant3,14,9,11.449687520662943,7.3839134534200035,0.000463929464295047,2.7230508688818404,10802
gamd_cumulant3,14,10,11.449687520662943,7.88038911819458,0.0014459237216727463,2.0453519420765383,22235
gamd_cumulant3,14,11,11.449687520662943,8.376864782969157,0.0019880921443058033,1.8555180434681864,33262
gamd_cumulant3,14,12,11.449687520662943,8.873340447743733,0.0029542066077984795,1.6194055878164657,47247
gamd_cumulant3,14,13,11.449687520662943,9.369816112518311,0.0015011019708614064,2.0230250377813057,69578
gamd_cumulant3,14,14,11.449687520662943,9.866291777292886,0.001076434022219317,2.221275930308304,35253
gamd_cumulant3,14,15,11.449687520662943,10.362767442067465,0.0016866059592028193,1.9535610913136594,20563
gamd_cumulant3,14,16,11.449687520662943,10.85924310684204,0.0015272700315727165,2.012721962211361,21671
gamd_cumulant3,14,17,11.449687520662943,11.355718771616619,0.0022525571106573015,1.7810630995759262,18973
gamd_cumulant3,14,18,11.449687520662943,11.852194436391194,0.005274223240657958,1.2738697409676831,12879
gamd_cumulant3,14,19,11.449687520662943,12.348670101165773,0.005202316922904227,1.282053441836985,8765
gamd_cumulant3,14,20,11.449687520662943,12.845145765940348,0.0015755393231784614,1.9941719315953068,8876
gamd_cumulant3,14,21,11.449687520662943,13.341621430714927,0.0017120863191196157,1.9446219539705183,14889
gamd_cumulant3,14,22,11.449687520662943,13.838097095489502,0.0016337780285444806,1.9725327672115265,12115
gamd_cumulant3,14,23,11.449687520662943,14.334572760264079,0.0010338477981836794,2.245340682941914,4367
gamd_cumulant3,14,24,11.449687520662943,14.831048425038656,6.772625767816039e-05,3.8702193139457255,1935
gamd_cumulant3,14,25,11.449687520662943,15.327524089813231,0.0009868085060604757,2.2731020313549046,536
gamd_cumulant3,14,26,11.449687520662943,15.82399975458781,2.1851831405548287e-06,5.917302597102291,156
gamd_cumulant3,14,27,11.449687520662943,16.32047541936239,0.0,,0
gamd_cumulant3,14,28,11.449687520662943,16.81695108413696,0.0,,0
gamd_cumulant3,14,29,11.449687520662943,17.31342674891154,0.0,,0
gamd_cumulant3,15,0,12.055984457333881,2.915632470448812,0.0,,0
gamd_cumulant3,15,1,12.055984457333881,3.412108135223389,0.0,,0
gamd_cumulant3,15,2,12.055984457333881,3.908583799997966,0.0,,0
gamd_cumulant3,15,3,12.055984457333881,4.405059464772543,0.0,,0
gamd_cumulant3,15,4,12.055984457333881,4.90153512954712,0.0,,0
gamd_cumulant3,15,5,12.055984457333881,5.398010794321696,0.0,,0
gamd_cumulant3,15,6,12.055984457333881,5.894486459096273,0.0,,0
gamd_cumulant3,15,7,12.055984457333881,6.39096212387085,4.7931929645663554e-11,12.31257997449891,11
gamd_cumulant3,15,8,12.055984457333881,6.8874377886454266,1.800221059136921e-06,6.032832794955786,816
gamd_cumulant3,15,9,12.055984457333881,7.3839134534200035,0.00015204629070574558,3.388097094955406,5005
gamd_cumulant3,15,10,12.055984457333881,7.88038911819458,0.001073065791733833,2.223144281466031,10438
gamd_cumulant3,15,11,12.055984457333881,8.376864782969157,0.0024170710709065573,1.7390394279952655,22675
gamd_cumulant3,15,12,12.055984457333881,8.873340447743733,0.0031079682043102974,1.589156913768854,39068
gamd_cumulant3,15,13,12.055984457333881,9.369816112518311,0.0031726680183735787,1.576873798829722,51375
gamd_cumulant3,15,14,12.055984457333881,9.866291777292886,0.002221085978096638,1.7894509748395402,44058
gamd_cumulant3,15,15,12.055984457333881,10.362767442067465,0.0021992848068282185,1.7953315310787605,28584
gamd_cumulant3,15,16,12.055984457333881,10.85924310684204,0.0014855834255954087,2.0292202929231244,22067
gamd_cumulant3,15,17,12.055984457333881,11.355718771616619,0.0019189270983036226,1.8766276555797545,20535
gamd_cumulant3,15,18,12.055984457333881,11.852194436391194,0.00621446786027538,1.1760702679894108,15441
gamd_cumulant3,15,19,12.055984457333881,12.348670101165773,0.007832893829997321,1.0380875928945916,11468
gamd_cumulant3,15,20,12.055984457333881,12.845145765940348,0.004249304266565674,1.4026859734239476,11393
gamd_cumulant3,15,21,12.055984457333881,13.341621430714927,0.005006886179026886,1.3048803902255117,22691
gamd_cumulant3,15,22,12.055984457333881,13.838097095489502,0.003088908221403177,1.5928241999342827,22167
gamd_cumulant3,15,23,12.055984457333881,14.334572760264079,0.0005943737705505224,2.575336507099029,8481
gamd_cumulant3,15,24,12.055984457333881,14.831048425038656,0.0002251763866245058,3.153985147248808,3425
gamd_cumulant3,15,25,12.055984457333881,15.327524089813231,0.00016865911549386522,3.326278394974843,1167
gamd_cumulant3,15,26,12.055984457333881,15.82399975458781,5.94456143728722e-05,3.9479659627222943,262
gamd_cumulant3,15,27,12.055984457333881,16.32047541936239,4.804282502187396e-10,10.938490217264325,18
gamd_cumulant3,15,28,12.055984457333881,16.81695108413696,0.0,,0
gamd_cumulant3,15,29,12.055984457333881,17.31342674891154,0.0,,0
gamd_cumulant3,16,0,12.662281394004822,2.915632470448812,0.0,,0
gamd_cumulant3,16,1,12.662281394004822,3.412108135223389,0.0,,0
gamd_cumulant3,16,2,12.662281394004822,3.908583799997966,0.0,,0
gamd_cumulant3,16,3,12.662281394004822,4.405059464772543,0.0,,0
gamd_cumulant3,16,4,12.662281394004822,4.90153512954712,0.0,,0
gamd_cumulant3,16,5,12.662281394004822,5.398010794321696,0.0,,0
gamd_cumulant3,16,6,12.662281394004822,5.894486459096273,0.0,,0
gamd_cumulant3,16,7,12.662281394004822,6.39096212387085,0.0,,0
gamd_cumulant3,16,8,12.662281394004822,6.8874377886454266,0.0,,0
gamd_cumulant3,16,9,12.662281394004822,7.3839134534200035,7.289757929646823e-05,3.8263528881084494,342
gamd_cumulant3,16,10,12.662281394004822,7.88038911819458,0.0001689254010360451,3.325337894719756,3442
gamd_cumulant3,16,11,12.662281394004822,8.376864782969157,0.000658941602631023,2.513856450924498,10674
gamd_cumulant3,16,12,12.662281394004822,8.873340447743733,0.0021051694482371857,1.8214053944279422,26046
gamd_cumulant3,16,13,12.662281394004822,9.369816112518311,0.005910422904071146,1.2059753351951108,36494
gamd_cumulant3,16,14,12.662281394004822,9.866291777292886,0.006704914309444691,1.1307854775318016,37941
gamd_cumulant3,16,15,12.662281394004822,10.362767442067465,0.0038683112545493423,1.4586877089445478,32887
gamd_cumulant3,16,16,12.662281394004822,10.85924310684204,0.0030577695064169384,1.5988644889287822,26874
gamd_cumulant3,16,17,12.662281394004822,11.355718771616619,0.0026168587422801303,1.6916934086413304,25436
gamd_cumulant3,16,18,12.662281394004822,11.852194436391194,0.002165668736957973,1.8045142154685472,19014
gamd_cumulant3,16,19,12.662281394004822,12.348670101165773,0.004094607356374002,1.424794279666409,13300
gamd_cumulant3,16,20,12.662281394004822,12.845145765940348,0.0056202184748601535,1.23599017674946,12593
gamd_cumulant3,16,21,12.662281394004822,13.341621430714927,0.006983131442564567,1.1065475211437072,24105
gamd_cumulant3,16,22,12.662281394004822,13.838097095489502,0.007899262590989699,1.0330575488226992,32124
gamd_cumulant3,16,23,12.662281394004822,14.334572760264079,0.0018879289087579247,1.8863366273378062,15423
gamd_cumulant3,16,24,12.662281394004822,14.831048425038656,0.0005466747569672276,2.6252079814060116,6000
gamd_cumulant3,16,25,12.662281394004822,15.327524089813231,0.0007873430283675786,2.407722391448855,1981
gamd_cumulant3,16,26,12.662281394004822,15.82399975458781,0.0017570110167543424,1.929180552450842,538
gamd_cumulant3,16,27,12.662281394004822,16.32047541936239,1.0647584299405003e-08,9.091337899810796,22
gamd_cumulant3,16,28,12.662281394004822,16.81695108413696,0.0,,0
gamd_cumulant3,16,29,12.662281394004822,17.31342674891154,0.0,,0
gamd_cumulant3,17,0,13.26857833067576,2.915632470448812,0.0,,0
gamd_cumulant3,17,1,13.26857833067576,3.412108135223389,0.0,,0
gamd_cumulant3,17,2,13.26857833067576,3.908583799997966,0.0,,0
gamd_cumulant3,17,3,13.26857833067576,4.405059464772543,0.0,,0
gamd_cumulant3,17,4,13.26857833067576,4.90153512954712,0.0,,0
gamd_cumulant3,17,5,13.26857833067576,5.398010794321696,0.0,,0
gamd_cumulant3,17,6,13.26857833067576,5.894486459096273,0.0,,0
gamd_cumulant3,17,7,13.26857833067576,6.39096212387085,0.0,,0
gamd_cumulant3,17,8,13.26857833067576,6.8874377886454266,0.0,,0
gamd_cumulant3,17,9,13.26857833067576,7.3839134534200035,0.0,,0
gamd_cumulant3,17,10,13.26857833067576,7.88038911819458,5.501492016211354e-08,8.112279293348813,129
gamd_cumulant3,17,11,13.26857833067576,8.376864782969157,0.0001318201918899844,3.473196856257896,2886
gamd_cumulant3,17,12,13.26857833067576,8.873340447743733,0.000858891789157261,2.35586892783513,11510
gamd_cumulant3,17,13,13.26857833067576,9.369816112518311,0.0026550132362945134,1.6830639771421763,24183
gamd_cumulant3,17,14,13.26857833067576,9.866291777292886,0.004160988285050133,1.4152069418521083,32080
gamd_cumulant3,17,15,13.26857833067576,10.362767442067465,0.005019959182083946,1.30332583895043,30505
gamd_cumulant3,17,16,13.26857833067576,10.85924310684204,0.004972024223228607,1.3090458615694511,27410
gamd_cumulant3,17,17,13.26857833067576,11.355718771616619,0.003437274209816358,1.5291177653249775,26973
gamd_cumulant3,17,18,13.26857833067576,11.852194436391194,0.003138101269192477,1.5834047184393851,23177
gamd_cumulant3,17,19,13.26857833067576,12.348670101165773,0.002712543650467755,1.6702839659073652,16843
gamd_cumulant3,17,20,13.26857833067576,12.845145765940348,0.0028710787251314098,1.6364214029235469,13892
gamd_cumulant3,17,21,13.26857833067576,13.341621430714927,0.004596266542381074,1.3558938201262465,17749
gamd_cumulant3,17,22,13.26857833067576,13.838097095489502,0.005884703868735958,1.2085751745285895,28583
gamd_cumulant3,17,23,13.26857833067576,14.334572760264079,0.0025151198088128354,1.7153337101615524,18589
gamd_cumulant3,17,24,13.26857833067576,14.831048425038656,0.000480096805890397,2.7026292221687798,9196
gamd_cumulant3,17,25,13.26857833067576,15.327524089813231,0.000795098737589703,2.4018786496571614,3448
gamd_cumulant3,17,26,13.26857833067576,15.82399975458781,0.00016594533857306322,3.3359488232744927,1117
gamd_cumulant3,17,27,13.26857833067576,16.32047541936239,2.747064962293644e-07,7.1535930480200065,162
gamd_cumulant3,17,28,13.26857833067576,16.81695108413696,1.9646219586534926e-08,8.726158181121631,21
gamd_cumulant3,17,29,13.26857833067576,17.31342674891154,0.0,,0
gamd_cumulant3,18,0,13.874875267346699,2.915632470448812,0.0,,0
gamd_cumulant3,18,1,13.874875267346699,3.412108135223389,0.0,,0
gamd_cumulant3,18,2,13.874875267346699,3.908583799997966,0.0,,0
gamd_cumulant3,18,3,13.874875267346699,4.405059464772543,0.0,,0
gamd_cumulant3,18,4,13.874875267346699,4.90153512954712,0.0,,0
gamd_cumulant3,18,5,13.874875267346699,5.398010794321696,0.0,,0
gamd_cumulant3,18,6,13.874875267346699,5.894486459096273,0.0,,0
gamd_cumulant3,18,7,13.874875267346699,6.39096212387085,0.0,,0
gamd_cumulant3,18,8,13.874875267346699,6.8874377886454266,0.0,,0
gamd_cumulant3,18,9,13.874875267346699,7.3839134534200035,0.0,,0
gamd_cumulant3,18,10,13.874875267346699,7.88038911819458,0.0,,0
gamd_cumulant3,18,11,13.874875267346699,8.376864782969157,2.5410460370163167e-05,4.454643990292897,71
gamd_cumulant3,18,12,13.874875267346699,8.873340447743733,0.00023907556205178768,3.1182776946050903,2478
gamd_cumulant3,18,13,13.874875267346699,9.369816112518311,0.0025202398011905233,1.7141213469996375,11583
gamd_cumulant3,18,14,13.874875267346699,9.866291777292886,0.0017140576436014928,1.943935918903608,22035
gamd_cumulant3,18,15,13.874875267346699,10.362767442067465,0.0039023977146829822,1.4534575148810212,26586
gamd_cumulant3,18,16,13.874875267346699,10.85924310684204,0.006161411920028018,1.18118183847296,26041
gamd_cumulant3,18,17,13.874875267346699,11.355718771616619,0.0064599778048314025,1.1529715327658856,24967
gamd_cumulant3,18,18,13.874875267346699,11.852194436391194,0.005591801486021715,1.2390121379492478,24890
gamd_cumulant3,18,19,13.874875267346699,12.348670101165773,0.003507189204603759,1.5171133760866176,21055
gamd_cumulant3,18,20,13.874875267346699,12.845145765940348,0.004354622796094421,1.3880903207989297,16965
gamd_cumulant3,18,21,13.874875267346699,13.341621430714927,0.002542755384008315,1.7088189492627448,14623
gamd_cumulant3,18,22,13.874875267346699,13.838097095489502,0.0033093754900752367,1.5517237708550695,18559
gamd_cumulant3,18,23,13.874875267346699,14.334572760264079,0.004295767152521821,1.396202786782704,19333
gamd_cumulant3,18,24,13.874875267346699,14.831048425038656,0.003632908554002044,1.496117373714657,10450
gamd_cumulant3,18,25,13.874875267346699,15.327524089813231,0.0019915482140796226,1.85448258533417,5104
gamd_cumulant3,18,26,13.874875267346699,15.82399975458781,0.0002691582900938326,3.04762066930059,2053
gamd_cumulant3,18,27,13.874875267346699,16.32047541936239,1.4247540937361103e-06,6.172281019473191,349
gamd_cumulant3,18,28,13.874875267346699,16.81695108413696,4.4269240622503674e-07,6.869121611658597,48
gamd_cumulant3,18,29,13.874875267346699,17.31342674891154,0.0,,0
gamd_cumulant3,19,0,14.48117220401764,2.915632470448812,0.0,,0
gamd_cumulant3,19,1,14.48117220401764,3.412108135223389,0.0,,0
gamd_cumulant3,19,2,14.48117220401764,3.908583799997966,0.0,,0
gamd_cumulant3,19,3,14.48117220401764,4.405059464772543,0.0,,0
gamd_cumulant3,19,4,14.48117220401764,4.90153512954712,0.0,,0
gamd_cumulant3,19,5,14.48117220401764,5.398010794321696,0.0,,0
gamd_cumulant3,19,6,14.48117220401764,5.894486459096273,0.0,,0
gamd_cumulant3,19,7,14.48117220401764,6.39096212387085,0.0,,0
gamd_cumulant3,19,8,14.48117220401764,6.8874377886454266,0.0,,0
gamd_cumulant3,19,9,14.48117220401764,7.3839134534200035,0.0,,0
gamd_cumulant3,19,10,14.48117220401764,7.88038911819458,0.0,,0
gamd_cumulant3,19,11,14.48117220401764,8.376864782969157,0.0,,0
gamd_cumulant3,19,12,14.48117220401764,8.873340447743733,4.769967756575547e-09,9.570051527586832,18
gamd_cumulant3,19,13,14.48117220401764,9.369816112518311,0.00014922355049878672,3.399268858095659,1247
gamd_cumulant3,19,14,14.48117220401764,9.866291777292886,0.0015040954639851892,2.0218373585595093,8024
gamd_cumulant3,19,15,14.48117220401764,10.362767442067465,0.0021166674521237833,1.8181581436239926,18019
gamd_cumulant3,19,16,14.48117220401764,10.85924310684204,0.00610448737009384,1.1867153024697181,21747
gamd_cumulant3,19,17,14.48117220401764,11.355718771616619,0.009063563233188139,0.9510895919615732,23410
gamd_cumulant3,19,18,14.48117220401764,11.852194436391194,0.007997433768727595,1.0256941825673445,25660
gamd_cumulant3,19,19,14.48117220401764,12.348670101165773,0.005279764287985308,1.2732437485362111,24412
gamd_cumulant3,19,20,14.48117220401764,12.845145765940348,0.004407020834104869,1.3809596829834998,22363
gamd_cumulant3,19,21,14.48117220401764,13.341621430714927,0.0019768153844292005,1.8589091872230643,19171
gamd_cumulant3,19,22,14.48117220401764,13.838097095489502,0.0027034344110275074,1.672289358426207,18884
gamd_cumulant3,19,23,14.48117220401764,14.334572760264079,0.0030722224076670753,1.596053302173332,20707
gamd_cumulant3,19,24,14.48117220401764,14.831048425038656,0.002120422683043624,1.817101416588423,13056
gamd_cumulant3,19,25,14.48117220401764,15.327524089813231,0.0023359441780862237,1.7593925752590018,7747
gamd_cumulant3,19,26,14.48117220401764,15.82399975458781,0.0014807931771468564,2.0311457147423186,3623
gamd_cumulant3,19,27,14.48117220401764,16.32047541936239,9.7648525216703e-06,5.024795617791197,895
gamd_cumulant3,19,28,14.48117220401764,16.81695108413696,1.2876679856294672e-05,4.859880447115868,140
gamd_cumulant3,19,29,14.48117220401764,17.31342674891154,0.0,,0
gamd_cumulant3,20,0,15.087469140688578,2.915632470448812,0.0,,0
gamd_cumulant3,20,1,15.087469140688578,3.412108135223389,0.0,,0
gamd_cumulant3,20,2,15.087469140688578,3.908583799997966,0.0,,0
gamd_cumulant3,20,3,15.087469140688578,4.405059464772543,0.0,,0
gamd_cumulant3,20,4,15.087469140688578,4.90153512954712,0.0,,0
gamd_cumulant3,20,5,15.087469140688578,5.398010794321696,0.0,,0
gamd_cumulant3,20,6,15.087469140688578,5.894486459096273,0.0,,0
gamd_cumulant3,20,7,15.087469140688578,6.39096212387085,0.0,,0
gamd_cumulant3,20,8,15.087469140688578,6.8874377886454266,0.0,,0
gamd_cumulant3,20,9,15.087469140688578,7.3839134534200035,0.0,,0
gamd_cumulant3,20,10,15.087469140688578,7.88038911819458,0.0,,0
gamd_cumulant3,20,11,15.087469140688578,8.376864782969157,0.0,,0
gamd_cumulant3,20,12,15.087469140688578,8.873340447743733,0.0,,0
gamd_cumulant3,20,13,15.087469140688578,9.369816112518311,0.0,,0
gamd_cumulant3,20,14,15.087469140688578,9.866291777292886,9.75604699164491e-06,5.0253334532922995,782
gamd_cumulant3,20,15,15.087469140688578,10.362767442067465,0.0007575106002432778,2.4307500095339845,5324
gamd_cumulant3,20,16,15.087469140688578,10.85924310684204,0.002208909870890651,1.7927281525863932,11630
gamd_cumulant3,20,17,15.087469140688578,11.355718771616619,0.007584152153361294,1.057326430886914,17467
gamd_cumulant3,20,18,15.087469140688578,11.852194436391194,0.010780184321185451,0.8476870111910824,24888
gamd_cumulant3,20,19,15.087469140688578,12.348670101165773,0.011982134396060018,0.7846685455213964,28526
gamd_cumulant3,20,20,15.087469140688578,12.845145765940348,0.008650509552382056,0.9788970033267308,27075
gamd_cumulant3,20,21,15.087469140688578,13.341621430714927,0.005757619232739,1.2215907810622406,24175
gamd_cumulant3,20,22,15.087469140688578,13.838097095489502,0.004357591757332905,1.3876839993561503,24231
gamd_cumulant3,20,23,15.087469140688578,14.334572760264079,0.004729786501421641,1.338822317693607,22489
gamd_cumulant3,20,24,15.087469140688578,14.831048425038656,0.0031514094250037045,1.580881845231311,17007
gamd_cumulant3,20,25,15.087469140688578,15.327524089813231,0.0024258791108184483,1.7368709076018325,10093
gamd_cumulant3,20,26,15.087469140688578,15.82399975458781,0.0011722830235047928,2.1704237293277644,4813
gamd_cumulant3,20,27,15.087469140688578,16.32047541936239,0.0006742326633034251,2.500180312291642,1563
gamd_cumulant3,20,28,15.087469140688578,16.81695108413696,3.7778187005433586e-06,5.59093581219882,261
gamd_cumulant3,20,29,15.087469140688578,17.31342674891154,1.9765329428791572e-07,7.349842654289937,9
gamd_cumulant3,21,0,15.693766077359516,2.915632470448812,0.0,,0
gamd_cumulant3,21,1,15.693766077359516,3.412108135223389,0.0,,0
gamd_cumulant3,21,2,15.693766077359516,3.908583799997966,0.0,,0
gamd_cumulant3,21,3,15.693766077359516,4.405059464772543,0.0,,0
gamd_cumulant3,21,4,15.693766077359516,4.90153512954712,0.0,,0
gamd_cumulant3,21,5,15.693766077359516,5.398010794321696,0.0,,0
gamd_cumulant3,21,6,15.693766077359516,5.894486459096273,0.0,,0
gamd_cumulant3,21,7,15.693766077359516,6.39096212387085,0.0,,0
gamd_cumulant3,21,8,15.693766077359516,6.8874377886454266,0.0,,0
gamd_cumulant3,21,9,15.693766077359516,7.3839134534200035,0.0,,0
gamd_cumulant3,21,10,15.693766077359516,7.88038911819458,0.0,,0
gamd_cumulant3,21,11,15.693766077359516,8.376864782969157,0.0,,0
gamd_cumulant3,21,12,15.693766077359516,8.873340447743733,0.0,,0
gamd_cumulant3,21,13,15.693766077359516,9.369816112518311,0.0,,0
gamd_cumulant3,21,14,15.693766077359516,9.866291777292886,0.0,,0
gamd_cumulant3,21,15,15.693766077359516,10.362767442067465,4.8348581271504656e-06,5.44385984071001,238
gamd_cumulant3,21,16,15.693766077359516,10.85924310684204,0.0009770187442576024,2.2790458588973572,3209
gamd_cumulant3,21,17,15.693766077359516,11.355718771616619,0.0026755979728897436,1.6784596706618404,9360
gamd_cumulant3,21,18,15.693766077359516,11.852194436391194,0.007615583778569366,1.05486081640063,19073
gamd_cumulant3,21,19,15.693766077359516,12.348670101165773,0.017683515385286435,0.5526329593910169,28978
gamd_cumulant3,21,20,15.693766077359516,12.845145765940348,0.012193076534993947,0.7742646051356497,31030
gamd_cumulant3,21,21,15.693766077359516,13.341621430714927,0.006971073445336903,1.1075778217418986,27473
gamd_cumulant3,21,22,15.693766077359516,13.838097095489502,0.004246174928942199,1.4031251693673599,23800
gamd_cumulant3,21,23,15.693766077359516,14.334572760264079,0.0048056868313039805,1.32933148452403,21302
gamd_cumulant3,21,24,15.693766077359516,14.831048425038656,0.004074139542411688,1.4277817987579358,18352
gamd_cumulant3,21,25,15.693766077359516,15.327524089813231,0.0035807611978168194,1.5047367802326836,13323
gamd_cumulant3,21,26,15.693766077359516,15.82399975458781,0.0016085513412773596,1.9818097257628735,6501
gamd_cumulant3,21,27,15.693766077359516,16.32047541936239,0.0007665777335877873,2.423656539355846,2217
gamd_cumulant3,21,28,15.693766077359516,16.81695108413696,3.641093811204048e-06,5.612911894110777,477
gamd_cumulant3,21,29,15.693766077359516,17.31342674891154,6.628428707636847e-06,5.25576142311504,78
gamd_cumulant3,22,0,16.300063014030457,2.915632470448812,0.0,,0
gamd_cumulant3,22,1,16.300063014030457,3.412108135223389,0.0,,0
gamd_cumulant3,22,2,16.300063014030457,3.908583799997966,0.0,,0
gamd_cumulant3,22,3,16.300063014030457,4.405059464772543,0.0,,0
gamd_cumulant3,22,4,16.300063014030457,4.90153512954712,0.0,,0
gamd_cumulant3,22,5,16.300063014030457,5.398010794321696,0.0,,0
gamd_cumulant3,22,6,16.300063014030457,5.894486459096273,0.0,,0
gamd_cumulant3,22,7,16.300063014030457,6.39096212387085,0.0,,0
gamd_cumulant3,22,8,16.300063014030457,6.8874377886454266,0.0,,0
gamd_cumulant3,22,9,16.300063014030457,7.3839134534200035,0.0,,0
gamd_cumulant3,22,10,16.300063014030457,7.88038911819458,0.0,,0
gamd_cumulant3,22,11,16.300063014030457,8.376864782969157,0.0,,0
gamd_cumulant3,22,12,16.300063014030457,8.873340447743733,0.0,,0
gamd_cumulant3,22,13,16.300063014030457,9.369816112518311,0.0,,0
gamd_cumulant3,22,14,16.300063014030457,9.866291777292886,0.0,,0
gamd_cumulant3,22,15,16.300063014030457,10.362767442067465,0.0,,0
gamd_cumulant3,22,16,16.300063014030457,10.85924310684204,1.9490213589848482e-07,7.3581989822254545,123
gamd_cumulant3,22,17,16.300063014030457,11.355718771616619,0.0019705777695848965,1.8607932800330502,3478
gamd_cumulant3,22,18,16.300063014030457,11.852194436391194,0.0030345743946921743,1.6034039878402342,12378
gamd_cumulant3,22,19,16.300063014030457,12.348670101165773,0.006049582892306811,1.1921015057035174,22329
gamd_cumulant3,22,20,16.300063014030457,12.845145765940348,0.02367265506588246,0.37874003804297107,32402
gamd_cumulant3,22,21,16.300063014030457,13.341621430714927,0.016970223028033624,0.5771784989009534,33039
gamd_cumulant3,22,22,16.300063014030457,13.838097095489502,0.012389596102457398,0.7647326999609669,29461
gamd_cumulant3,22,23,16.300063014030457,14.334572760264079,0.006660093727681705,1.1347840378592529,24867
gamd_cumulant3,22,24,16.300063014030457,14.831048425038656,0.004245222780745499,1.4032588655872726,21065
gamd_cumulant3,22,25,16.300063014030457,15.327524089813231,0.0027043387200411727,1.672089973574482,15749
gamd_cumulant3,22,26,16.300063014030457,15.82399975458781,0.0017379759708662963,1.9356744647446988,6966
gamd_cumulant3,22,27,16.300063014030457,16.32047541936239,0.0001759300073455407,3.301116442123653,2276
gamd_cumulant3,22,28,16.300063014030457,16.81695108413696,1.617220804405409e-05,4.7240294186843474,502
gamd_cumulant3,22,29,16.300063014030457,17.31342674891154,1.0785402343705019e-07,7.710958870112842,28
gamd_cumulant3,23,0,16.906359950701393,2.915632470448812,0.0,,0
gamd_cumulant3,23,1,16.906359950701393,3.412108135223389,0.0,,0
gamd_cumulant3,23,2,16.906359950701393,3.908583799997966,0.0,,0
gamd_cumulant3,23,3,16.906359950701393,4.405059464772543,0.0,,0
gamd_cumulant3,23,4,16.906359950701393,4.90153512954712,0.0,,0
gamd_cumulant3,23,5,16.906359950701393,5.398010794321696,0.0,,0
gamd_cumulant3,23,6,16.906359950701393,5.894486459096273,0.0,,0
gamd_cumulant3,23,7,16.906359950701393,6.39096212387085,0.0,,0
gamd_cumulant3,23,8,16.906359950701393,6.8874377886454266,0.0,,0
gamd_cumulant3,23,9,16.906359950701393,7.3839134534200035,0.0,,0
gamd_cumulant3,23,10,16.906359950701393,7.88038911819458,0.0,,0
gamd_cumulant3,23,11,16.906359950701393,8.376864782969157,0.0,,0
gamd_cumulant3,23,12,16.906359950701393,8.873340447743733,0.0,,0
gamd_cumulant3,23,13,16.906359950701393,9.369816112518311,0.0,,0
gamd_cumulant3,23,14,16.906359950701393,9.866291777292886,0.0,,0
gamd_cumulant3,23,15,16.906359950701393,10.362767442067465,0.0,,0
gamd_cumulant3,23,16,16.906359950701393,10.85924310684204,0.0,,0
gamd_cumulant3,23,17,16.906359950701393,11.355718771616619,2.4881315053295414e-07,7.212613626141708,69
gamd_cumulant3,23,18,16.906359950701393,11.852194436391194,0.0006942440195286827,2.482743630612618,4011
gamd_cumulant3,23,19,16.906359950701393,12.348670101165773,0.0030918011992669575,1.5922661146441057,15587
gamd_cumulant3,23,20,16.906359950701393,12.845145765940348,0.00896446502414017,0.9576437318948985,24766
gamd_cumulant3,23,21,16.906359950701393,13.341621430714927,0.012865326025864912,0.7422701233635771,33350
gamd_cumulant3,23,22,16.906359950701393,13.838097095489502,0.014190911385334088,0.6838070138947163,37843
gamd_cumulant3,23,23,16.906359950701393,14.334572760264079,0.012252914339338127,0.7713460854229703,34699
gamd_cumulant3,23,24,16.906359950701393,14.831048425038656,0.008763651588811929,0.971150221893061,27221
gamd_cumulant3,23,25,16.906359950701393,15.327524089813231,0.0037986647979192235,1.4695190099433328,18116
gamd_cumulant3,23,26,16.906359950701393,15.82399975458781,0.00533259405915512,1.2673081547656784,8017
gamd_cumulant3,23,27,16.906359950701393,16.32047541936239,0.000571689829558922,2.5985342015104105,2316
gamd_cumulant3,23,28,16.906359950701393,16.81695108413696,0.004581340845624915,1.3578329159964069,502
gamd_cumulant3,23,29,16.906359950701393,17.31342674891154,0.0001689960663398873,3.3250885591640054,83
gamd_cumulant3,24,0,17.512656887372334,2.915632470448812,0.0,,0
gamd_cumulant3,24,1,17.512656887372334,3.412108135223389,0.0,,0
gamd_cumulant3,24,2,17.512656887372334,3.908583799997966,0.0,,0
gamd_cumulant3,24,3,17.512656887372334,4.405059464772543,0.0,,0
gamd_cumulant3,24,4,17.512656887372334,4.90153512954712,0.0,,0
gamd_cumulant3,24,5,17.512656887372334,5.398010794321696,0.0,,0
gamd_cumulant3,24,6,17.512656887372334,5.894486459096273,0.0,,0
gamd_cumulant3,24,7,17.512656887372334,6.39096212387085,0.0,,0
gamd_cumulant3,24,8,17.512656887372334,6.8874377886454266,0.0,,0
gamd_cumulant3,24,9,17.512656887372334,7.3839134534200035,0.0,,0
gamd_cumulant3,24,10,17.512656887372334,7.88038911819458,0.0,,0
gamd_cumulant3,24,11,17.512656887372334,8.376864782969157,0.0,,0
gamd_cumulant3,24,12,17.512656887372334,8.873340447743733,0.0,,0
gamd_cumulant3,24,13,17.512656887372334,9.369816112518311,0.0,,0
gamd_cumulant3,24,14,17.512656887372334,9.866291777292886,0.0,,0
gamd_cumulant3,24,15,17.512656887372334,10.362767442067465,0.0,,0
gamd_cumulant3,24,16,17.512656887372334,10.85924310684204,0.0,,0
gamd_cumulant3,24,17,17.512656887372334,11.355718771616619,0.0,,0
gamd_cumulant3,24,18,17.512656887372334,11.852194436391194,4.060470197062079e-09,9.666057796543301,11
gamd_cumulant3,24,19,17.512656887372334,12.348670101165773,0.0008476739090500106,2.3637066126882673,3029
gamd_cumulant3,24,20,17.512656887372334,12.845145765940348,0.0038340270625958684,1.4639949395073266,14571
gamd_cumulant3,24,21,17.512656887372334,13.341621430714927,0.006114720723077798,1.1857167549093934,24292
gamd_cumulant3,24,22,17.512656887372334,13.838097095489502,0.020875773906407824,0.45369613704471323,35775
gamd_cumulant3,24,23,17.512656887372334,14.334572760264079,0.022800463568926857,0.4011197652371057,46371
gamd_cumulant3,24,24,17.512656887372334,14.831048425038656,0.023915062721093682,0.3726663991245145,39748
gamd_cumulant3,24,25,17.512656887372334,15.327524089813231,0.0069248708185741395,1.1115421897584423,21718
gamd_cumulant3,24,26,17.512656887372334,15.82399975458781,0.003718107788246975,1.4822975815953878,9228
gamd_cumulant3,24,27,17.512656887372334,16.32047541936239,0.0006561864926105011,2.516354294774875,2242
gamd_cumulant3,24,28,17.512656887372334,16.81695108413696,0.0011297712595721475,2.1924447122775983,529
gamd_cumulant3,24,29,17.512656887372334,17.31342674891154,3.561065027163217e-08,8.37158540357307,71
gamd_cumulant3,25,0,18.118953824043274,2.915632470448812,0.0,,0
gamd_cumulant3,25,1,18.118953824043274,3.412108135223389,0.0,,0
gamd_cumulant3,25,2,18.118953824043274,3.908583799997966,0.0,,0
gamd_cumulant3,25,3,18.118953824043274,4.405059464772543,0.0,,0
gamd_cumulant3,25,4,18.118953824043274,4.90153512954712,0.0,,0
gamd_cumulant3,25,5,18.118953824043274,5.398010794321696,0.0,,0
gamd_cumulant3,25,6,18.118953824043274,5.894486459096273,0.0,,0
gamd_cumulant3,25,7,18.118953824043274,6.39096212387085,0.0,,0
gamd_cumulant3,25,8,18.118953824043274,6.8874377886454266,0.0,,0
gamd_cumulant3,25,9,18.118953824043274,7.3839134534200035,0.0,,0
gamd_cumulant3,25,10,18.118953824043274,7.88038911819458,0.0,,0
gamd_cumulant3,25,11,18.118953824043274,8.376864782969157,0.0,,0
gamd_cumulant3,25,12,18.118953824043274,8.873340447743733,0.0,,0
gamd_cumulant3,25,13,18.118953824043274,9.369816112518311,0.0,,0
gamd_cumulant3,25,14,18.118953824043274,9.866291777292886,0.0,,0
gamd_cumulant3,25,15,18.118953824043274,10.362767442067465,0.0,,0
gamd_cumulant3,25,16,18.118953824043274,10.85924310684204,0.0,,0
gamd_cumulant3,25,17,18.118953824043274,11.355718771616619,0.0,,0
gamd_cumulant3,25,18,18.118953824043274,11.852194436391194,0.0,,0
gamd_cumulant3,25,19,18.118953824043274,12.348670101165773,2.695414699147054e-12,14.028469130622415,11
gamd_cumulant3,25,20,18.118953824043274,12.845145765940348,5.618606572498352e-05,3.9815853244503816,1380
gamd_cumulant3,25,21,18.118953824043274,13.341621430714927,0.002567654896495874,1.7030095359958826,9785
gamd_cumulant3,25,22,18.118953824043274,13.838097095489502,0.015714538813396444,0.6230077405837431,21430
gamd_cumulant3,25,23,18.118953824043274,14.334572760264079,0.03951166344156191,0.07334132998278053,41256
gamd_cumulant3,25,24,18.118953824043274,14.831048425038656,0.034111711756068495,0.16095028609057405,48977
gamd_cumulant3,25,25,18.118953824043274,15.327524089813231,0.015518008723410541,0.6305105019774513,27633
gamd_cumulant3,25,26,18.118953824043274,15.82399975458781,0.0071255545550305615,1.0945109602647736,9867
gamd_cumulant3,25,27,18.118953824043274,16.32047541936239,0.0007237821591297672,2.457903408424499,1868
gamd_cumulant3,25,28,18.118953824043274,16.81695108413696,0.0002361385509543205,3.125646813216591,290
gamd_cumulant3,25,29,18.118953824043274,17.31342674891154,6.6755639539276165e-12,13.48780950312296,30
gamd_cumulant3,26,0,18.72525076071421,2.915632470448812,0.0,,0
gamd_cumulant3,26,1,18.72525076071421,3.412108135223389,0.0,,0
gamd_cumulant3,26,2,18.72525076071421,3.908583799997966,0.0,,0
gamd_cumulant3,26,3,18.72525076071421,4.405059464772543,0.0,,0
gamd_cumulant3,26,4,18.72525076071421,4.90153512954712,0.0,,0
gamd_cumulant3,26,5,18.72525076071421,5.398010794321696,0.0,,0
gamd_cumulant3,26,6,18.72525076071421,5.894486459096273,0.0,,0
gamd_cumulant3,26,7,18.72525076071421,6.39096212387085,0.0,,0
gamd_cumulant3,26,8,18.72525076071421,6.8874377886454266,0.0,,0
gamd_cumulant3,26,9,18.72525076071421,7.3839134534200035,0.0,,0
gamd_cumulant3,26,10,18.72525076071421,7.88038911819458,0.0,,0
gamd_cumulant3,26,11,18.72525076071421,8.376864782969157,0.0,,0
gamd_cumulant3,26,12,18.72525076071421,8.873340447743733,0.0,,0
gamd_cumulant3,26,13,18.72525076071421,9.369816112518311,0.0,,0
gamd_cumulant3,26,14,18.72525076071421,9.866291777292886,0.0,,0
gamd_cumulant3,26,15,18.72525076071421,10.362767442067465,0.0,,0
gamd_cumulant3,26,16,18.72525076071421,10.85924310684204,0.0,,0
gamd_cumulant3,26,17,18.72525076071421,11.355718771616619,0.0,,0
gamd_cumulant3,26,18,18.72525076071421,11.852194436391194,0.0,,0
gamd_cumulant3,26,19,18.72525076071421,12.348670101165773,0.0,,0
gamd_cumulant3,26,20,18.72525076071421,12.845145765940348,0.0,,0
gamd_cumulant3,26,21,18.72525076071421,13.341621430714927,0.0007019825806867856,2.476135136336605,401
gamd_cumulant3,26,22,18.72525076071421,13.838097095489502,0.001433547875660939,2.0504765250777393,5139
gamd_cumulant3,26,23,18.72525076071421,14.334572760264079,0.009257540600839402,0.9384652307066612,19316
gamd_cumulant3,26,24,18.72525076071421,14.831048425038656,0.04468413595044629,0.0,36278
gamd_cumulant3,26,25,18.72525076071421,15.327524089813231,0.023479830038311163,0.3836159403561834,27583
gamd_cumulant3,26,26,18.72525076071421,15.82399975458781,0.0036988011303277515,1.4854012755936044,9830
gamd_cumulant3,26,27,18.72525076071421,16.32047541936239,0.00037307614745860974,2.8529842053674863,2065
gamd_cumulant3,26,28,18.72525076071421,16.81695108413696,8.164746574041601e-07,6.50419896051384,263
gamd_cumulant3,26,29,18.72525076071421,17.31342674891154,1.308566796384212e-10,11.71384280104846,9
gamd_cumulant3,27,0,19.33154769738515,2.915632470448812,0.0,,0
gamd_cumulant3,27,1,19.33154769738515,3.412108135223389,0.0,,0
gamd_cumulant3,27,2,19.33154769738515,3.908583799997966,0.0,,0
gamd_cumulant3,27,3,19.33154769738515,4.405059464772543,0.0,,0
gamd_cumulant3,27,4,19.33154769738515,4.90153512954712,0.0,,0
gamd_cumulant3,27,5,19.33154769738515,5.398010794321696,0.0,,0
gamd_cumulant3,27,6,19.33154769738515,5.894486459096273,0.0,,0
gamd_cumulant3,27,7,19.33154769738515,6.39096212387085,0.0,,0
gamd_cumulant3,27,8,19.33154769738515,6.8874377886454266,0.0,,0
gamd_cumulant3,27,9,19.33154769738515,7.3839134534200035,0.0,,0
gamd_cumulant3,27,10,19.33154769738515,7.88038911819458,0.0,,0
gamd_cumulant3,27,11,19.33154769738515,8.376864782969157,0.0,,0
gamd_cumulant3,27,12,19.33154769738515,8.873340447743733,0.0,,0
gamd_cumulant3,27,13,19.33154769738515,9.369816112518311,0.0,,0
gamd_cumulant3,27,14,19.33154769738515,9.866291777292886,0.0,,0
gamd_cumulant3,27,15,19.33154769738515,10.362767442067465,0.0,,0
gamd_cumulant3,27,16,19.33154769738515,10.85924310684204,0.0,,0
gamd_cumulant3,27,17,19.33154769738515,11.355718771616619,0.0,,0
gamd_cumulant3,27,18,19.33154769738515,11.852194436391194,0.0,,0
gamd_cumulant3,27,19,19.33154769738515,12.348670101165773,0.0,,0
gamd_cumulant3,27,20,19.33154769738515,12.845145765940348,0.0,,0
gamd_cumulant3,27,21,19.33154769738515,13.341621430714927,0.0,,0
gamd_cumulant3,27,22,19.33154769738515,13.838097095489502,1.6885835220806895e-07,7.443710778760805,145
gamd_cumulant3,27,23,19.33154769738515,14.334572760264079,0.0011939448972435507,2.1595081865034698,2447
gamd_cumulant3,27,24,19.33154769738515,14.831048425038656,0.012721771603937344,0.7489596265484599,12360
gamd_cumulant3,27,25,19.33154769738515,15.327524089813231,0.0167423876433216,0.5852365341134766,16566
gamd_cumulant3,27,26,19.33154769738515,15.82399975458781,0.007283269406419924,1.0814596185643164,8315
gamd_cumulant3,27,27,19.33154769738515,16.32047541936239,0.0008169771649114065,2.3856959475346424,2073
gamd_cumulant3,27,28,19.33154769738515,16.81695108413696,9.608822703222383e-08,7.779822578280594,165
gamd_cumulant3,27,29,19.33154769738515,17.31342674891154,0.0,,0
gamd_cumulant3,28,0,19.93784463405609,2.915632470448812,0.0,,0
gamd_cumulant3,28,1,19.93784463405609,3.412108135223389,0.0,,0
gamd_cumulant3,28,2,19.93784463405609,3.908583799997966,0.0,,0
gamd_cumulant3,28,3,19.93784463405609,4.405059464772543,0.0,,0
gamd_cumulant3,28,4,19.93784463405609,4.90153512954712,0.0,,0
gamd_cumulant3,28,5,19.93784463405609,5.398010794321696,0.0,,0
gamd_cumulant3,28,6,19.93784463405609,5.894486459096273,0.0,,0
gamd_cumulant3,28,7,19.93784463405609,6.39096212387085,0.0,,0
gamd_cumulant3,28,8,19.93784463405609,6.8874377886454266,0.0,,0
gamd_cumulant3,28,9,19.93784463405609,7.3839134534200035,0.0,,0
gamd_cumulant3,28,10,19.93784463405609,7.88038911819458,0.0,,0
gamd_cumulant3,28,11,19.93784463405609,8.376864782969157,0.0,,0
gamd_cumulant3,28,12,19.93784463405609,8.873340447743733,0.0,,0
gamd_cumulant3,28,13,19.93784463405609,9.369816112518311,0.0,,0
gamd_cumulant3,28,14,19.93784463405609,9.866291777292886,0.0,,0
gamd_cumulant3,28,15,19.93784463405609,10.362767442067465,0.0,,0
gamd_cumulant3,28,16,19.93784463405609,10.85924310684204,0.0,,0
gamd_cumulant3,28,17,19.93784463405609,11.355718771616619,0.0,,0
gamd_cumulant3,28,18,19.93784463405609,11.852194436391194,0.0,,0
gamd_cumulant3,28,19,19.93784463405609,12.348670101165773,0.0,,0
gamd_cumulant3,28,20,19.93784463405609,12.845145765940348,0.0,,0
gamd_cumulant3,28,21,19.93784463405609,13.341621430714927,0.0,,0
gamd_cumulant3,28,22,19.93784463405609,13.838097095489502,0.0,,0
gamd_cumulant3,28,23,19.93784463405609,14.334572760264079,7.731082569201354e-10,10.654871740170519,11
gamd_cumulant3,28,24,19.93784463405609,14.831048425038656,0.0005413446625508258,2.6310490928057475,615
gamd_cumulant3,28,25,19.93784463405609,15.327524089813231,0.0013705808184686697,2.077254777182933,3059
gamd_cumulant3,28,26,19.93784463405609,15.82399975458781,0.0015911083897394735,1.98830973899147,3572
gamd_cumulant3,28,27,19.93784463405609,16.32047541936239,0.00022989507803685013,3.1416213664089985,1052
gamd_cumulant3,28,28,19.93784463405609,16.81695108413696,1.1669156869767545e-06,6.291295753625821,99
gamd_cumulant3,28,29,19.93784463405609,17.31342674891154,2.816654950477456e-08,8.511390989215291,9
gamd_cumulant3,29,0,20.544141570727028,2.915632470448812,0.0,,0
gamd_cumulant3,29,1,20.544141570727028,3.412108135223389,0.0,,0
gamd_cumulant3,29,2,20.544141570727028,3.908583799997966,0.0,,0
gamd_cumulant3,29,3,20.544141570727028,4.405059464772543,0.0,,0
gamd_cumulant3,29,4,20.544141570727028,4.90153512954712,0.0,,0
gamd_cumulant3,29,5,20.544141570727028,5.398010794321696,0.0,,0
gamd_cumulant3,29,6,20.544141570727028,5.894486459096273,0.0,,0
gamd_cumulant3,29,7,20.544141570727028,6.39096212387085,0.0,,0
gamd_cumulant3,29,8,20.544141570727028,6.8874377886454266,0.0,,0
gamd_cumulant3,29,9,20.544141570727028,7.3839134534200035,0.0,,0
gamd_cumulant3,29,10,20.544141570727028,7.88038911819458,0.0,,0
gamd_cumulant3,29,11,20.544141570727028,8.376864782969157,0.0,,0
gamd_cumulant3,29,12,20.544141570727028,8.873340447743733,0.0,,0
gamd_cumulant3,29,13,20.544141570727028,9.369816112518311,0.0,,0
gamd_cumulant3,29,14,20.544141570727028,9.866291777292886,0.0,,0
gamd_cumulant3,29,15,20.544141570727028,10.362767442067465,0.0,,0
gamd_cumulant3,29,16,20.544141570727028,10.85924310684204,0.0,,0
gamd_cumulant3,29,17,20.544141570727028,11.355718771616619,0.0,,0
gamd_cumulant3,29,18,20.544141570727028,11.852194436391194,0.0,,0
gamd_cumulant3,29,19,20.544141570727028,12.348670101165773,0.0,,0
gamd_cumulant3,29,20,20.544141570727028,12.845145765940348,0.0,,0
gamd_cumulant3,29,21,20.544141570727028,13.341621430714927,0.0,,0
gamd_cumulant3,29,22,20.544141570727028,13.838097095489502,0.0,,0
gamd_cumulant3,29,23,20.544141570727028,14.334572760264079,0.0,,0
gamd_cumulant3,29,24,20.544141570727028,14.831048425038656,0.0,,0
gamd_cumulant3,29,25,20.544141570727028,15.327524089813231,4.562511745926372e-07,6.851136443517731,49
gamd_cumulant3,29,26,20.544141570727028,15.82399975458781,1.4612714165964774e-05,4.78448150352709,221
gamd_cumulant3,29,27,20.544141570727028,16.32047541936239,4.048012871092935e-05,4.1770413186458875,367
gamd_cumulant3,29,28,20.544141570727028,16.81695108413696,2.440915834665213e-08,8.59674738296172,10
gamd_cumulant3,29,29,20.544141570727028,17.31342674891154,0.0,,0
