method,pca1_bin,pca2_bin,pca1_A,pca2_A,probability,pmf_kcal_mol,counts
umbrella_only,0,0,-14.465360911687215,-8.788402557373047,0.0,,0
umbrella_only,0,1,-14.465360911687215,-8.205251693725586,0.0,,0
umbrella_only,0,2,-14.465360911687215,-7.622100830078125,0.0,,0
umbrella_only,0,3,-14.465360911687215,-7.038949966430664,0.0,,0
umbrella_only,0,4,-14.465360911687215,-6.455799102783203,0.0,,0
umbrella_only,0,5,-14.465360911687215,-5.872648239135742,0.0,,0
umbrella_only,0,6,-14.465360911687215,-5.289497375488281,0.0,,0
umbrella_only,0,7,-14.465360911687215,-4.70634651184082,0.0,,0
umbrella_only,0,8,-14.465360911687215,-4.123195648193359,0.0,,0
umbrella_only,0,9,-14.465360911687215,-3.5400447845458984,0.0,,0
umbrella_only,0,10,-14.465360911687215,-2.9568939208984375,0.0,,0
umbrella_only,0,11,-14.465360911687215,-2.3737430572509766,0.0,,0
umbrella_only,0,12,-14.465360911687215,-1.7905921936035156,0.0,,0
umbrella_only,0,13,-14.465360911687215,-1.2074413299560547,0.0,,0
umbrella_only,0,14,-14.465360911687215,-0.6242904663085938,0.0,,0
umbrella_only,0,15,-14.465360911687215,-0.04113960266113281,0.0,,0
umbrella_only,0,16,-14.465360911687215,0.5420112609863281,0.0,,0
umbrella_only,0,17,-14.465360911687215,1.125162124633789,0.0,,0
umbrella_only,0,18,-14.465360911687215,1.70831298828125,2.8198506622495867e-09,8.73580412518203,1
umbrella_only,0,19,-14.465360911687215,2.291463851928711,2.295254192949063e-07,6.113094017724968,2
umbrella_only,0,20,-14.465360911687215,2.874614715576172,0.0,,0
umbrella_only,0,21,-14.465360911687215,3.457765579223633,0.0001624611136733824,2.2009763044899056,4
umbrella_only,0,22,-14.465360911687215,4.040916442871094,0.0,,0
umbrella_only,0,23,-14.465360911687215,4.624067306518555,0.0,,0
umbrella_only,0,24,-14.465360911687215,5.207218170166016,8.16610068772577e-06,3.983765097841578,1
umbrella_only,0,25,-14.465360911687215,5.790369033813477,0.0,,0
umbrella_only,0,26,-14.465360911687215,6.3735198974609375,0.0,,0
umbrella_only,0,27,-14.465360911687215,6.956670761108398,0.0,,0
umbrella_only,0,28,-14.465360911687215,7.539821624755859,0.0,,0
umbrella_only,0,29,-14.465360911687215,8.12297248840332,0.0,,0
umbrella_only,1,0,-13.529784059524536,-8.788402557373047,0.0,,0
umbrella_only,1,1,-13.529784059524536,-8.205251693725586,0.0,,0
umbrella_only,1,2,-13.529784059524536,-7.622100830078125,0.0,,0
umbrella_only,1,3,-13.529784059524536,-7.038949966430664,0.0,,0
umbrella_only,1,4,-13.529784059524536,-6.455799102783203,0.0,,0
umbrella_only,1,5,-13.529784059524536,-5.872648239135742,0.0,,0
umbrella_only,1,6,-13.529784059524536,-5.289497375488281,0.0,,0
umbrella_only,1,7,-13.529784059524536,-4.70634651184082,0.0,,0
umbrella_only,1,8,-13.529784059524536,-4.123195648193359,0.0,,0
umbrella_only,1,9,-13.529784059524536,-3.5400447845458984,0.0,,0
umbrella_only,1,10,-13.529784059524536,-2.9568939208984375,0.0,,0
umbrella_only,1,11,-13.529784059524536,-2.3737430572509766,0.0,,0
umbrella_only,1,12,-13.529784059524536,-1.7905921936035156,0.0,,0
umbrella_only,1,13,-13.529784059524536,-1.2074413299560547,0.0,,0
umbrella_only,1,14,-13.529784059524536,-0.6242904663085938,0.0,,0
umbrella_only,1,15,-13.529784059524536,-0.04113960266113281,0.0,,0
umbrella_only,1,16,-13.529784059524536,0.5420112609863281,8.64192947778645e-05,2.5772898181206414,1
umbrella_only,1,17,-13.529784059524536,1.125162124633789,0.00013508940937338105,2.3109691462843025,2
umbrella_only,1,18,-13.529784059524536,1.70831298828125,0.00018344548490849114,2.1285553086973894,8
umbrella_only,1,19,-13.529784059524536,2.291463851928711,0.00019349954340389209,2.0967455651223728,12
umbrella_only,1,20,-13.529784059524536,2.874614715576172,0.0001079024121500572,2.44493232248058,5
umbrella_only,1,21,-13.529784059524536,3.457765579223633,1.0463298060499817e-07,6.581411477468114,2
umbrella_only,1,22,-13.529784059524536,4.040916442871094,7.663238498168384e-05,2.6489431587952947,1
umbrella_only,1,23,-13.529784059524536,4.624067306518555,0.0,,0
umbrella_only,1,24,-13.529784059524536,5.207218170166016,0.0,,0
umbrella_only,1,25,-13.529784059524536,5.790369033813477,0.0,,0
umbrella_only,1,26,-13.529784059524536,6.3735198974609375,0.0,,0
umbrella_only,1,27,-13.529784059524536,6.956670761108398,0.0,,0
umbrella_only,1,28,-13.529784059524536,7.539821624755859,0.0,,0
umbrella_only,1,29,-13.529784059524536,8.12297248840332,0.0,,0
umbrella_only,2,0,-12.594207207361857,-8.788402557373047,0.0,,0
umbrella_only,2,1,-12.594207207361857,-8.205251693725586,0.0,,0
umbrella_only,2,2,-12.594207207361857,-7.622100830078125,0.0,,0
umbrella_only,2,3,-12.594207207361857,-7.038949966430664,0.0,,0
umbrella_only,2,4,-12.594207207361857,-6.455799102783203,0.0,,0
umbrella_only,2,5,-12.594207207361857,-5.872648239135742,0.0,,0
umbrella_only,2,6,-12.594207207361857,-5.289497375488281,0.0,,0
umbrella_only,2,7,-12.594207207361857,-4.70634651184082,0.0,,0
umbrella_only,2,8,-12.594207207361857,-4.123195648193359,0.0,,0
umbrella_only,2,9,-12.594207207361857,-3.5400447845458984,0.0,,0
umbrella_only,2,10,-12.594207207361857,-2.9568939208984375,0.0,,0
umbrella_only,2,11,-12.594207207361857,-2.3737430572509766,0.0,,0
umbrella_only,2,12,-12.594207207361857,-1.7905921936035156,1.8880942345176595e-07,6.229509779637969,1
umbrella_only,2,13,-12.594207207361857,-1.2074413299560547,1.7947539575042494e-09,9.005159320263852,1
umbrella_only,2,14,-12.594207207361857,-0.6242904663085938,0.00011209241679059556,2.4222206920749865,6
umbrella_only,2,15,-12.594207207361857,-0.04113960266113281,0.00011607618801213164,2.4014008994596865,6
umbrella_only,2,16,-12.594207207361857,0.5420112609863281,0.0003454965930094481,1.7511463241980034,20
umbrella_only,2,17,-12.594207207361857,1.125162124633789,0.0005954343247359105,1.4266507839142846,30
umbrella_only,2,18,-12.594207207361857,1.70831298828125,0.0009319605221216293,1.1595709138388055,42
umbrella_only,2,19,-12.594207207361857,2.291463851928711,0.0006475677067072271,1.3766136219596734,41
umbrella_only,2,20,-12.594207207361857,2.874614715576172,0.0007360340219770776,1.3002733886032884,31
umbrella_only,2,21,-12.594207207361857,3.457765579223633,0.00027377025952596756,1.8898691762530002,20
umbrella_only,2,22,-12.594207207361857,4.040916442871094,0.00016983635785098767,2.174508711147943,8
umbrella_only,2,23,-12.594207207361857,4.624067306518555,3.9631011760431394e-07,5.78748071526689,1
umbrella_only,2,24,-12.594207207361857,5.207218170166016,8.11895435471128e-05,2.6145048909181994,2
umbrella_only,2,25,-12.594207207361857,5.790369033813477,0.0,,0
umbrella_only,2,26,-12.594207207361857,6.3735198974609375,0.0,,0
umbrella_only,2,27,-12.594207207361857,6.956670761108398,0.0,,0
umbrella_only,2,28,-12.594207207361857,7.539821624755859,0.0,,0
umbrella_only,2,29,-12.594207207361857,8.12297248840332,0.0,,0
umbrella_only,3,0,-11.658630355199177,-8.788402557373047,0.0,,0
umbrella_only,3,1,-11.658630355199177,-8.205251693725586,0.0,,0
umbrella_only,3,2,-11.658630355199177,-7.622100830078125,0.0,,0
umbrella_only,3,3,-11.658630355199177,-7.038949966430664,0.0,,0
umbrella_only,3,4,-11.658630355199177,-6.455799102783203,0.0,,0
umbrella_only,3,5,-11.658630355199177,-5.872648239135742,0.0,,0
umbrella_only,3,6,-11.658630355199177,-5.289497375488281,0.0,,0
umbrella_only,3,7,-11.658630355199177,-4.70634651184082,0.0,,0
umbrella_only,3,8,-11.658630355199177,-4.123195648193359,0.0,,0
umbrella_only,3,9,-11.658630355199177,-3.5400447845458984,0.0,,0
umbrella_only,3,10,-11.658630355199177,-2.9568939208984375,0.0,,0
umbrella_only,3,11,-11.658630355199177,-2.3737430572509766,0.0,,0
umbrella_only,3,12,-11.658630355199177,-1.7905921936035156,0.00010952309701379121,2.4360446123158,2
umbrella_only,3,13,-11.658630355199177,-1.2074413299560547,9.586282275851258e-05,2.5154635595959216,7
umbrella_only,3,14,-11.658630355199177,-0.6242904663085938,0.0006860923541037313,1.3421621227586136,26
umbrella_only,3,15,-11.658630355199177,-0.04113960266113281,0.000990126053892618,1.123478233045979,37
umbrella_only,3,16,-11.658630355199177,0.5420112609863281,0.0013047859513837074,0.9589603613314095,47
umbrella_only,3,17,-11.658630355199177,1.125162124633789,0.0011641993234739517,1.0269259845178813,73
umbrella_only,3,18,-11.658630355199177,1.70831298828125,0.002037129034624134,0.6933690365058438,79
umbrella_only,3,19,-11.658630355199177,2.291463851928711,0.0009219240039189781,1.1660259458398685,48
umbrella_only,3,20,-11.658630355199177,2.874614715576172,0.0005886621785292614,1.4334700513372511,41
umbrella_only,3,21,-11.658630355199177,3.457765579223633,0.0005192157766789554,1.5083079153848922,27
umbrella_only,3,22,-11.658630355199177,4.040916442871094,0.00024390997450153993,1.9587198931990524,21
umbrella_only,3,23,-11.658630355199177,4.624067306518555,3.4918380504370864e-05,3.1175297475081325,7
umbrella_only,3,24,-11.658630355199177,5.207218170166016,2.6193998086643374e-05,3.288916009122366,7
umbrella_only,3,25,-11.658630355199177,5.790369033813477,1.1904162521816804e-07,6.504498076243573,2
umbrella_only,3,26,-11.658630355199177,6.3735198974609375,0.0,,0
umbrella_only,3,27,-11.658630355199177,6.956670761108398,0.0,,0
umbrella_only,3,28,-11.658630355199177,7.539821624755859,0.0,,0
umbrella_only,3,29,-11.658630355199177,8.12297248840332,0.0,,0
umbrella_only,4,0,-10.723053503036498,-8.788402557373047,0.0,,0
umbrella_only,4,1,-10.723053503036498,-8.205251693725586,0.0,,0
umbrella_only,4,2,-10.723053503036498,-7.622100830078125,0.0,,0
umbrella_only,4,3,-10.723053503036498,-7.038949966430664,0.0,,0
umbrella_only,4,4,-10.723053503036498,-6.455799102783203,0.0,,0
umbrella_only,4,5,-10.723053503036498,-5.872648239135742,0.0,,0
umbrella_only,4,6,-10.723053503036498,-5.289497375488281,0.0,,0
umbrella_only,4,7,-10.723053503036498,-4.70634651184082,0.0,,0
umbrella_only,4,8,-10.723053503036498,-4.123195648193359,0.0,,0
umbrella_only,4,9,-10.723053503036498,-3.5400447845458984,0.0,,0
umbrella_only,4,10,-10.723053503036498,-2.9568939208984375,0.0,,0
umbrella_only,4,11,-10.723053503036498,-2.3737430572509766,2.0606162147164685e-05,3.4319590291965905,5
umbrella_only,4,12,-10.723053503036498,-1.7905921936035156,0.00029277378077117273,1.8498602291014161,11
umbrella_only,4,13,-10.723053503036498,-1.2074413299560547,0.000224814167514527,2.0073219779982865,30
umbrella_only,4,14,-10.723053503036498,-0.6242904663085938,0.0009676900201296284,1.1371425197881977,54
umbrella_only,4,15,-10.723053503036498,-0.04113960266113281,0.0010440531528312313,1.0918617630349918,79
umbrella_only,4,16,-10.723053503036498,0.5420112609863281,0.002153890328655984,0.6601424756117678,102
umbrella_only,4,17,-10.723053503036498,1.125162124633789,0.0021886773408149557,0.650590931540477,96
umbrella_only,4,18,-10.723053503036498,1.70831298828125,0.0022005616717768236,0.6473625836546857,105
umbrella_only,4,19,-10.723053503036498,2.291463851928711,0.0015635977491677494,0.8510847337112493,78
umbrella_only,4,20,-10.723053503036498,2.874614715576172,0.0011346117117038547,1.0422730158969453,72
umbrella_only,4,21,-10.723053503036498,3.457765579223633,0.0005738264003166103,1.448687399485737,49
umbrella_only,4,22,-10.723053503036498,4.040916442871094,0.000449584127612056,1.594153086680461,39
umbrella_only,4,23,-10.723053503036498,4.624067306518555,4.016232592691277e-05,3.0341172237612537,17
umbrella_only,4,24,-10.723053503036498,5.207218170166016,6.208331686783218e-05,2.7744604233978216,13
umbrella_only,4,25,-10.723053503036498,5.790369033813477,5.0226969797739926e-05,2.900802005869473,10
umbrella_only,4,26,-10.723053503036498,6.3735198974609375,4.082597696792178e-06,4.39705870068256,5
umbrella_only,4,27,-10.723053503036498,6.956670761108398,0.0,,0
umbrella_only,4,28,-10.723053503036498,7.539821624755859,0.0,,0
umbrella_only,4,29,-10.723053503036498,8.12297248840332,0.0,,0
umbrella_only,5,0,-9.78747665087382,-8.788402557373047,0.0,,0
umbrella_only,5,1,-9.78747665087382,-8.205251693725586,0.0,,0
umbrella_only,5,2,-9.78747665087382,-7.622100830078125,0.0,,0
umbrella_only,5,3,-9.78747665087382,-7.038949966430664,0.0,,0
umbrella_only,5,4,-9.78747665087382,-6.455799102783203,0.0,,0
umbrella_only,5,5,-9.78747665087382,-5.872648239135742,0.0,,0
umbrella_only,5,6,-9.78747665087382,-5.289497375488281,0.0,,0
umbrella_only,5,7,-9.78747665087382,-4.70634651184082,0.0,,0
umbrella_only,5,8,-9.78747665087382,-4.123195648193359,0.0,,0
umbrella_only,5,9,-9.78747665087382,-3.5400447845458984,0.0,,0
umbrella_only,5,10,-9.78747665087382,-2.9568939208984375,0.0001267215322349341,2.349090578656018,3
umbrella_only,5,11,-9.78747665087382,-2.3737430572509766,0.00015076721420628604,2.2455105374701723,27
umbrella_only,5,12,-9.78747665087382,-1.7905921936035156,0.0010884365042467799,1.0670424566755243,53
umbrella_only,5,13,-9.78747665087382,-1.2074413299560547,0.002030263170812827,0.6953817098958295,84
umbrella_only,5,14,-9.78747665087382,-0.6242904663085938,0.0011302790613142233,1.0445538866330835,94
umbrella_only,5,15,-9.78747665087382,-0.04113960266113281,0.0023380248055031184,0.6112388828414757,147
umbrella_only,5,16,-9.78747665087382,0.5420112609863281,0.0028037940410397147,0.5029360270279546,140
umbrella_only,5,17,-9.78747665087382,1.125162124633789,0.0021280846382590608,0.6673281970281737,130
umbrella_only,5,18,-9.78747665087382,1.70831298828125,0.0020676624046249478,0.6844998167780716,116
umbrella_only,5,19,-9.78747665087382,2.291463851928711,0.0017626945806601861,0.7796322801058846,122
umbrella_only,5,20,-9.78747665087382,2.874614715576172,0.001220818415944029,0.9986155422536092,100
umbrella_only,5,21,-9.78747665087382,3.457765579223633,0.0010137258670491465,1.1094353338138228,86
umbrella_only,5,22,-9.78747665087382,4.040916442871094,0.0003986035508142391,1.6659044818293132,83
umbrella_only,5,23,-9.78747665087382,4.624067306518555,0.0006597325138842068,1.3655183950127294,67
umbrella_only,5,24,-9.78747665087382,5.207218170166016,0.0003654817896175704,1.7176219860819795,60
umbrella_only,5,25,-9.78747665087382,5.790369033813477,0.00015691156515901936,2.221696667835906,32
umbrella_only,5,26,-9.78747665087382,6.3735198974609375,3.407839264407821e-05,3.132046164886693,13
umbrella_only,5,27,-9.78747665087382,6.956670761108398,1.6263226195942994e-08,7.691196878882456,1
umbrella_only,5,28,-9.78747665087382,7.539821624755859,1.5105908765963787e-07,6.362493744303011,1
umbrella_only,5,29,-9.78747665087382,8.12297248840332,0.0,,0
umbrella_only,6,0,-8.851899798711141,-8.788402557373047,0.0,,0
umbrella_only,6,1,-8.851899798711141,-8.205251693725586,0.0,,0
umbrella_only,6,2,-8.851899798711141,-7.622100830078125,0.0,,0
umbrella_only,6,3,-8.851899798711141,-7.038949966430664,0.0,,0
umbrella_only,6,4,-8.851899798711141,-6.455799102783203,0.0,,0
umbrella_only,6,5,-8.851899798711141,-5.872648239135742,0.0,,0
umbrella_only,6,6,-8.851899798711141,-5.289497375488281,0.0,,0
umbrella_only,6,7,-8.851899798711141,-4.70634651184082,3.7435871229044986e-05,3.076027374504782,2
umbrella_only,6,8,-8.851899798711141,-4.123195648193359,8.309522810339398e-06,3.973385536093373,4
umbrella_only,6,9,-8.851899798711141,-3.5400447845458984,0.0003120681300278836,1.8118124425993423,11
umbrella_only,6,10,-8.851899798711141,-2.9568939208984375,0.0002397301492874114,1.9690247122578506,21
umbrella_only,6,11,-8.851899798711141,-2.3737430572509766,0.001017082092733996,1.10746483374349,59
umbrella_only,6,12,-8.851899798711141,-1.7905921936035156,0.0012983303926703763,0.9619172495462331,79
umbrella_only,6,13,-8.851899798711141,-1.2074413299560547,0.0015017181010833424,0.8751574650157372,143
umbrella_only,6,14,-8.851899798711141,-0.6242904663085938,0.002541363291157645,0.5615224941146417,180
umbrella_only,6,15,-8.851899798711141,-0.04113960266113281,0.0037143381200691445,0.3352793892620749,214
umbrella_only,6,16,-8.851899798711141,0.5420112609863281,0.0027928144883263327,0.5052751552825425,179
umbrella_only,6,17,-8.851899798711141,1.125162124633789,0.0023219120825935576,0.6153616081005207,173
umbrella_only,6,18,-8.851899798711141,1.70831298828125,0.0025175544950881007,0.567133965847785,185
umbrella_only,6,19,-8.851899798711141,2.291463851928711,0.0020394801352348574,0.6926813888845795,148
umbrella_only,6,20,-8.851899798711141,2.874614715576172,0.0011941166904615556,1.011799485367748,131
umbrella_only,6,21,-8.851899798711141,3.457765579223633,0.0014464553704302185,0.8975098536213268,132
umbrella_only,6,22,-8.851899798711141,4.040916442871094,0.0008487230210192806,1.2153463106646263,123
umbrella_only,6,23,-8.851899798711141,4.624067306518555,0.0005989954259633684,1.423095954596731,105
umbrella_only,6,24,-8.851899798711141,5.207218170166016,0.00038864428460374563,1.6809890469948052,86
umbrella_only,6,25,-8.851899798711141,5.790369033813477,0.0002709874285438118,1.895960069658265,89
umbrella_only,6,26,-8.851899798711141,6.3735198974609375,0.0001944458701698224,2.0938370915431146,33
umbrella_only,6,27,-8.851899798711141,6.956670761108398,4.862661259160539e-05,2.9201064020726455,9
umbrella_only,6,28,-8.851899798711141,7.539821624755859,0.0,,0
umbrella_only,6,29,-8.851899798711141,8.12297248840332,0.0,,0
umbrella_only,7,0,-7.916322946548462,-8.788402557373047,0.0,,0
umbrella_only,7,1,-7.916322946548462,-8.205251693725586,0.0,,0
umbrella_only,7,2,-7.916322946548462,-7.622100830078125,0.0,,0
umbrella_only,7,3,-7.916322946548462,-7.038949966430664,0.0,,0
umbrella_only,7,4,-7.916322946548462,-6.455799102783203,0.0,,0
umbrella_only,7,5,-7.916322946548462,-5.872648239135742,0.0,,0
umbrella_only,7,6,-7.916322946548462,-5.289497375488281,4.844171821410515e-06,4.295089594687722,1
umbrella_only,7,7,-7.916322946548462,-4.70634651184082,0.0001093924862652604,2.4367559831445376,3
umbrella_only,7,8,-7.916322946548462,-4.123195648193359,0.0005582636069667662,1.4650792397411796,20
umbrella_only,7,9,-7.916322946548462,-3.5400447845458984,0.0012437254296562017,0.9875330306880166,52
umbrella_only,7,10,-7.916322946548462,-2.9568939208984375,0.000938137923805366,1.1556323606757606,77
umbrella_only,7,11,-7.916322946548462,-2.3737430572509766,0.002440038611973108,0.5857783900275164,121
umbrella_only,7,12,-7.916322946548462,-1.7905921936035156,0.00294666236734817,0.47330704147022296,144
umbrella_only,7,13,-7.916322946548462,-1.2074413299560547,0.0037137334954392832,0.3353764410438176,212
umbrella_only,7,14,-7.916322946548462,-0.6242904663085938,0.0037301297399914032,0.3327501644455322,245
umbrella_only,7,15,-7.916322946548462,-0.04113960266113281,0.0035082135034256168,0.36931636107548327,267
umbrella_only,7,16,-7.916322946548462,0.5420112609863281,0.0035747000152260696,0.3581238347365745,248
umbrella_only,7,17,-7.916322946548462,1.125162124633789,0.00302519400336357,0.4576267516067709,216
umbrella_only,7,18,-7.916322946548462,1.70831298828125,0.0024058684061156856,0.5941860178003995,239
umbrella_only,7,19,-7.916322946548462,2.291463851928711,0.002632319576630234,0.5405586259029729,195
umbrella_only,7,20,-7.916322946548462,2.874614715576172,0.0023888286638168096,0.5984233980385847,228
umbrella_only,7,21,-7.916322946548462,3.457765579223633,0.0015608776096924547,0.8521227590103884,203
umbrella_only,7,22,-7.916322946548462,4.040916442871094,0.0009601692646007071,1.141793902806444,203
umbrella_only,7,23,-7.916322946548462,4.624067306518555,0.0008980584904720706,1.1816618221279858,189
umbrella_only,7,24,-7.916322946548462,5.207218170166016,0.0011206254220421671,1.0496675298380427,164
umbrella_only,7,25,-7.916322946548462,5.790369033813477,0.0004699065279916042,1.5677963174575749,99
umbrella_only,7,26,-7.916322946548462,6.3735198974609375,6.780818827191173e-05,2.7218756272725995,49
umbrella_only,7,27,-7.916322946548462,6.956670761108398,0.00010366820316316603,2.4687977210952767,15
umbrella_only,7,28,-7.916322946548462,7.539821624755859,1.2135172495946613e-06,5.120327831516969,2
umbrella_only,7,29,-7.916322946548462,8.12297248840332,0.0,,0
umbrella_only,8,0,-6.980746094385783,-8.788402557373047,0.0,,0
umbrella_only,8,1,-6.980746094385783,-8.205251693725586,0.0,,0
umbrella_only,8,2,-6.980746094385783,-7.622100830078125,0.0,,0
umbrella_only,8,3,-6.980746094385783,-7.038949966430664,0.0,,0
umbrella_only,8,4,-6.980746094385783,-6.455799102783203,0.0,,0
umbrella_only,8,5,-6.980746094385783,-5.872648239135742,0.00015416451844873664,2.23222608835434,4
umbrella_only,8,6,-6.980746094385783,-5.289497375488281,0.00010806278331399798,2.4440469289304594,5
umbrella_only,8,7,-6.980746094385783,-4.70634651184082,0.0004531091736526181,1.5894970055278441,27
umbrella_only,8,8,-6.980746094385783,-4.123195648193359,0.0014881098338785956,0.8805843846658123,68
umbrella_only,8,9,-6.980746094385783,-3.5400447845458984,0.0014841177209730823,0.8821858398150422,115
umbrella_only,8,10,-6.980746094385783,-2.9568939208984375,0.0028991778749781426,0.4829922319923692,166
umbrella_only,8,11,-6.980746094385783,-2.3737430572509766,0.002638414389295598,0.5391798832275652,206
umbrella_only,8,12,-6.980746094385783,-1.7905921936035156,0.0032675614521520575,0.41168134675368817,236
umbrella_only,8,13,-6.980746094385783,-1.2074413299560547,0.004242293210449316,0.2560474829502928,306
umbrella_only,8,14,-6.980746094385783,-0.6242904663085938,0.004492198633383201,0.22192423639794967,301
umbrella_only,8,15,-6.980746094385783,-0.04113960266113281,0.004810819440996835,0.18107217974845335,364
umbrella_only,8,16,-6.980746094385783,0.5420112609863281,0.004248516630198311,0.2551735586479973,335
umbrella_only,8,17,-6.980746094385783,1.125162124633789,0.003189283135936775,0.4261369486598645,310
umbrella_only,8,18,-6.980746094385783,1.70831298828125,0.0024016210708542977,0.5952394147913753,286
umbrella_only,8,19,-6.980746094385783,2.291463851928711,0.002228861298100025,0.6397447196297517,280
umbrella_only,8,20,-6.980746094385783,2.874614715576172,0.0018208654124958548,0.7602759729882917,276
umbrella_only,8,21,-6.980746094385783,3.457765579223633,0.0015892215053726793,0.8413942146225324,280
umbrella_only,8,22,-6.980746094385783,4.040916442871094,0.0019964808259334828,0.7053849275931894,248
umbrella_only,8,23,-6.980746094385783,4.624067306518555,0.0011618940466037533,1.0281076372165772,257
umbrella_only,8,24,-6.980746094385783,5.207218170166016,0.0007886724780354019,1.259093678752174,173
umbrella_only,8,25,-6.980746094385783,5.790369033813477,0.0003177551140400161,1.8010460828900503,92
umbrella_only,8,26,-6.980746094385783,6.3735198974609375,0.00043264089233303275,1.6170545975137371,45
umbrella_only,8,27,-6.980746094385783,6.956670761108398,9.3347648898512e-05,2.531314031056581,21
umbrella_only,8,28,-6.980746094385783,7.539821624755859,0.0,,0
umbrella_only,8,29,-6.980746094385783,8.12297248840332,0.0,,0
umbrella_only,9,0,-6.045169242223103,-8.788402557373047,0.0,,0
umbrella_only,9,1,-6.045169242223103,-8.205251693725586,0.0,,0
umbrella_only,9,2,-6.045169242223103,-7.622100830078125,0.0,,0
umbrella_only,9,3,-6.045169242223103,-7.038949966430664,0.0,,0
umbrella_only,9,4,-6.045169242223103,-6.455799102783203,5.097823419416539e-06,4.264663089738395,1
umbrella_only,9,5,-6.045169242223103,-5.872648239135742,9.076873406641769e-05,2.548015963769687,6
umbrella_only,9,6,-6.045169242223103,-5.289497375488281,0.000549217521262891,1.474818540600435,22
umbrella_only,9,7,-6.045169242223103,-4.70634651184082,0.0007929418190587508,1.2558751671522388,53
umbrella_only,9,8,-6.045169242223103,-4.123195648193359,0.001975410369023074,0.711710130238643,143
umbrella_only,9,9,-6.045169242223103,-3.5400447845458984,0.002467579420857595,0.5790871862452445,189
umbrella_only,9,10,-6.045169242223103,-2.9568939208984375,0.002348315115346822,0.6086207654080393,241
umbrella_only,9,11,-6.045169242223103,-2.3737430572509766,0.003500739154069175,0.37058785471179645,290
umbrella_only,9,12,-6.045169242223103,-1.7905921936035156,0.003772276417240653,0.32605191837502456,320
umbrella_only,9,13,-6.045169242223103,-1.2074413299560547,0.0049129376350225,0.16855003407789715,359
umbrella_only,9,14,-6.045169242223103,-0.6242904663085938,0.0041208835823932635,0.2733578438429869,390
umbrella_only,9,15,-6.045169242223103,-0.04113960266113281,0.0043072510476902075,0.2469882649946582,379
umbrella_only,9,16,-6.045169242223103,0.5420112609863281,0.0038395753001095826,0.3155099280847167,325
umbrella_only,9,17,-6.045169242223103,1.125162124633789,0.003536957052019732,0.36445178452715865,323
umbrella_only,9,18,-6.045169242223103,1.70831298828125,0.0031914446575336563,0.42573304002506873,313
umbrella_only,9,19,-6.045169242223103,2.291463851928711,0.0029767916556683828,0.46724231306910147,334
umbrella_only,9,20,-6.045169242223103,2.874614715576172,0.0018804410218524513,0.741082890942987,353
umbrella_only,9,21,-6.045169242223103,3.457765579223633,0.001967417132523942,0.7141273116191571,330
umbrella_only,9,22,-6.045169242223103,4.040916442871094,0.0013526613929345482,0.9374776607392801,264
umbrella_only,9,23,-6.045169242223103,4.624067306518555,0.0011192078514054903,1.0504221403215035,213
umbrella_only,9,24,-6.045169242223103,5.207218170166016,0.0004648967094949935,1.5741863004394845,130
umbrella_only,9,25,-6.045169242223103,5.790369033813477,0.0007738003630625537,1.2704429279652456,110
umbrella_only,9,26,-6.045169242223103,6.3735198974609375,0.00029441273101638845,1.8465322193808658,45
umbrella_only,9,27,-6.045169242223103,6.956670761108398,2.5674770664307772e-05,3.300852040423312,16
umbrella_only,9,28,-6.045169242223103,7.539821624755859,1.2413442226731628e-05,3.734099662471977,6
umbrella_only,9,29,-6.045169242223103,8.12297248840332,0.0,,0
umbrella_only,10,0,-5.109592390060424,-8.788402557373047,0.0,,0
umbrella_only,10,1,-5.109592390060424,-8.205251693725586,0.0,,0
umbrella_only,10,2,-5.109592390060424,-7.622100830078125,0.0,,0
umbrella_only,10,3,-5.109592390060424,-7.038949966430664,0.0,,0
umbrella_only,10,4,-5.109592390060424,-6.455799102783203,1.7421787123489805e-05,3.5320357929693373,3
umbrella_only,10,5,-5.109592390060424,-5.872648239135742,0.00023890333341594324,1.971084393054881,17
umbrella_only,10,6,-5.109592390060424,-5.289497375488281,0.0010420769916389297,1.0929912334437737,49
umbrella_only,10,7,-5.109592390060424,-4.70634651184082,0.001107273726992563,1.0568131485050487,98
umbrella_only,10,8,-5.109592390060424,-4.123195648193359,0.0026200703356428694,0.5433392787172551,207
umbrella_only,10,9,-5.109592390060424,-3.5400447845458984,0.0028994642051174036,0.4829333565041378,271
umbrella_only,10,10,-5.109592390060424,-2.9568939208984375,0.004388579920937937,0.23583659037702454,359
umbrella_only,10,11,-5.109592390060424,-2.3737430572509766,0.004072412514175286,0.2804116377575796,371
umbrella_only,10,12,-5.109592390060424,-1.7905921936035156,0.004601314257279237,0.20761653532581237,356
umbrella_only,10,13,-5.109592390060424,-1.2074413299560547,0.004035772567015261,0.2857996416512698,407
umbrella_only,10,14,-5.109592390060424,-0.6242904663085938,0.005145272777949801,0.1410036113139026,409
umbrella_only,10,15,-5.109592390060424,-0.04113960266113281,0.005288527950358701,0.12463209801747732,428
umbrella_only,10,16,-5.109592390060424,0.5420112609863281,0.0048455633111890595,0.17678215936376862,414
umbrella_only,10,17,-5.109592390060424,1.125162124633789,0.004072669355946738,0.28037403982520726,387
umbrella_only,10,18,-5.109592390060424,1.70831298828125,0.004140154684878782,0.27057642447498065,422
umbrella_only,10,19,-5.109592390060424,2.291463851928711,0.003232026105925239,0.41820022454505956,414
umbrella_only,10,20,-5.109592390060424,2.874614715576172,0.0026680797030036265,0.5325142786864232,360
umbrella_only,10,21,-5.109592390060424,3.457765579223633,0.0027775155663325515,0.5085498796616452,321
umbrella_only,10,22,-5.109592390060424,4.040916442871094,0.0014878313207498778,0.8806959720490974,264
umbrella_only,10,23,-5.109592390060424,4.624067306518555,0.001644496197020262,0.8210115815429644,204
umbrella_only,10,24,-5.109592390060424,5.207218170166016,0.0006794252345266088,1.3479836663874578,136
umbrella_only,10,25,-5.109592390060424,5.790369033813477,0.0004105659013647057,1.6482765059607476,96
umbrella_only,10,26,-5.109592390060424,6.3735198974609375,5.144772470668755e-05,2.886485724256904,42
umbrella_only,10,27,-5.109592390060424,6.956670761108398,4.039334124763789e-05,3.0306979046462197,25
umbrella_only,10,28,-5.109592390060424,7.539821624755859,1.5176112806664831e-06,4.987017458733382,5
umbrella_only,10,29,-5.109592390060424,8.12297248840332,0.0,,0
umbrella_only,11,0,-4.174015537897746,-8.788402557373047,0.0,,0
umbrella_only,11,1,-4.174015537897746,-8.205251693725586,0.0,,0
umbrella_only,11,2,-4.174015537897746,-7.622100830078125,0.0,,0
umbrella_only,11,3,-4.174015537897746,-7.038949966430664,1.7301419118488988e-05,3.5361689960253657,3
umbrella_only,11,4,-4.174015537897746,-6.455799102783203,0.00045312066815928067,1.5894818822567678,20
umbrella_only,11,5,-4.174015537897746,-5.872648239135742,0.0008849038254123705,1.1904589168962434,63
umbrella_only,11,6,-4.174015537897746,-5.289497375488281,0.0010225476456904232,1.1042697843960911,88
umbrella_only,11,7,-4.174015537897746,-4.70634651184082,0.0021910684558057655,0.6499399849442073,193
umbrella_only,11,8,-4.174015537897746,-4.123195648193359,0.0034706594000481466,0.37573244535054107,308
umbrella_only,11,9,-4.174015537897746,-3.5400447845458984,0.002697151985835416,0.5260534434741513,317
umbrella_only,11,10,-4.174015537897746,-2.9568939208984375,0.00397528430055758,0.2948025605228515,352
umbrella_only,11,11,-4.174015537897746,-2.3737430572509766,0.004788405020129461,0.18385628676059707,404
umbrella_only,11,12,-4.174015537897746,-1.7905921936035156,0.005041102459670065,0.15319724714735994,436
umbrella_only,11,13,-4.174015537897746,-1.2074413299560547,0.004289168589075999,0.24949630391885336,432
umbrella_only,11,14,-4.174015537897746,-0.6242904663085938,0.005224268816624051,0.13192022223890287,432
umbrella_only,11,15,-4.174015537897746,-0.04113960266113281,0.004034153748160561,0.2860388203232582,444
umbrella_only,11,16,-4.174015537897746,0.5420112609863281,0.004634012121890225,0.20339507494806952,453
umbrella_only,11,17,-4.174015537897746,1.125162124633789,0.00477103201526242,0.18602317674405455,446
umbrella_only,11,18,-4.174015537897746,1.70831298828125,0.004140885058881046,0.2704712635983486,396
umbrella_only,11,19,-4.174015537897746,2.291463851928711,0.004072953135473564,0.2803325013508884,421
umbrella_only,11,20,-4.174015537897746,2.874614715576172,0.0025367334869964985,0.5626095591506415,370
umbrella_only,11,21,-4.174015537897746,3.457765579223633,0.0017950731970678092,0.7687808634441478,288
umbrella_only,11,22,-4.174015537897746,4.040916442871094,0.0022283514691907955,0.6398811009384633,232
umbrella_only,11,23,-4.174015537897746,4.624067306518555,0.0008088448108404373,1.2440370618167296,163
umbrella_only,11,24,-4.174015537897746,5.207218170166016,0.0008367279547182025,1.223832009612035,118
umbrella_only,11,25,-4.174015537897746,5.790369033813477,0.00048096072911147205,1.5539344802350352,71
umbrella_only,11,26,-4.174015537897746,6.3735198974609375,0.00027889666371186747,1.8788091645339011,63
umbrella_only,11,27,-4.174015537897746,6.956670761108398,0.00013836151671253486,2.2967011616683997,27
umbrella_only,11,28,-4.174015537897746,7.539821624755859,1.2834240946223964e-05,3.7142255906249857,9
umbrella_only,11,29,-4.174015537897746,8.12297248840332,4.108191850945471e-08,7.138757122514852,3
umbrella_only,12,0,-3.2384386857350673,-8.788402557373047,0.0,,0
umbrella_only,12,1,-3.2384386857350673,-8.205251693725586,0.0,,0
umbrella_only,12,2,-3.2384386857350673,-7.622100830078125,1.2122351884934321e-05,3.7482459282791107,2
umbrella_only,12,3,-3.2384386857350673,-7.038949966430664,0.00013281907242939026,2.32107348762541,17
umbrella_only,12,4,-3.2384386857350673,-6.455799102783203,0.0002648605889639696,1.9095935760908147,29
umbrella_only,12,5,-3.2384386857350673,-5.872648239135742,0.0008951036283011479,1.1836265926113145,97
umbrella_only,12,6,-3.2384386857350673,-5.289497375488281,0.0012297669211409892,0.9942616632668528,153
umbrella_only,12,7,-3.2384386857350673,-4.70634651184082,0.002666085178442797,0.5329601060622977,223
umbrella_only,12,8,-3.2384386857350673,-4.123195648193359,0.003275687381312565,0.4102006245853329,310
umbrella_only,12,9,-3.2384386857350673,-3.5400447845458984,0.003533769394191228,0.364989312971165,317
umbrella_only,12,10,-3.2384386857350673,-2.9568939208984375,0.003357172165172755,0.3955521862886129,334
umbrella_only,12,11,-3.2384386857350673,-2.3737430572509766,0.004617711368475595,0.20549584850607872,369
umbrella_only,12,12,-3.2384386857350673,-1.7905921936035156,0.0036861748875227467,0.3398168881441008,403
umbrella_only,12,13,-3.2384386857350673,-1.2074413299560547,0.004546135678557346,0.21480886350658857,475
umbrella_only,12,14,-3.2384386857350673,-0.6242904663085938,0.00358915604273406,0.355717830077646,433
umbrella_only,12,15,-3.2384386857350673,-0.04113960266113281,0.004769278937614021,0.186242271703855,468
umbrella_only,12,16,-3.2384386857350673,0.5420112609863281,0.004138197338574144,0.2708583390618702,480
umbrella_only,12,17,-3.2384386857350673,1.125162124633789,0.005752231910698787,0.07452593437096011,466
umbrella_only,12,18,-3.2384386857350673,1.70831298828125,0.0039050999859147817,0.30542190991070184,428
umbrella_only,12,19,-3.2384386857350673,2.291463851928711,0.002970430879506992,0.4685175469673952,340
umbrella_only,12,20,-3.2384386857350673,2.874614715576172,0.002612597217883507,0.5450421143797417,273
umbrella_only,12,21,-3.2384386857350673,3.457765579223633,0.00236580772672894,0.6041964151043819,264
umbrella_only,12,22,-3.2384386857350673,4.040916442871094,0.0018593507142116114,0.7478069862549899,196
umbrella_only,12,23,-3.2384386857350673,4.624067306518555,0.001119909598520952,1.0500484623167066,166
umbrella_only,12,24,-3.2384386857350673,5.207218170166016,0.0005811773669500097,1.4410988167358538,109
umbrella_only,12,25,-3.2384386857350673,5.790369033813477,0.00035012352519394203,1.7432154481033453,90
umbrella_only,12,26,-3.2384386857350673,6.3735198974609375,6.319516673897731e-05,2.763878251191293,55
umbrella_only,12,27,-3.2384386857350673,6.956670761108398,7.941850187925084e-05,2.6276532890426094,30
umbrella_only,12,28,-3.2384386857350673,7.539821624755859,2.4298772419758983e-05,3.333690387398802,11
umbrella_only,12,29,-3.2384386857350673,8.12297248840332,0.0,,0
umbrella_only,13,0,-2.302861833572388,-8.788402557373047,0.0,,0
umbrella_only,13,1,-2.302861833572388,-8.205251693725586,0.0,,0
umbrella_only,13,2,-2.302861833572388,-7.622100830078125,0.00024161217996591778,1.964362751473439,6
umbrella_only,13,3,-2.302861833572388,-7.038949966430664,0.0006031429504541446,1.4189822795680453,35
umbrella_only,13,4,-2.302861833572388,-6.455799102783203,0.0011759981723461306,1.0209144607617708,81
umbrella_only,13,5,-2.302861833572388,-5.872648239135742,0.0015673090637200859,0.8496713776495093,142
umbrella_only,13,6,-2.302861833572388,-5.289497375488281,0.002267100778108718,0.6296034210141137,194
umbrella_only,13,7,-2.302861833572388,-4.70634651184082,0.0019413182300219358,0.7220886519752483,221
umbrella_only,13,8,-2.302861833572388,-4.123195648193359,0.002287042907973575,0.6243823290037245,251
umbrella_only,13,9,-2.302861833572388,-3.5400447845458984,0.003127461674783988,0.4378064838894389,274
umbrella_only,13,10,-2.302861833572388,-2.9568939208984375,0.002926221919770224,0.4774569112624447,361
umbrella_only,13,11,-2.302861833572388,-2.3737430572509766,0.0047353026030078765,0.19050452380616756,403
umbrella_only,13,12,-2.302861833572388,-1.7905921936035156,0.005260565091951498,0.12779263748200043,466
umbrella_only,13,13,-2.302861833572388,-1.2074413299560547,0.004361781415962758,0.2394881609344477,472
umbrella_only,13,14,-2.302861833572388,-0.6242904663085938,0.00356148600003338,0.36033165083501606,464
umbrella_only,13,15,-2.302861833572388,-0.04113960266113281,0.004378349975347281,0.2372278870505884,460
umbrella_only,13,16,-2.302861833572388,0.5420112609863281,0.0033291250188034467,0.4005536752214356,400
umbrella_only,13,17,-2.302861833572388,1.125162124633789,0.0035291517849571773,0.36576883185373044,405
umbrella_only,13,18,-2.302861833572388,1.70831298828125,0.0034878631681547786,0.37278462383522015,403
umbrella_only,13,19,-2.302861833572388,2.291463851928711,0.0027614692363263933,0.5120040243107193,326
umbrella_only,13,20,-2.302861833572388,2.874614715576172,0.0022105298492703304,0.6446681704840622,259
umbrella_only,13,21,-2.302861833572388,3.457765579223633,0.002899637527858726,0.4828977205343996,232
umbrella_only,13,22,-2.302861833572388,4.040916442871094,0.00205843114999897,0.6871673887373442,181
umbrella_only,13,23,-2.302861833572388,4.624067306518555,0.0014027496310127052,0.9158010705702719,179
umbrella_only,13,24,-2.302861833572388,5.207218170166016,0.0008658318613952539,1.2034482177020176,125
umbrella_only,13,25,-2.302861833572388,5.790369033813477,0.00048101669338326255,1.553865115339296,116
umbrella_only,13,26,-2.302861833572388,6.3735198974609375,6.586828801644766e-05,2.7391797130942117,60
umbrella_only,13,27,-2.302861833572388,6.956670761108398,0.00016239634524409572,2.2012140237049205,45
umbrella_only,13,28,-2.302861833572388,7.539821624755859,3.590098284274966e-05,3.1009854852604444,12
umbrella_only,13,29,-2.302861833572388,8.12297248840332,2.9333706318240415e-06,4.594138487576016,3
umbrella_only,14,0,-1.3672849814097088,-8.788402557373047,0.0,,0
umbrella_only,14,1,-1.3672849814097088,-8.205251693725586,0.00018684202160879445,2.117618183268855,5
umbrella_only,14,2,-1.3672849814097088,-7.622100830078125,0.0007740564432477145,1.2702456679976284,32
umbrella_only,14,3,-1.3672849814097088,-7.038949966430664,0.0007260255209236841,1.308435537685574,52
umbrella_only,14,4,-1.3672849814097088,-6.455799102783203,0.0011566780603439637,1.0307899555874607,112
umbrella_only,14,5,-1.3672849814097088,-5.872648239135742,0.0019198809480254163,0.728708465224511,185
umbrella_only,14,6,-1.3672849814097088,-5.289497375488281,0.002298842056533492,0.6213145629971621,189
umbrella_only,14,7,-1.3672849814097088,-4.70634651184082,0.0016077532069538741,0.8344826762919548,174
umbrella_only,14,8,-1.3672849814097088,-4.123195648193359,0.0022080033760220504,0.6453499287087245,255
umbrella_only,14,9,-1.3672849814097088,-3.5400447845458984,0.002323290088867327,0.6150079037946687,303
umbrella_only,14,10,-1.3672849814097088,-2.9568939208984375,0.0038096699272298813,0.32017143797458214,368
umbrella_only,14,11,-1.3672849814097088,-2.3737430572509766,0.0033130692447182267,0.40343580996624295,366
umbrella_only,14,12,-1.3672849814097088,-1.7905921936035156,0.004111751439193321,0.2746804416202311,385
umbrella_only,14,13,-1.3672849814097088,-1.2074413299560547,0.0042292031204631195,0.2578898519193591,418
umbrella_only,14,14,-1.3672849814097088,-0.6242904663085938,0.00357650948625148,0.3578221412730911,419
umbrella_only,14,15,-1.3672849814097088,-0.04113960266113281,0.003635578346078831,0.34805649360142565,414
umbrella_only,14,16,-1.3672849814097088,0.5420112609863281,0.004041576947925237,0.28494283887750127,348
umbrella_only,14,17,-1.3672849814097088,1.125162124633789,0.003999984361070176,0.291109828067595,394
umbrella_only,14,18,-1.3672849814097088,1.70831298828125,0.0026165121667757877,0.5441494417665971,381
umbrella_only,14,19,-1.3672849814097088,2.291463851928711,0.0036703585177452897,0.34238035689285873,353
umbrella_only,14,20,-1.3672849814097088,2.874614715576172,0.0017161450924092878,0.7955874038795887,244
umbrella_only,14,21,-1.3672849814097088,3.457765579223633,0.001682834334041292,0.807272805630959,176
umbrella_only,14,22,-1.3672849814097088,4.040916442871094,0.0015399389939541879,0.8601741746466955,173
umbrella_only,14,23,-1.3672849814097088,4.624067306518555,0.0011880826030254562,1.0148196331600192,168
umbrella_only,14,24,-1.3672849814097088,5.207218170166016,0.0010594625460926487,1.0831271974597105,152
umbrella_only,14,25,-1.3672849814097088,5.790369033813477,0.0009207558310253373,1.1667818227152869,132
umbrella_only,14,26,-1.3672849814097088,6.3735198974609375,0.00025176582745814875,1.9398214619941867,77
umbrella_only,14,27,-1.3672849814097088,6.956670761108398,7.565664245738674e-05,2.6565826831894808,47
umbrella_only,14,28,-1.3672849814097088,7.539821624755859,1.9691027094936465e-05,3.4590409130441038,17
umbrella_only,14,29,-1.3672849814097088,8.12297248840332,9.05509655131046e-08,6.667584179893801,3
umbrella_only,15,0,-0.4317081292470295,-8.788402557373047,4.933336703773689e-06,4.284216042661267,1
umbrella_only,15,1,-0.4317081292470295,-8.205251693725586,0.00011645989225434162,2.399433464396678,8
umbrella_only,15,2,-0.4317081292470295,-7.622100830078125,0.0005531832068502785,1.4705293591364303,31
umbrella_only,15,3,-0.4317081292470295,-7.038949966430664,0.000999982034531341,1.1175732250890653,86
umbrella_only,15,4,-0.4317081292470295,-6.455799102783203,0.0016341462058370262,0.8247755080131758,120
umbrella_only,15,5,-0.4317081292470295,-5.872648239135742,0.0021143268780978094,0.6711948057221075,195
umbrella_only,15,6,-0.4317081292470295,-5.289497375488281,0.0021584992224762817,0.6588681727957653,207
umbrella_only,15,7,-0.4317081292470295,-4.70634651184082,0.002792873786636777,0.505262497448888,242
umbrella_only,15,8,-0.4317081292470295,-4.123195648193359,0.003671545459486084,0.34218759798100695,268
umbrella_only,15,9,-0.4317081292470295,-3.5400447845458984,0.0032320029220955586,0.41820450091865347,366
umbrella_only,15,10,-0.4317081292470295,-2.9568939208984375,0.003712721199736168,0.33553896583611165,364
umbrella_only,15,11,-0.4317081292470295,-2.3737430572509766,0.003788076657827202,0.3235601021240142,351
umbrella_only,15,12,-0.4317081292470295,-1.7905921936035156,0.0036547955836779876,0.34491355482648745,322
umbrella_only,15,13,-0.4317081292470295,-1.2074413299560547,0.002993060577881115,0.4639930113838884,313
umbrella_only,15,14,-0.4317081292470295,-0.6242904663085938,0.0028022230117788326,0.503270163305813,282
umbrella_only,15,15,-0.4317081292470295,-0.04113960266113281,0.002218235511986992,0.6425936318753265,322
umbrella_only,15,16,-0.4317081292470295,0.5420112609863281,0.002999463431288638,0.46271904578461287,306
umbrella_only,15,17,-0.4317081292470295,1.125162124633789,0.004232780598082767,0.2573857730115545,362
umbrella_only,15,18,-0.4317081292470295,1.70831298828125,0.0036903777375069335,0.339137552737824,327
umbrella_only,15,19,-0.4317081292470295,2.291463851928711,0.003172899449824406,0.4292073857947516,291
umbrella_only,15,20,-0.4317081292470295,2.874614715576172,0.002217775854466309,0.6427171798075246,222
umbrella_only,15,21,-0.4317081292470295,3.457765579223633,0.0022645571763396295,0.630272667040551,207
umbrella_only,15,22,-0.4317081292470295,4.040916442871094,0.0019003906530630436,0.7347915196099599,180
umbrella_only,15,23,-0.4317081292470295,4.624067306518555,0.001191663471616963,1.013025511654082,152
umbrella_only,15,24,-0.4317081292470295,5.207218170166016,0.0007317088180344054,1.3037869830857791,134
umbrella_only,15,25,-0.4317081292470295,5.790369033813477,0.00042923247679284635,1.6217698515841161,122
umbrella_only,15,26,-0.4317081292470295,6.3735198974609375,0.00012476561535331547,2.3583639385836226,72
umbrella_only,15,27,-0.4317081292470295,6.956670761108398,0.00011149771037336878,2.425392046535593,38
umbrella_only,15,28,-0.4317081292470295,7.539821624755859,2.942692189267144e-05,3.2195349610725734,12
umbrella_only,15,29,-0.4317081292470295,8.12297248840332,2.7190395604889903e-05,3.266659219487878,4
umbrella_only,16,0,0.5038687229156498,-8.788402557373047,2.41339462511968e-05,3.337748113716158,3
umbrella_only,16,1,0.5038687229156498,-8.205251693725586,0.00012117932028303464,2.3757512598299706,13
umbrella_only,16,2,0.5038687229156498,-7.622100830078125,0.0003792350007695961,1.6956000192092628,41
umbrella_only,16,3,0.5038687229156498,-7.038949966430664,0.0007465337269393771,1.2918290902786995,79
umbrella_only,16,4,0.5038687229156498,-6.455799102783203,0.0013181665783044544,0.9528778411573313,119
umbrella_only,16,5,0.5038687229156498,-5.872648239135742,0.0027859838775029884,0.5067350208102193,205
umbrella_only,16,6,0.5038687229156498,-5.289497375488281,0.006434012542023825,0.007749647194357223,331
umbrella_only,16,7,0.5038687229156498,-4.70634651184082,0.0047409347899845695,0.18979586866388143,309
umbrella_only,16,8,0.5038687229156498,-4.123195648193359,0.003213423235616573,0.4216415181267106,309
umbrella_only,16,9,0.5038687229156498,-3.5400447845458984,0.0033205822479872526,0.4020854334662465,419
umbrella_only,16,10,0.5038687229156498,-2.9568939208984375,0.004915080181053719,0.1682901031287658,413
umbrella_only,16,11,0.5038687229156498,-2.3737430572509766,0.0032399534669467155,0.4167397786382767,352
umbrella_only,16,12,0.5038687229156498,-1.7905921936035156,0.002841429539170935,0.49498694981316005,274
umbrella_only,16,13,0.5038687229156498,-1.2074413299560547,0.0019577725595113105,0.7170569700515803,251
umbrella_only,16,14,0.5038687229156498,-0.6242904663085938,0.002019346833194974,0.6985958038642908,205
umbrella_only,16,15,0.5038687229156498,-0.04113960266113281,0.0020999682326038934,0.6752572177463141,264
umbrella_only,16,16,0.5038687229156498,0.5420112609863281,0.002128367632976854,0.6672489242056399,251
umbrella_only,16,17,0.5038687229156498,1.125162124633789,0.002753818723209284,0.5136579515881157,269
umbrella_only,16,18,0.5038687229156498,1.70831298828125,0.003326889320311133,0.400954166221517,252
umbrella_only,16,19,0.5038687229156498,2.291463851928711,0.003458509207173936,0.37782316715032715,282
umbrella_only,16,20,0.5038687229156498,2.874614715576172,0.0015396695960666102,0.860278476595826,179
umbrella_only,16,21,0.5038687229156498,3.457765579223633,0.0022352072149743533,0.6380497669431624,221
umbrella_only,16,22,0.5038687229156498,4.040916442871094,0.0014846082897948898,0.8819888137929999,196
umbrella_only,16,23,0.5038687229156498,4.624067306518555,0.0006500614793342462,1.37432222389064,158
umbrella_only,16,24,0.5038687229156498,5.207218170166016,0.0008107338045409689,1.2426463971119284,121
umbrella_only,16,25,0.5038687229156498,5.790369033813477,0.0005289875900533991,1.4971922374501188,97
umbrella_only,16,26,0.5038687229156498,6.3735198974609375,0.00019940552438405315,2.078821732253813,51
umbrella_only,16,27,0.5038687229156498,6.956670761108398,8.37145445770938e-05,2.5962466959133557,41
umbrella_only,16,28,0.5038687229156498,7.539821624755859,8.11534903991313e-05,2.6147696819670387,15
umbrella_only,16,29,0.5038687229156498,8.12297248840332,3.0123096568223346e-06,4.578307446172179,4
umbrella_only,17,0,1.439445575078329,-8.788402557373047,7.397290307941019e-06,4.042712192184544,3
umbrella_only,17,1,1.439445575078329,-8.205251693725586,1.9195137487089074e-05,3.4742466404406103,9
umbrella_only,17,2,1.439445575078329,-7.622100830078125,0.0004096568562944649,1.6495979462336297,46
umbrella_only,17,3,1.439445575078329,-7.038949966430664,0.000940511397138703,1.1541259873129381,80
umbrella_only,17,4,1.439445575078329,-6.455799102783203,0.0035487713471498775,0.3624637795095724,228
umbrella_only,17,5,1.439445575078329,-5.872648239135742,0.004874041596731589,0.17328866351964,371
umbrella_only,17,6,1.439445575078329,-5.289497375488281,0.006518195829003861,0.0,426
umbrella_only,17,7,1.439445575078329,-4.70634651184082,0.004121347673323516,0.2732907083711451,360
umbrella_only,17,8,1.439445575078329,-4.123195648193359,0.003945607240549861,0.29926983461801626,353
umbrella_only,17,9,1.439445575078329,-3.5400447845458984,0.0044887256178738405,0.22238531978055942,403
umbrella_only,17,10,1.439445575078329,-2.9568939208984375,0.00374341344644685,0.330630891283195,336
umbrella_only,17,11,1.439445575078329,-2.3737430572509766,0.002921386081751195,0.47844293495900914,306
umbrella_only,17,12,1.439445575078329,-1.7905921936035156,0.0019289214822019976,0.7259077881750415,253
umbrella_only,17,13,1.439445575078329,-1.2074413299560547,0.0019045100449544682,0.733500646030159,197
umbrella_only,17,14,1.439445575078329,-0.6242904663085938,0.0019926297944565393,0.7065359794325765,203
umbrella_only,17,15,1.439445575078329,-0.04113960266113281,0.0018752757000214627,0.7427227200523321,211
umbrella_only,17,16,1.439445575078329,0.5420112609863281,0.0020933603681716462,0.6771360860811453,201
umbrella_only,17,17,1.439445575078329,1.125162124633789,0.0019289993613424501,0.7258837189783112,204
umbrella_only,17,18,1.439445575078329,1.70831298828125,0.0021197521713414514,0.6696670347552627,199
umbrella_only,17,19,1.439445575078329,2.291463851928711,0.0019630318731393625,0.7154576038673475,245
umbrella_only,17,20,1.439445575078329,2.874614715576172,0.0028799078312219954,0.4869679807754741,281
umbrella_only,17,21,1.439445575078329,3.457765579223633,0.0018414066034710438,0.7535883260741447,212
umbrella_only,17,22,1.439445575078329,4.040916442871094,0.0012381686805163531,0.990202543612178,178
umbrella_only,17,23,1.439445575078329,4.624067306518555,0.0012435019358863744,0.9876401687273919,131
umbrella_only,17,24,1.439445575078329,5.207218170166016,0.001263069632872277,0.9783320441454975,110
umbrella_only,17,25,1.439445575078329,5.790369033813477,0.000566657946311814,1.4561817785011955,82
umbrella_only,17,26,1.439445575078329,6.3735198974609375,0.0003059185109965618,1.8236777015365884,46
umbrella_only,17,27,1.439445575078329,6.956670761108398,7.813090290148734e-05,2.637397962387569,17
umbrella_only,17,28,1.439445575078329,7.539821624755859,2.4102121149948218e-05,3.3385347821489337,7
umbrella_only,17,29,1.439445575078329,8.12297248840332,4.7499706099328645e-05,2.934084858805688,2
umbrella_only,18,0,2.3750224272410083,-8.788402557373047,0.0,,0
umbrella_only,18,1,2.3750224272410083,-8.205251693725586,3.963095065578818e-05,3.042057492843965,5
umbrella_only,18,2,2.3750224272410083,-7.622100830078125,0.00044163196313566015,1.604792253553979,42
umbrella_only,18,3,2.3750224272410083,-7.038949966430664,0.001073947747644754,1.0750315686053669,139
umbrella_only,18,4,2.3750224272410083,-6.455799102783203,0.0024627880847783007,0.5802458868631342,268
umbrella_only,18,5,2.3750224272410083,-5.872648239135742,0.0042822858338018455,0.25045372207849415,415
umbrella_only,18,6,2.3750224272410083,-5.289497375488281,0.005417829625018274,0.1102316076354688,479
umbrella_only,18,7,2.3750224272410083,-4.70634651184082,0.005390521550084908,0.11324410255143835,382
umbrella_only,18,8,2.3750224272410083,-4.123195648193359,0.00440606516443089,0.23346604813606486,405
umbrella_only,18,9,2.3750224272410083,-3.5400447845458984,0.004434422232101284,0.2296414979924637,375
umbrella_only,18,10,2.3750224272410083,-2.9568939208984375,0.00401785711992935,0.28845198943879025,330
umbrella_only,18,11,2.3750224272410083,-2.3737430572509766,0.0026672280643784568,0.532704600968577,259
umbrella_only,18,12,2.3750224272410083,-1.7905921936035156,0.001957228833427075,0.7172225630650115,203
umbrella_only,18,13,2.3750224272410083,-1.2074413299560547,0.0023926976793762346,0.5974586191806317,203
umbrella_only,18,14,2.3750224272410083,-0.6242904663085938,0.0022348344045669804,0.6381492090281324,193
umbrella_only,18,15,2.3750224272410083,-0.04113960266113281,0.001499961258915435,0.87585531529575,162
umbrella_only,18,16,2.3750224272410083,0.5420112609863281,0.001770888198580691,0.7768675357727544,171
umbrella_only,18,17,2.3750224272410083,1.125162124633789,0.002006826681188908,0.7023035694876771,193
umbrella_only,18,18,2.3750224272410083,1.70831298828125,0.00266332302531913,0.5335780691905088,228
umbrella_only,18,19,2.3750224272410083,2.291463851928711,0.002168693908700697,0.6560591054743914,313
umbrella_only,18,20,2.3750224272410083,2.874614715576172,0.0023074242836909164,0.6190930686027105,265
umbrella_only,18,21,2.3750224272410083,3.457765579223633,0.0018926182090394765,0.7372347707665701,218
umbrella_only,18,22,2.3750224272410083,4.040916442871094,0.0013309806629949418,0.9471104601971638,154
umbrella_only,18,23,2.3750224272410083,4.624067306518555,0.0009183306076739277,1.168354152388646,117
umbrella_only,18,24,2.3750224272410083,5.207218170166016,0.0006751994839007105,1.3517031276219522,104
umbrella_only,18,25,2.3750224272410083,5.790369033813477,0.00048179383385440984,1.552902722129717,68
umbrella_only,18,26,2.3750224272410083,6.3735198974609375,3.229862040253103e-05,3.164023671178534,20
umbrella_only,18,27,2.3750224272410083,6.956670761108398,1.3823649004222402e-05,3.6699521811472953,8
umbrella_only,18,28,2.3750224272410083,7.539821624755859,7.669018614674593e-06,4.021205735206221,5
umbrella_only,18,29,2.3750224272410083,8.12297248840332,0.0,,0
umbrella_only,19,0,3.3105992794036876,-8.788402557373047,6.78289287989955e-05,2.7216933069831746,1
umbrella_only,19,1,3.3105992794036876,-8.205251693725586,5.301096925733263e-05,2.8686410544755616,2
umbrella_only,19,2,3.3105992794036876,-7.622100830078125,0.00016278457018570886,2.1997905404919433,23
umbrella_only,19,3,3.3105992794036876,-7.038949966430664,0.0008571822260543497,1.2094337996084499,99
umbrella_only,19,4,3.3105992794036876,-6.455799102783203,0.0019722508289380406,0.7126644146928731,226
umbrella_only,19,5,3.3105992794036876,-5.872648239135742,0.0031054359142081,0.44201992074957763,296
umbrella_only,19,6,3.3105992794036876,-5.289497375488281,0.0028503213900923255,0.4931242606042243,345
umbrella_only,19,7,3.3105992794036876,-4.70634651184082,0.0033138340669442716,0.40329820198375366,371
umbrella_only,19,8,3.3105992794036876,-4.123195648193359,0.004629653139087412,0.20395611787769008,361
umbrella_only,19,9,3.3105992794036876,-3.5400447845458984,0.0038104730936006424,0.3200457666610186,339
umbrella_only,19,10,3.3105992794036876,-2.9568939208984375,0.002843520530855128,0.4945483994953057,263
umbrella_only,19,11,3.3105992794036876,-2.3737430572509766,0.0022429652745604065,0.6359841656952061,221
umbrella_only,19,12,3.3105992794036876,-1.7905921936035156,0.002310796569630229,0.6182224187506709,222
umbrella_only,19,13,3.3105992794036876,-1.2074413299560547,0.0017670905940805738,0.7781473544221824,157
umbrella_only,19,14,3.3105992794036876,-0.6242904663085938,0.0019025562808228438,0.7341125390330157,171
umbrella_only,19,15,3.3105992794036876,-0.04113960266113281,0.0016289675683381659,0.8266677532446374,160
umbrella_only,19,16,3.3105992794036876,0.5420112609863281,0.0014703842985760586,0.8877281569674298,140
umbrella_only,19,17,3.3105992794036876,1.125162124633789,0.002110475523422207,0.6722817342653507,142
umbrella_only,19,18,3.3105992794036876,1.70831298828125,0.002727755715141983,0.5193270794818536,248
umbrella_only,19,19,3.3105992794036876,2.291463851928711,0.0023841776407099837,0.5995852489049711,325
umbrella_only,19,20,3.3105992794036876,2.874614715576172,0.0030400311767011367,0.45471000388695826,218
umbrella_only,19,21,3.3105992794036876,3.457765579223633,0.0013183356369907023,0.9528013866473106,153
umbrella_only,19,22,3.3105992794036876,4.040916442871094,0.0018948691411306271,0.7365261644610399,157
umbrella_only,19,23,3.3105992794036876,4.624067306518555,0.0008233940986256381,1.2334087748968456,109
umbrella_only,19,24,3.3105992794036876,5.207218170166016,0.0007711491582442325,1.272489010612381,84
umbrella_only,19,25,3.3105992794036876,5.790369033813477,0.00026728078816030335,1.90417081043041,45
umbrella_only,19,26,3.3105992794036876,6.3735198974609375,7.76888285824481e-05,2.640780695696463,21
umbrella_only,19,27,3.3105992794036876,6.956670761108398,5.0697920780012845e-06,4.267950240526842,4
umbrella_only,19,28,3.3105992794036876,7.539821624755859,0.0,,0
umbrella_only,19,29,3.3105992794036876,8.12297248840332,0.0,,0
umbrella_only,20,0,4.246176131566367,-8.788402557373047,1.831733661070732e-06,4.8748644387435185,1
umbrella_only,20,1,4.246176131566367,-8.205251693725586,3.501609019748496e-05,3.115863880224133,1
umbrella_only,20,2,4.246176131566367,-7.622100830078125,0.00012970989052851534,2.3351950573162488,12
umbrella_only,20,3,4.246176131566367,-7.038949966430664,0.0005945360087338121,1.4275508757941604,68
umbrella_only,20,4,4.246176131566367,-6.455799102783203,0.0015321686703948887,0.8631899386790702,117
umbrella_only,20,5,4.246176131566367,-5.872648239135742,0.001558936075091364,0.8528647699217098,163
umbrella_only,20,6,4.246176131566367,-5.289497375488281,0.0020582784920694847,0.6872116030513138,186
umbrella_only,20,7,4.246176131566367,-4.70634651184082,0.0021663989420775726,0.6566903124215,251
umbrella_only,20,8,4.246176131566367,-4.123195648193359,0.002833719808974677,0.4966067293640597,358
umbrella_only,20,9,4.246176131566367,-3.5400447845458984,0.0034247554158916404,0.38367006269592707,274
umbrella_only,20,10,4.246176131566367,-2.9568939208984375,0.0034623960211865403,0.3771535529381187,201
umbrella_only,20,11,4.246176131566367,-2.3737430572509766,0.0016818918165255594,0.8076067956413695,190
umbrella_only,20,12,4.246176131566367,-1.7905921936035156,0.001725789415284219,0.7922464995823453,162
umbrella_only,20,13,4.246176131566367,-1.2074413299560547,0.0014002268355585278,0.9168742107732806,159
umbrella_only,20,14,4.246176131566367,-0.6242904663085938,0.0012294695092638455,0.9944058587930096,148
umbrella_only,20,15,4.246176131566367,-0.04113960266113281,0.0022841029983419105,0.6251491653986219,172
umbrella_only,20,16,4.246176131566367,0.5420112609863281,0.0012538386003802843,0.9827050353626547,132
umbrella_only,20,17,4.246176131566367,1.125162124633789,0.0025031090725455827,0.5705645184852792,161
umbrella_only,20,18,4.246176131566367,1.70831298828125,0.0022098989868362035,0.6448383330502803,237
umbrella_only,20,19,4.246176131566367,2.291463851928711,0.0019846907231175276,0.7089159602148176,209
umbrella_only,20,20,4.246176131566367,2.874614715576172,0.0011038255941850331,1.0586725357397637,127
umbrella_only,20,21,4.246176131566367,3.457765579223633,0.0008106681317323608,1.2426946906098313,123
umbrella_only,20,22,4.246176131566367,4.040916442871094,0.0012638025764175544,0.9779861995309549,132
umbrella_only,20,23,4.246176131566367,4.624067306518555,0.0005751299100874976,1.4473346894188013,78
umbrella_only,20,24,4.246176131566367,5.207218170166016,0.0006086498897455112,1.4135637848297393,53
umbrella_only,20,25,4.246176131566367,5.790369033813477,0.00023225455370875958,1.9879110588212874,30
umbrella_only,20,26,4.246176131566367,6.3735198974609375,7.147498236418762e-05,2.690479072090261,16
umbrella_only,20,27,4.246176131566367,6.956670761108398,9.968065526844657e-05,2.4921814414570282,4
umbrella_only,20,28,4.246176131566367,7.539821624755859,6.69135148723168e-09,8.220642122113802,1
umbrella_only,20,29,4.246176131566367,8.12297248840332,1.0872262280217193e-07,6.558554004362767,1
umbrella_only,21,0,5.181752983729046,-8.788402557373047,0.0,,0
umbrella_only,21,1,5.181752983729046,-8.205251693725586,4.1040435507766325e-06,4.393935266646659,1
umbrella_only,21,2,5.181752983729046,-7.622100830078125,8.144353667358216e-05,2.612642772956962,4
umbrella_only,21,3,5.181752983729046,-7.038949966430664,0.00021410981597403563,2.0364057635309245,35
umbrella_only,21,4,5.181752983729046,-6.455799102783203,0.0017592339430183444,0.780803853468572,96
umbrella_only,21,5,5.181752983729046,-5.872648239135742,0.0026303838351632225,0.5409971891537615,144
umbrella_only,21,6,5.181752983729046,-5.289497375488281,0.0018710218842983841,0.7440765694190223,137
umbrella_only,21,7,5.181752983729046,-4.70634651184082,0.002012565590209353,0.7006011640355432,162
umbrella_only,21,8,5.181752983729046,-4.123195648193359,0.0027588924398084763,0.5125605771258832,322
umbrella_only,21,9,5.181752983729046,-3.5400447845458984,0.0029346201268076974,0.4757483890999614,216
umbrella_only,21,10,5.181752983729046,-2.9568939208984375,0.0015244370446530185,0.8662059022284385,128
umbrella_only,21,11,5.181752983729046,-2.3737430572509766,0.002338065017608647,0.611228629445534,129
umbrella_only,21,12,5.181752983729046,-1.7905921936035156,0.0014773586386133443,0.8849071245273414,136
umbrella_only,21,13,5.181752983729046,-1.2074413299560547,0.0012787288924914928,0.9709864089688218,143
umbrella_only,21,14,5.181752983729046,-0.6242904663085938,0.001823112285569387,0.7595407879773775,147
umbrella_only,21,15,5.181752983729046,-0.04113960266113281,0.0015674720619489341,0.8496093808283298,157
umbrella_only,21,16,5.181752983729046,0.5420112609863281,0.0016934001187126559,0.8035414698250327,164
umbrella_only,21,17,5.181752983729046,1.125162124633789,0.0011817294684074145,1.018016090777809,151
umbrella_only,21,18,5.181752983729046,1.70831298828125,0.001648449931479103,0.8195799975285802,194
umbrella_only,21,19,5.181752983729046,2.291463851928711,0.0017267352943951433,0.7919198421007958,152
umbrella_only,21,20,5.181752983729046,2.874614715576172,0.0012361383283331113,0.9911809328087244,123
umbrella_only,21,21,5.181752983729046,3.457765579223633,0.0005432064556455797,1.4813793646059108,103
umbrella_only,21,22,5.181752983729046,4.040916442871094,0.0005562286145630138,1.4672563478378495,105
umbrella_only,21,23,5.181752983729046,4.624067306518555,0.00042943920830141463,1.6214827911749121,74
umbrella_only,21,24,5.181752983729046,5.207218170166016,0.0002749205976486488,1.8873694515330466,37
umbrella_only,21,25,5.181752983729046,5.790369033813477,2.163218824490234e-05,3.402990218777233,26
umbrella_only,21,26,5.181752983729046,6.3735198974609375,2.8524502679762375e-05,3.2381033012357077,11
umbrella_only,21,27,5.181752983729046,6.956670761108398,1.196510610793714e-05,3.756029661626586,1
umbrella_only,21,28,5.181752983729046,7.539821624755859,6.282165375861891e-09,8.25826058052629,1
umbrella_only,21,29,5.181752983729046,8.12297248840332,0.0,,0
umbrella_only,22,0,6.117329835891725,-8.788402557373047,0.0,,0
umbrella_only,22,1,6.117329835891725,-8.205251693725586,8.733311307789043e-05,2.5710189627695708,1
umbrella_only,22,2,6.117329835891725,-7.622100830078125,6.284591421614528e-05,2.7671821162728647,3
umbrella_only,22,3,6.117329835891725,-7.038949966430664,0.0001690895825953691,2.177135829097826,13
umbrella_only,22,4,6.117329835891725,-6.455799102783203,0.0005697793757415758,1.4529068419951394,48
umbrella_only,22,5,6.117329835891725,-5.872648239135742,0.0031253019992774143,0.4382183065737739,126
umbrella_only,22,6,6.117329835891725,-5.289497375488281,0.0031592601848697568,0.4317756135922233,139
umbrella_only,22,7,6.117329835891725,-4.70634651184082,0.002525705001701343,0.5652070292429965,104
umbrella_only,22,8,6.117329835891725,-4.123195648193359,0.001501417079096723,0.8752769785520655,97
umbrella_only,22,9,6.117329835891725,-3.5400447845458984,0.0020283331141924188,0.6959487163318405,114
umbrella_only,22,10,6.117329835891725,-2.9568939208984375,0.002275874353975195,0.62730075698967,133
umbrella_only,22,11,6.117329835891725,-2.3737430572509766,0.0015968043643439156,0.8385564376472323,123
umbrella_only,22,12,6.117329835891725,-1.7905921936035156,0.001183537715550508,1.0171045598147468,127
umbrella_only,22,13,6.117329835891725,-1.2074413299560547,0.0013367296319222678,0.9445409773168794,97
umbrella_only,22,14,6.117329835891725,-0.6242904663085938,0.0018626402309928182,0.7467532045202003,125
umbrella_only,22,15,6.117329835891725,-0.04113960266113281,0.003772576954918677,0.32600442403223173,255
umbrella_only,22,16,6.117329835891725,0.5420112609863281,0.0026785868433215577,0.5301711521027315,205
umbrella_only,22,17,6.117329835891725,1.125162124633789,0.0016984049987516531,0.8017821011464479,199
umbrella_only,22,18,6.117329835891725,1.70831298828125,0.0014880253893781981,0.8806182154816051,214
umbrella_only,22,19,6.117329835891725,2.291463851928711,0.0012452886842400789,0.986784178387611,192
umbrella_only,22,20,6.117329835891725,2.874614715576172,0.0006567393860398603,1.36822926182947,135
umbrella_only,22,21,6.117329835891725,3.457765579223633,0.0005683479775419855,1.45440640112071,142
umbrella_only,22,22,6.117329835891725,4.040916442871094,0.00045148829042075824,1.5916334449738314,97
umbrella_only,22,23,6.117329835891725,4.624067306518555,0.00021138238245820644,2.044048735721566,76
umbrella_only,22,24,6.117329835891725,5.207218170166016,6.831143235925216e-05,2.717467504423434,42
umbrella_only,22,25,6.117329835891725,5.790369033813477,7.61639330389562e-05,2.652598662897717,26
umbrella_only,22,26,6.117329835891725,6.3735198974609375,2.2968309297883845e-05,3.3672604806195916,20
umbrella_only,22,27,6.117329835891725,6.956670761108398,6.220057204957532e-06,4.146047601501911,2
umbrella_only,22,28,6.117329835891725,7.539821624755859,1.8490496108723946e-07,6.2419672822989245,2
umbrella_only,22,29,6.117329835891725,8.12297248840332,0.0,,0
umbrella_only,23,0,7.052906688054403,-8.788402557373047,0.0,,0
umbrella_only,23,1,7.052906688054403,-8.205251693725586,1.2804264878006357e-05,3.715619632804452,1
umbrella_only,23,2,7.052906688054403,-7.622100830078125,5.004503251743893e-05,2.9029654029890986,2
umbrella_only,23,3,7.052906688054403,-7.038949966430664,0.00028832245455544643,1.8589938633254808,12
umbrella_only,23,4,7.052906688054403,-6.455799102783203,0.0007489844997512501,1.2898751760669938,20
umbrella_only,23,5,7.052906688054403,-5.872648239135742,0.0006218315549181793,1.400790412236828,32
umbrella_only,23,6,7.052906688054403,-5.289497375488281,0.0005167675759218788,1.5111255768934746,60
umbrella_only,23,7,7.052906688054403,-4.70634651184082,0.0009534255167107527,1.1459958143509312,70
umbrella_only,23,8,7.052906688054403,-4.123195648193359,0.001670591778853102,0.811625708913529,63
umbrella_only,23,9,7.052906688054403,-3.5400447845458984,0.0010508065016866736,1.0880179742442793,69
umbrella_only,23,10,7.052906688054403,-2.9568939208984375,0.0012255837220570478,0.9962930340041671,70
umbrella_only,23,11,7.052906688054403,-2.3737430572509766,0.0016219676879734874,0.8292350538773978,94
umbrella_only,23,12,7.052906688054403,-1.7905921936035156,0.0008935088778677141,1.1846896833640543,71
umbrella_only,23,13,7.052906688054403,-1.2074413299560547,0.0010109322444282678,1.1110805011418319,93
umbrella_only,23,14,7.052906688054403,-0.6242904663085938,0.0010373444200037392,1.095704854461521,137
umbrella_only,23,15,7.052906688054403,-0.04113960266113281,0.0018173813767994513,0.7614177579892196,147
umbrella_only,23,16,7.052906688054403,0.5420112609863281,0.0018794682692610772,0.7413913651085551,213
umbrella_only,23,17,7.052906688054403,1.125162124633789,0.0020125120034920263,0.7006170376802721,330
umbrella_only,23,18,7.052906688054403,1.70831298828125,0.0019405336038758295,0.7223296522772076,263
umbrella_only,23,19,7.052906688054403,2.291463851928711,0.0016331418049988675,0.8251420412993551,213
umbrella_only,23,20,7.052906688054403,2.874614715576172,0.000966025185732507,1.1381690515581169,178
umbrella_only,23,21,7.052906688054403,3.457765579223633,0.00040346762473436886,1.6586736819704506,153
umbrella_only,23,22,7.052906688054403,4.040916442871094,0.0005156159303426597,1.5124556384073586,84
umbrella_only,23,23,7.052906688054403,4.624067306518555,0.00026757683705925617,1.903510848229136,58
umbrella_only,23,24,7.052906688054403,5.207218170166016,0.00022376187311037092,2.010118999106537,67
umbrella_only,23,25,7.052906688054403,5.790369033813477,7.732012836422895e-05,2.6436167280393232,40
umbrella_only,23,26,7.052906688054403,6.3735198974609375,1.741644614758347e-05,3.5322185854215316,21
umbrella_only,23,27,7.052906688054403,6.956670761108398,0.0,,0
umbrella_only,23,28,7.052906688054403,7.539821624755859,0.0,,0
umbrella_only,23,29,7.052906688054403,8.12297248840332,0.0,,0
umbrella_only,24,0,7.98848354021708,-8.788402557373047,0.0,,0
umbrella_only,24,1,7.98848354021708,-8.205251693725586,0.0,,0
umbrella_only,24,2,7.98848354021708,-7.622100830078125,0.00018626204534093972,2.1194716054206792,3
umbrella_only,24,3,7.98848354021708,-7.038949966430664,0.00033644960258264866,1.766965114163399,14
umbrella_only,24,4,7.98848354021708,-6.455799102783203,0.00021092430680897796,2.0453420473281336,11
umbrella_only,24,5,7.98848354021708,-5.872648239135742,0.00016123107414569516,2.2055071859484046,11
umbrella_only,24,6,7.98848354021708,-5.289497375488281,0.00030293852871068124,1.8295134367481913,30
umbrella_only,24,7,7.98848354021708,-4.70634651184082,0.0006548310652472576,1.3699640794497818,39
umbrella_only,24,8,7.98848354021708,-4.123195648193359,0.0006637386390135907,1.3619092434804174,49
umbrella_only,24,9,7.98848354021708,-3.5400447845458984,0.0007623736025195158,1.2793121289304925,49
umbrella_only,24,10,7.98848354021708,-2.9568939208984375,0.0007140344648868162,1.3183639692516436,41
umbrella_only,24,11,7.98848354021708,-2.3737430572509766,0.001387593072781081,0.9222775811245039,67
umbrella_only,24,12,7.98848354021708,-1.7905921936035156,0.000880970387511347,1.1931147881078394,79
umbrella_only,24,13,7.98848354021708,-1.2074413299560547,0.0009725894616591843,1.134131754012221,74
umbrella_only,24,14,7.98848354021708,-0.6242904663085938,0.0009071390385958963,1.1756641218834871,126
umbrella_only,24,15,7.98848354021708,-0.04113960266113281,0.001132661959697927,1.0432983591962874,142
umbrella_only,24,16,7.98848354021708,0.5420112609863281,0.0013123835926426423,0.9554990401084362,186
umbrella_only,24,17,7.98848354021708,1.125162124633789,0.0012265353227726783,0.9958303260226247,246
umbrella_only,24,18,7.98848354021708,1.70831298828125,0.0015703574426698798,0.8485129842655197,248
umbrella_only,24,19,7.98848354021708,2.291463851928711,0.0010948809892701687,1.0635230751892304,213
umbrella_only,24,20,7.98848354021708,2.874614715576172,0.001076685050864478,1.073513991948888,160
umbrella_only,24,21,7.98848354021708,3.457765579223633,0.0008545261551852799,1.2112839370394624,121
umbrella_only,24,22,7.98848354021708,4.040916442871094,0.0008012906251180963,1.2496310583891321,136
umbrella_only,24,23,7.98848354021708,4.624067306518555,0.0004892019201262055,1.5438058752066168,99
umbrella_only,24,24,7.98848354021708,5.207218170166016,0.00048726134571643357,1.5461754407252406,156
umbrella_only,24,25,7.98848354021708,5.790369033813477,9.558586732924787e-05,2.5171884104439317,97
umbrella_only,24,26,7.98848354021708,6.3735198974609375,3.390087750394685e-05,3.135159699146413,15
umbrella_only,24,27,7.98848354021708,6.956670761108398,4.510444679074019e-09,8.455780126339675,1
umbrella_only,24,28,7.98848354021708,7.539821624755859,0.0,,0
umbrella_only,24,29,7.98848354021708,8.12297248840332,0.0,,0
umbrella_only,25,0,8.92406039237976,-8.788402557373047,0.0,,0
umbrella_only,25,1,8.92406039237976,-8.205251693725586,5.4537361418792494e-05,2.851717741920764,2
umbrella_only,25,2,8.92406039237976,-7.622100830078125,0.0001206806844089039,2.378209440721285,5
umbrella_only,25,3,8.92406039237976,-7.038949966430664,0.00017647563506331004,2.1516474467801223,7
umbrella_only,25,4,8.92406039237976,-6.455799102783203,0.0003996833152950522,1.6642917428697381,14
umbrella_only,25,5,8.92406039237976,-5.872648239135742,0.0005255200854717924,1.5011129285178169,31
umbrella_only,25,6,8.92406039237976,-5.289497375488281,0.00041815344712739755,1.6373595957046079,22
umbrella_only,25,7,8.92406039237976,-4.70634651184082,0.0003802813126986136,1.6939574710772543,34
umbrella_only,25,8,8.92406039237976,-4.123195648193359,0.0008475002010666131,1.216205865022855,38
umbrella_only,25,9,8.92406039237976,-3.5400447845458984,0.0009623386574118761,1.1404484638368229,60
umbrella_only,25,10,8.92406039237976,-2.9568939208984375,0.0010702532037794334,1.077085990014981,46
umbrella_only,25,11,8.92406039237976,-2.3737430572509766,0.0014087817291963457,0.9132429565628106,101
umbrella_only,25,12,8.92406039237976,-1.7905921936035156,0.0010124998599098985,1.1101567717680871,127
umbrella_only,25,13,8.92406039237976,-1.2074413299560547,0.000753428292135313,1.286348549184075,84
umbrella_only,25,14,8.92406039237976,-0.6242904663085938,0.000954680145642613,1.1452118312524369,119
umbrella_only,25,15,8.92406039237976,-0.04113960266113281,0.0007333682239640102,1.3024365094195942,143
umbrella_only,25,16,8.92406039237976,0.5420112609863281,0.0011521914692572853,1.0331068775326782,159
umbrella_only,25,17,8.92406039237976,1.125162124633789,0.0010972421494146992,1.0622388108448733,196
umbrella_only,25,18,8.92406039237976,1.70831298828125,0.001485240206081324,0.8817351146384067,251
umbrella_only,25,19,8.92406039237976,2.291463851928711,0.0015340533300960697,0.8624570750595439,234
umbrella_only,25,20,8.92406039237976,2.874614715576172,0.0012973299947191196,0.9623767846634999,226
umbrella_only,25,21,8.92406039237976,3.457765579223633,0.0013932890475418056,0.9198353889046635,199
umbrella_only,25,22,8.92406039237976,4.040916442871094,0.0007064254262069305,1.3247509959297905,144
umbrella_only,25,23,8.92406039237976,4.624067306518555,0.00034122057219388455,1.7585707227964869,243
umbrella_only,25,24,8.92406039237976,5.207218170166016,0.000495445365439574,1.5362455025258899,497
umbrella_only,25,25,8.92406039237976,5.790369033813477,0.0002458590299927073,1.9539749724917406,222
umbrella_only,25,26,8.92406039237976,6.3735198974609375,3.6796964149921513e-06,4.459001779062731,9
umbrella_only,25,27,8.92406039237976,6.956670761108398,0.0,,0
umbrella_only,25,28,8.92406039237976,7.539821624755859,0.0,,0
umbrella_only,25,29,8.92406039237976,8.12297248840332,0.0,,0
umbrella_only,26,0,9.859637244542439,-8.788402557373047,0.0,,0
umbrella_only,26,1,9.859637244542439,-8.205251693725586,0.0,,0
umbrella_only,26,2,9.859637244542439,-7.622100830078125,0.0,,0
umbrella_only,26,3,9.859637244542439,-7.038949966430664,0.0,,0
umbrella_only,26,4,9.859637244542439,-6.455799102783203,1.4346089637714915e-05,3.647836633915255,16
umbrella_only,26,5,9.859637244542439,-5.872648239135742,0.0006652663060116735,1.3605386897983665,87
umbrella_only,26,6,9.859637244542439,-5.289497375488281,0.00047851780789340953,1.5569702504483058,50
umbrella_only,26,7,9.859637244542439,-4.70634651184082,0.0001965586800127288,2.087394262813748,16
umbrella_only,26,8,9.859637244542439,-4.123195648193359,0.0002603888221693221,1.9197447863959298,21
umbrella_only,26,9,9.859637244542439,-3.5400447845458984,0.00025025865495841037,1.9434010506954187,39
umbrella_only,26,10,9.859637244542439,-2.9568939208984375,0.00033070532729008825,1.7772313925701995,53
umbrella_only,26,11,9.859637244542439,-2.3737430572509766,0.0007881089472976493,1.2595198065762179,84
umbrella_only,26,12,9.859637244542439,-1.7905921936035156,0.0008885792169667769,1.1879879270877525,110
umbrella_only,26,13,9.859637244542439,-1.2074413299560547,0.0013043432425226622,0.9591626708861458,93
umbrella_only,26,14,9.859637244542439,-0.6242904663085938,0.0008252896136643834,1.2320379441466183,109
umbrella_only,26,15,9.859637244542439,-0.04113960266113281,0.0005404855984047058,1.484372969904014,155
umbrella_only,26,16,9.859637244542439,0.5420112609863281,0.0009174491337095108,1.1689266619041727,201
umbrella_only,26,17,9.859637244542439,1.125162124633789,0.0007873682185535145,1.2600803908062699,194
umbrella_only,26,18,9.859637244542439,1.70831298828125,0.0013066710275447954,0.958099684998762,224
umbrella_only,26,19,9.859637244542439,2.291463851928711,0.0015090676683828066,0.87224690513569,252
umbrella_only,26,20,9.859637244542439,2.874614715576172,0.0013028557321216145,0.9598429382581166,192
umbrella_only,26,21,9.859637244542439,3.457765579223633,0.0003687719197099487,1.7122792516503202,145
umbrella_only,26,22,9.859637244542439,4.040916442871094,0.00024432727004931876,1.9577008168780563,182
umbrella_only,26,23,9.859637244542439,4.624067306518555,0.0007921687724604472,1.2564566540045585,679
umbrella_only,26,24,9.859637244542439,5.207218170166016,0.0007638637187096361,1.278148024447431,844
umbrella_only,26,25,9.859637244542439,5.790369033813477,0.00011574944940109498,2.403081378279438,179
umbrella_only,26,26,9.859637244542439,6.3735198974609375,3.200479850989601e-08,7.287608006161927,1
umbrella_only,26,27,9.859637244542439,6.956670761108398,0.0,,0
umbrella_only,26,28,9.859637244542439,7.539821624755859,0.0,,0
umbrella_only,26,29,9.859637244542439,8.12297248840332,0.0,,0
umbrella_only,27,0,10.795214096705118,-8.788402557373047,0.0,,0
umbrella_only,27,1,10.795214096705118,-8.205251693725586,0.0,,0
umbrella_only,27,2,10.795214096705118,-7.622100830078125,0.0,,0
umbrella_only,27,3,10.795214096705118,-7.038949966430664,0.0,,0
umbrella_only,27,4,10.795214096705118,-6.455799102783203,3.140957354094116e-05,3.1806635942213366,1
umbrella_only,27,5,10.795214096705118,-5.872648239135742,3.433213453441224e-07,5.873047835584039,3
umbrella_only,27,6,10.795214096705118,-5.289497375488281,5.370798615211998e-07,5.606277631265307,9
umbrella_only,27,7,10.795214096705118,-4.70634651184082,6.34577916899858e-07,5.50683001390445,10
umbrella_only,27,8,10.795214096705118,-4.123195648193359,4.323594833502269e-05,2.990154564437638,21
umbrella_only,27,9,10.795214096705118,-3.5400447845458984,0.00016416420499429412,2.1947592340957294,21
umbrella_only,27,10,10.795214096705118,-2.9568939208984375,0.00018439131144896954,2.1254894577165095,47
umbrella_only,27,11,10.795214096705118,-2.3737430572509766,0.00013569361818712323,2.308308665681906,36
umbrella_only,27,12,10.795214096705118,-1.7905921936035156,0.0003608753377687581,1.7251836246565433,39
umbrella_only,27,13,10.795214096705118,-1.2074413299560547,0.0005797917648095769,1.4425218394707167,52
umbrella_only,27,14,10.795214096705118,-0.6242904663085938,0.0006356430463635307,1.387693992625429,81
umbrella_only,27,15,10.795214096705118,-0.04113960266113281,0.0007910733752228789,1.2572815859605124,109
umbrella_only,27,16,10.795214096705118,0.5420112609863281,0.0004824313809793355,1.5521143565942332,146
umbrella_only,27,17,10.795214096705118,1.125162124633789,0.0011160501213930557,1.0521065254204278,447
umbrella_only,27,18,10.795214096705118,1.70831298828125,0.0008261400815908147,1.2314239112370111,426
umbrella_only,27,19,10.795214096705118,2.291463851928711,0.0006588868839112052,1.3662830309873386,199
umbrella_only,27,20,10.795214096705118,2.874614715576172,0.0003436403965910886,1.754357863038749,117
umbrella_only,27,21,10.795214096705118,3.457765579223633,0.0001571908417482178,2.220636542676527,77
umbrella_only,27,22,10.795214096705118,4.040916442871094,0.0001933983381153326,2.0970574545298093,195
umbrella_only,27,23,10.795214096705118,4.624067306518555,0.0005194931699419348,1.5079894987071065,391
umbrella_only,27,24,10.795214096705118,5.207218170166016,0.00032226785895253556,1.7926389835489025,313
umbrella_only,27,25,10.795214096705118,5.790369033813477,2.238740405076808e-05,3.382532300941359,44
umbrella_only,27,26,10.795214096705118,6.3735198974609375,0.0,,0
umbrella_only,27,27,10.795214096705118,6.956670761108398,0.0,,0
umbrella_only,27,28,10.795214096705118,7.539821624755859,0.0,,0
umbrella_only,27,29,10.795214096705118,8.12297248840332,0.0,,0
umbrella_only,28,0,11.730790948867797,-8.788402557373047,0.0,,0
umbrella_only,28,1,11.730790948867797,-8.205251693725586,0.0,,0
umbrella_only,28,2,11.730790948867797,-7.622100830078125,0.0,,0
umbrella_only,28,3,11.730790948867797,-7.038949966430664,0.0,,0
umbrella_only,28,4,11.730790948867797,-6.455799102783203,0.0,,0
umbrella_only,28,5,11.730790948867797,-5.872648239135742,0.0,,0
umbrella_only,28,6,11.730790948867797,-5.289497375488281,1.3032689820759835e-08,7.823214227172992,2
umbrella_only,28,7,11.730790948867797,-4.70634651184082,3.4597524574203494e-07,5.868457183344804,17
umbrella_only,28,8,11.730790948867797,-4.123195648193359,6.140483143467637e-08,6.899147722995238,8
umbrella_only,28,9,11.730790948867797,-3.5400447845458984,1.1653149863440166e-05,3.771779092885548,6
umbrella_only,28,10,11.730790948867797,-2.9568939208984375,1.61632715303424e-05,3.576736011885481,12
umbrella_only,28,11,11.730790948867797,-2.3737430572509766,5.967665299583518e-05,2.798030512949286,10
umbrella_only,28,12,11.730790948867797,-1.7905921936035156,9.881967724987573e-05,2.497353069815238,22
umbrella_only,28,13,11.730790948867797,-1.2074413299560547,0.0001683845468412534,2.17962677931154,31
umbrella_only,28,14,11.730790948867797,-0.6242904663085938,0.0003490497113527482,1.7450466587428237,44
umbrella_only,28,15,11.730790948867797,-0.04113960266113281,0.0004384542173258058,1.609097416563754,64
umbrella_only,28,16,11.730790948867797,0.5420112609863281,0.00032599616818457895,1.7857815982596104,139
umbrella_only,28,17,11.730790948867797,1.125162124633789,0.00038806236656519947,1.6818823496740136,222
umbrella_only,28,18,11.730790948867797,1.70831298828125,0.0003034972029600619,1.828415018462144,128
umbrella_only,28,19,11.730790948867797,2.291463851928711,0.0006224711198295645,1.4001775647745682,184
umbrella_only,28,20,11.730790948867797,2.874614715576172,0.00043138186713708994,1.6187920114703807,128
umbrella_only,28,21,11.730790948867797,3.457765579223633,8.500954353435091e-05,2.5870951467549026,79
umbrella_only,28,22,11.730790948867797,4.040916442871094,3.254477153785507e-05,3.159497489687632,47
umbrella_only,28,23,11.730790948867797,4.624067306518555,5.457967570420967e-06,4.22396744423725,25
umbrella_only,28,24,11.730790948867797,5.207218170166016,4.055267174863505e-07,5.773775128989863,6
umbrella_only,28,25,11.730790948867797,5.790369033813477,0.0,,0
umbrella_only,28,26,11.730790948867797,6.3735198974609375,0.0,,0
umbrella_only,28,27,11.730790948867797,6.956670761108398,0.0,,0
umbrella_only,28,28,11.730790948867797,7.539821624755859,0.0,,0
umbrella_only,28,29,11.730790948867797,8.12297248840332,0.0,,0
umbrella_only,29,0,12.666367801030477,-8.788402557373047,0.0,,0
umbrella_only,29,1,12.666367801030477,-8.205251693725586,0.0,,0
umbrella_only,29,2,12.666367801030477,-7.622100830078125,0.0,,0
umbrella_only,29,3,12.666367801030477,-7.038949966430664,0.0,,0
umbrella_only,29,4,12.666367801030477,-6.455799102783203,0.0,,0
umbrella_only,29,5,12.666367801030477,-5.872648239135742,0.0,,0
umbrella_only,29,6,12.666367801030477,-5.289497375488281,0.0,,0
umbrella_only,29,7,12.666367801030477,-4.70634651184082,0.0,,0
umbrella_only,29,8,12.666367801030477,-4.123195648193359,0.0,,0
umbrella_only,29,9,12.666367801030477,-3.5400447845458984,0.0,,0
umbrella_only,29,10,12.666367801030477,-2.9568939208984375,4.627862586122859e-07,5.695035015524521,4
umbrella_only,29,11,12.666367801030477,-2.3737430572509766,1.5495231307326303e-06,4.974611549316776,4
umbrella_only,29,12,12.666367801030477,-1.7905921936035156,5.584467356536886e-06,4.210307853057644,7
umbrella_only,29,13,12.666367801030477,-1.2074413299560547,7.766617436276618e-06,4.013666633687276,6
umbrella_only,29,14,12.666367801030477,-0.6242904663085938,0.0001313717381467815,2.327605533803251,7
umbrella_only,29,15,12.666367801030477,-0.04113960266113281,3.4385674496217665e-05,3.1266947220267096,9
umbrella_only,29,16,12.666367801030477,0.5420112609863281,0.00016837969941675105,2.1796439417438154,16
umbrella_only,29,17,12.666367801030477,1.125162124633789,0.00030396820028960755,1.8274905528893242,33
umbrella_only,29,18,12.666367801030477,1.70831298828125,0.00028006347589672566,1.876320224074917,30
umbrella_only,29,19,12.666367801030477,2.291463851928711,0.00028301760279060225,1.8700648115307286,32
umbrella_only,29,20,12.666367801030477,2.874614715576172,0.00016859388364867938,2.1788860879003145,32
umbrella_only,29,21,12.666367801030477,3.457765579223633,5.556818662163777e-07,5.585978848849676,9
umbrella_only,29,22,12.666367801030477,4.040916442871094,0.0,,0
umbrella_only,29,23,12.666367801030477,4.624067306518555,0.0,,0
umbrella_only,29,24,12.666367801030477,5.207218170166016,0.0,,0
umbrella_only,29,25,12.666367801030477,5.790369033813477,0.0,,0
umbrella_only,29,26,12.666367801030477,6.3735198974609375,0.0,,0
umbrella_only,29,27,12.666367801030477,6.956670761108398,0.0,,0
umbrella_only,29,28,12.666367801030477,7.539821624755859,0.0,,0
umbrella_only,29,29,12.666367801030477,8.12297248840332,0.0,,0
