event_type,replica,step,cv2,phi_0,psi_0,phi_1,psi_1,phi_2,psi_2,phi_3,psi_3,phi_4,psi_4,phi_5,psi_5,phi_6,psi_6,phi_7,psi_7,phi_8,psi_8,phi_9,psi_9
fold_A,60,1181500,0.8190685510635376,,145.2197723388672,-90.76899719238281,-23.433513641357422,-99.81033325195312,-174.97811889648438,-74.76439666748047,-22.84027099609375,-84.68087768554688,-45.05745315551758,-71.7940673828125,-46.57109832763672,85.57846069335938,142.75587463378906,-58.41302490234375,151.88265991210938,70.18571472167969,169.07095336914062,60.39354705810547,
fold_A,60,1282000,0.8354682326316833,,-96.4607925415039,-163.80555725097656,-28.45078468322754,-136.18853759765625,166.38815307617188,-53.33544921875,-30.087173461914062,-67.016357421875,-39.814971923828125,-102.35078430175781,2.3808815479278564,83.57953643798828,132.51084899902344,-70.08782196044922,161.7018280029297,40.24967575073242,-153.94786071777344,-49.72085952758789,
fold_A,62,1054750,0.8341453671455383,,-102.88578033447266,-145.67893981933594,-36.909690856933594,-91.45343780517578,144.36366271972656,-44.42142868041992,-29.54926109313965,-74.27099609375,-35.6244010925293,-83.47093200683594,-1.6876499652862549,75.39723205566406,139.28515625,-93.24537658691406,151.5627899169922,36.234195709228516,84.03482818603516,-165.94764709472656,
fold_A,63,1030750,0.8299330472946167,,161.70155334472656,-70.120361328125,-47.77699279785156,-88.92335510253906,143.48196411132812,-39.504974365234375,-44.793540954589844,-45.47262954711914,-39.30900192260742,-94.7830581665039,13.635119438171387,79.55770874023438,138.47760009765625,-65.06419372558594,120.86874389648438,68.43895721435547,167.6494903564453,49.27570343017578,
fold_B,60,1133500,0.8905729651451111,,175.70513916015625,-74.44817352294922,-32.94577407836914,-148.75514221191406,175.9053192138672,-58.794525146484375,-27.98033332824707,-68.25342559814453,-50.754371643066406,-67.50809478759766,-17.66153907775879,126.26237487792969,116.50093078613281,-58.93107223510742,124.29496765136719,56.8797607421875,159.59779357910156,92.30811309814453,
fold_B,60,1168000,0.8964455127716064,,-135.9252471923828,-145.19642639160156,9.616593360900879,-157.47206115722656,178.3966064453125,-65.65831756591797,-29.784465789794922,-72.80279541015625,-23.978857040405273,-116.00160217285156,-13.264856338500977,86.1146469116211,148.06280517578125,-88.18561553955078,122.28138732910156,73.07780456542969,153.79754638671875,64.70901489257812,
fold_B,62,1022250,0.8461313843727112,,-128.3356170654297,-110.68754577636719,-48.319541931152344,-57.64955139160156,138.3351287841797,-63.96880340576172,-10.672259330749512,-69.72444915771484,-33.04424285888672,-98.62739562988281,-2.753082275390625,87.35022735595703,128.3482208251953,-77.46715545654297,154.96180725097656,59.86786651611328,36.234107971191406,166.72592163085938,
fold_B,62,1026000,0.879182755947113,,-126.7280044555664,-118.96073150634766,-36.93706512451172,-67.28060913085938,119.27244567871094,-50.575843811035156,-27.63678550720215,-60.08795928955078,-20.422788619995117,-104.66656494140625,-2.189286947250366,91.63916015625,141.03810119628906,-73.23558807373047,147.76441955566406,45.61901092529297,62.57831954956055,149.03565979003906,
fold_B,62,1039250,0.8756906986236572,,-155.65341186523438,-103.79358673095703,-80.20161437988281,-54.145687103271484,155.8353271484375,-69.89385986328125,-30.7386531829834,-53.75546646118164,-34.01924514770508,-95.8277587890625,-3.494503974914551,81.3424301147461,136.27313232421875,-65.20404052734375,148.92384338378906,62.6331787109375,51.453975677490234,-158.1553497314453,
fold_B,62,1072500,0.9202489852905273,,-127.0420150756836,-129.56561279296875,-51.477210998535156,-69.39163970947266,150.7346954345703,-73.4203109741211,-26.420528411865234,-35.10630798339844,-30.26788330078125,-127.37309265136719,17.461345672607422,63.37773895263672,122.7757339477539,-69.23027801513672,145.1669921875,56.62592315673828,30.106754302978516,167.3684844970703,
fold_B,62,1078750,0.9245052337646484,,-118.96549987792969,-105.77875518798828,-49.49745178222656,-76.03388977050781,152.63735961914062,-58.697261810302734,-29.33416175842285,-82.98859405517578,-18.725650787353516,-96.8192138671875,-8.177790641784668,81.30553436279297,149.6670379638672,-77.72660064697266,122.84762573242188,82.89668273925781,-50.27170181274414,-75.56533813476562,
fold_B,62,1088250,0.8568729162216187,,-117.0645751953125,-141.9258575439453,-59.69272994995117,-70.04235076904297,159.91183471679688,-70.21646881103516,-18.727466583251953,-80.77684783935547,-5.752623558044434,-108.51292419433594,8.635198593139648,76.17190551757812,122.7788314819336,-88.33389282226562,120.01880645751953,60.010948181152344,23.032197952270508,173.1195526123047,
fold_B,63,1014750,0.8538099527359009,,-119.61372375488281,-91.2627182006836,5.7369513511657715,-122.41486358642578,118.38671875,-64.76485443115234,-17.568143844604492,-64.39598083496094,-18.575984954833984,-131.0625,-23.143939971923828,169.3997802734375,109.3127670288086,-73.95201873779297,105.68589782714844,65.4236068725586,60.818138122558594,-110.2698974609375,
fold_B,63,1034250,0.9116382598876953,,-127.81664276123047,-96.09333038330078,-42.10407257080078,-83.90303039550781,135.39739990234375,-56.851871490478516,-17.06624984741211,-61.05459976196289,-29.532596588134766,-92.13825988769531,3.060302257537842,74.76271057128906,160.8667755126953,-48.81415557861328,160.77728271484375,69.61666107177734,132.53944396972656,-130.2270965576172,
fold_B,63,1073750,0.9146460890769958,,-111.42867279052734,-77.716796875,-26.46720314025879,-99.59941864013672,111.43667602539062,-64.67292022705078,-13.049713134765625,-57.86094665527344,-29.65264320373535,-86.98703002929688,-23.39166831970215,130.61740112304688,132.11740112304688,-79.3476333618164,129.2078399658203,61.21333312988281,-171.28614807128906,49.793251037597656,
fold_B,63,1079000,0.9100866317749023,,169.57061767578125,-87.31071472167969,-40.61548614501953,-75.88084411621094,125.93355560302734,-59.291954040527344,-26.634288787841797,-54.071800231933594,-40.27365493774414,-68.43180084228516,-15.872542381286621,100.97469329833984,124.75176239013672,-82.51167297363281,158.14566040039062,59.37371063232422,150.26573181152344,66.60584259033203,
fold_B,63,1099500,0.868248701095581,,-129.51559448242188,-78.87093353271484,3.1520628929138184,177.68411254882812,160.62562561035156,-55.70128631591797,-35.821475982666016,-68.5160903930664,-33.25153350830078,-69.38947296142578,6.4268364906311035,74.08250427246094,131.38568115234375,-63.96376037597656,144.5759735107422,42.292842864990234,170.9521942138672,71.49102783203125,
fold_B,63,1103500,0.8703628182411194,,-174.41583251953125,-120.60064697265625,7.613913059234619,-148.44171142578125,159.02548217773438,-73.4872817993164,-7.88783073425293,-64.33313751220703,-43.913875579833984,-107.3136215209961,11.502567291259766,74.16018676757812,112.43008422851562,-57.3746223449707,135.67144775390625,58.00534439086914,166.7056884765625,79.50238800048828,
fold_B,60,1014750,0.8732413649559021,,-123.3310775756836,-151.58868408203125,-32.316280364990234,-119.7319564819336,166.03668212890625,-59.17949295043945,-15.560242652893066,-76.3560562133789,-43.23382568359375,-95.5424575805664,4.861574649810791,83.97264099121094,119.44259643554688,-65.45702362060547,141.81874084472656,64.8357162475586,-56.581703186035156,-97.40241241455078,
fold_B,60,1024500,0.9120521545410156,,-118.4345703125,-146.51437377929688,-52.189937591552734,-84.92549133300781,164.15505981445312,-49.16135025024414,-26.715408325195312,-81.48748016357422,5.661137104034424,-136.90573120117188,11.75192928314209,73.34286499023438,108.3045654296875,-70.03520202636719,134.38600158691406,54.53620147705078,-56.66981506347656,-99.04853057861328,
fold_B,61,1014500,0.892284095287323,,-130.9363555908203,-128.66661071777344,-25.451045989990234,-149.3760528564453,165.5492706298828,-54.37674331665039,-30.452123641967773,-75.18575286865234,-25.708404541015625,-111.2440414428711,2.9823031425476074,90.53479766845703,104.98440551757812,-60.82339859008789,108.3535385131836,58.938682556152344,17.249156951904297,177.74752807617188,
fold_B,61,1019000,0.8654793500900269,,-125.38875579833984,-132.7681427001953,-15.182263374328613,-172.08831787109375,170.68414306640625,-77.29499053955078,-14.326017379760742,-76.92945098876953,-15.717439651489258,-123.87958526611328,9.468259811401367,66.58866119384766,112.0071792602539,-70.21571350097656,133.62037658691406,69.94403839111328,-25.36171531677246,-161.15505981445312,
fold_B,61,1043500,0.8882246017456055,,-126.75914001464844,-138.73141479492188,-42.887638092041016,-113.09513854980469,176.2117156982422,-49.62344741821289,-40.69110107421875,-66.07196807861328,-18.701581954956055,-125.32977294921875,7.914589881896973,84.3515853881836,90.2872314453125,-53.53041076660156,149.13848876953125,60.08394241333008,-56.458343505859375,-149.38983154296875,
fold_B,61,1048500,0.8887150883674622,,-139.3492431640625,-107.75515747070312,-34.96981430053711,-137.73406982421875,175.43524169921875,-52.660987854003906,-33.655235290527344,-73.2757797241211,-26.453571319580078,-113.28812408447266,-5.776388645172119,84.7180404663086,115.34024047851562,-58.36709213256836,137.33273315429688,80.18937683105469,-46.05921936035156,177.232666015625,
fold_B,61,1093250,0.8975003361701965,,168.45233154296875,-142.10247802734375,-8.031454086303711,-148.3135528564453,157.70985412597656,-54.27287292480469,-25.48097801208496,-63.164546966552734,-33.752315521240234,-122.20873260498047,-3.9998157024383545,92.98159790039062,104.49250030517578,-61.733150482177734,136.07374572753906,50.30326843261719,50.91386795043945,-150.70640563964844,
fold_B,63,1353250,0.8836307525634766,,-133.65126037597656,-115.83848571777344,-42.07071304321289,-74.97016906738281,140.8340606689453,-47.64414978027344,-25.368820190429688,-83.44676971435547,-7.933192729949951,-111.51768493652344,-4.225612163543701,106.99151611328125,113.98273468017578,-70.178466796875,115.85958862304688,49.7626838684082,38.87270736694336,-129.71328735351562,
fold_B,63,1362250,0.9418601989746094,,-144.97640991210938,-91.1041259765625,-26.221345901489258,-65.21276092529297,132.97177124023438,-54.86256790161133,-31.12089729309082,-68.73239135742188,-31.24367332458496,-86.63750457763672,13.388184547424316,87.53746032714844,94.8377456665039,-64.47623443603516,121.15282440185547,68.02859497070312,22.974456787109375,-128.04177856445312,
fold_B,63,1413500,0.9449598789215088,,-94.664794921875,-134.50967407226562,-56.796104431152344,-63.65121078491211,138.8559112548828,-54.79628372192383,-30.429765701293945,-52.02608108520508,-38.353275299072266,-99.53108215332031,-1.4088361263275146,109.15225982666016,117.65457916259766,-55.35979461669922,113.75823211669922,53.70884323120117,10.155991554260254,-148.27935791015625,
